delta,predicted_zeros,measured_zeros,predicted_zero_count,measured_zero_count,nearest_predicted_zero,nearest_measured_zero,nearest_zeros_both_absent,nearest_zero_distance,nearest_zero_signed_bias,base_abs_error_at_nearest_measured_zero,restrike_abs_error_at_nearest_measured_zero,all_restrike_abs_error_at_nearest_measured_zero,column_median_abs_error_base,predicted_zeros_without_a_measured_one,measured_zeros_without_a_predicted_one
-0.3,0.055634639467804003,-0.0377828849476699,1,1,0.055634639467804003,-0.0377828849476699,False,0.09341752441547391,-0.09341752441547391,1.0186340659856796e-10,22869.30950039804,113630.13730082923,21863.30259600455,1,1
-0.2,0.037398612285930166,0.0025398758494485614,1,1,0.037398612285930166,0.0025398758494485614,False,0.0348587364364816,-0.0348587364364816,1.4551915228366852e-11,628.5823754755402,98834.43842487822,14943.718073825483,1,1
-0.15,0.02829115538415658,0.009418147086780787,1,1,0.02829115538415658,0.009418147086780787,False,0.018873008297375794,-0.018873008297375794,4.3655745685100555e-11,1289.9684754605842,69544.35678510141,8363.70276725461,1,1
-0.1,0.01920737866626107,0.01077826532773714,1,1,0.01920737866626107,0.01077826532773714,False,0.008429113338523931,-0.008429113338523931,4.3655745685100555e-11,653.9860453690053,36416.8844760301,2990.4617484581613,1,1
-0.05,0.01025172812323957,0.00781906344910761;0.06768111585119109,1,2,0.01025172812323957,0.00781906344910761,False,0.0024326646741319596,-0.0024326646741319596,1.3096723705530167e-10,119.44808670566272,10215.490246125784,912.2371334822819,0,1
-0.02,,,0,0,,,True,,,,,,1457.7421999869475,0,0
0.02,-0.003111423171175343;0.011218755349956689,-0.003307272077945643;0.011037080499659976,2,2,-0.003111423171175343,-0.003307272077945643,False,0.0001958489067703001,-0.0001958489067703001,2.1827872842550278e-11,8.296475963419653,1792.916869827739,1405.6865909300395,0,0
0.05,-0.008448664948868475;0.08742452588853301;0.17539185248178119,-0.009945280184604464;0.06270788853822035,3,2,-0.008448664948868475,-0.009945280184604464,False,0.0014966152357359895,-0.0014966152357359895,1.4551915228366852e-11,158.2741203331243,11370.76439618435,816.0120001594332,2,1
0.1,-0.017507970700929416,-0.024166345140307945,1,1,-0.017507970700929416,-0.024166345140307945,False,0.006658374439378528,-0.006658374439378528,5.820766091346741e-11,1585.2113217928854,45057.058802371685,2697.873403479505,1,1
0.15,-0.026608872353796206,-0.042681991206349155,1,1,-0.026608872353796206,-0.042681991206349155,False,0.01607311885255295,-0.01607311885255295,5.820766091346741e-11,6508.854471234605,95587.21832444097,9953.87948822626,1,1
0.2,-0.035722190789782296,-0.06659599538811553,1,1,-0.035722190789782296,-0.06659599538811553,False,0.030873804598333235,-0.030873804598333235,8.731149137020111e-11,18486.278804540547,149934.08019487938,17765.294217380142,1,1
0.3,-0.053962364132414106,,1,0,-0.053962364132414106,,False,,,,,,54251.161353659816,1,0
