delta,vol_move,exact_pnl,pnl_base,pnl_gamma_restrike,pnl_gamma_restrike_at_move,pnl_all_restrike,error_base,error_gamma_restrike,error_gamma_restrike_at_move,error_all_restrike,abs_error_base,abs_error_gamma_restrike,abs_error_all_restrike,removed_term,base_error_was_smaller_than_removed_term,restrike_improves,restrike_factor,value_at_risk
-0.3,-0.1,-108908.10506710375,-130698.08665127028,-70318.59146281966,-290403.51914217294,284.79746423899866,21789.981584166526,-38589.51360428409,181495.4140750692,-109192.90253134276,21789.981584166526,38589.51360428409,109192.90253134276,60379.495188450615,True,False,1.7709750444362367,108908.10506710375
-0.3,-0.06,-108798.01754054704,-116468.60274166137,-79131.42631893061,-272220.771542253,2870.8257730296427,7670.585201114329,-29666.59122161643,163422.75400170594,-111668.84331357668,7670.585201114329,29666.59122161643,111668.84331357668,37337.17642273076,True,False,3.8675786062980793,108798.01754054704
-0.3,-0.03,-108436.79220482895,-105796.48980945467,-87885.45300676594,-256197.53114467757,5854.613872679206,-2640.3023953742813,-20551.33919806301,147760.7389398486,-114291.40607750816,2640.3023953742813,20551.33919806301,114291.40607750816,17911.03680268873,True,False,7.78370660651153,108436.79220482895
-0.3,-0.01,-107968.98515151306,-98681.7478546502,-92951.8357309294,-245108.80437359912,7831.686555733282,-9287.237296862862,-15017.149420583664,137139.81922208605,-115800.67170724634,9287.237296862862,15017.149420583664,115800.67170724634,5729.912123720802,False,False,1.616966266777345,107968.98515151306
-0.3,0.0,-107651.27113910495,-95124.37687724797,-95124.37687724797,-239552.99329512616,8771.298014792621,-12526.894261856985,-12526.894261856985,131901.72215602122,-116422.56915389758,12526.894261856985,12526.894261856985,116422.56915389758,0.0,False,False,1.0,107651.27113910495
-0.3,0.01,-107272.02717109432,-91567.00589984574,-97038.0517751986,-234024.79399654828,9671.268872633706,-15705.02127124858,-10233.975395895715,126752.76682545396,-116943.29604372803,15705.02127124858,10233.975395895715,116943.29604372803,-5471.045875352866,False,True,0.651637155985978,107272.02717109432
-0.3,0.03,-106315.56654104582,-84452.26394504127,-100086.1154035704,-223130.8990584403,11349.552340370194,-21863.30259600455,-6229.451137475422,116815.33251739448,-117665.11888141601,21863.30259600455,6229.451137475422,117665.11888141601,-15633.851458529127,False,True,0.2849272707140702,106315.56654104582
-0.3,0.06,-104351.28914153426,-73780.15101283457,-102814.21052214687,-207404.1726358918,13597.379532511293,-30571.13812869969,-1537.0786193873937,103052.88349435753,-117948.66867404555,30571.13812869969,1537.0786193873937,117948.66867404555,-29034.059509312297,False,True,0.050278750268195255,104351.28914153426
-0.3,0.1,-100703.03615136558,-59550.66710322565,-103473.50299398135,-187868.4250195815,16279.042941807542,-41152.36904813993,2770.466842615773,87165.38886821593,-116982.07909317312,41152.36904813993,2770.466842615773,116982.07909317312,-43922.835890755705,True,True,0.06732217140099246,100703.03615136558
-0.3,0.15,-94531.02384597613,-41763.812216214494,-100530.93644280915,-165751.93542907288,19593.45889143519,-52767.21162976164,5999.912596833019,71220.91158309675,-114124.48273741132,52767.21162976164,5999.912596833019,114124.48273741132,-58767.12422659466,True,True,0.11370531835055242,94531.02384597613
-0.3,0.2,-86742.18016377723,-23976.95732920333,-94478.5207903807,-145724.6389099355,23360.744777957203,-62765.2228345739,7736.340626603473,58982.458746158256,-110102.92494173444,62765.2228345739,7736.340626603473,110102.92494173444,-70501.56346117737,True,True,0.12325839497126663,86742.18016377723
-0.2,-0.1,-107927.64236397216,-134563.6707995433,-107728.33960467635,-188537.85980419852,6488.597657677695,26636.028435571134,-199.30275929580966,80610.21744022636,-114416.24002164985,26636.028435571134,199.30275929580966,114416.24002164985,26835.331194866943,True,True,0.007482450312661869,107927.64236397216
-0.2,-0.06,-105390.46881610887,-120334.18688993435,-103739.88625760959,-167448.0844714831,4370.278742825703,14943.718073825483,-1650.5825584992854,62057.61565537423,-109760.74755893457,14943.718073825483,1650.5825584992854,109760.74755893457,16594.30063232477,True,True,0.11045327209366633,105390.46881610887
-0.2,-0.03,-102394.91005627986,-109662.07395772767,-101701.61315653268,-153609.57016206422,2331.2902075984257,7267.163901447813,-693.2968997471762,51214.660105784365,-104726.20026387829,7267.163901447813,693.2968997471762,104726.20026387829,7960.4608011949895,True,True,0.0954013022341567,102394.91005627986
-0.2,-0.01,-99875.00516153936,-102547.3320029232,-100000.70439238063,-145000.3574758567,1251.5537758700236,2672.3268413838377,125.69923084127367,45125.35231431734,-101126.55893740938,2672.3268413838377,125.69923084127367,101126.55893740938,2546.627610542564,False,True,0.047037371662285735,99875.00516153936
-0.2,0.0,-98461.42589560557,-98989.96102552097,-98989.96102552097,-140861.44508842684,838.0301704499652,528.535129915399,528.535129915399,42400.01919282127,-99299.45606605554,528.535129915399,528.535129915399,99299.45606605554,0.0,False,False,1.0,98461.42589560557
-0.2,0.01,-96948.25258867355,-95432.59004811874,-97864.16599272002,-136825.91592601096,520.487071348793,-1515.6625405548111,915.9134040464705,39877.663337337406,-97468.73966002234,1515.6625405548111,915.9134040464705,97468.73966002234,-2431.5759446012817,True,True,0.6042990306478108,96948.25258867355
-0.2,0.03,-93634.51975773022,-88317.84809331427,-95266.22651932722,-129040.28839903903,196.69963466710942,-5316.671664415946,1631.7067615970009,35405.76864130881,-93831.21939239732,5316.671664415946,1631.7067615970009,93831.21939239732,-6948.378426012947,True,True,0.30690380459599986,93634.51975773022
-0.2,0.06,-87996.59295969593,-77645.73516110759,-90549.76160969082,-117969.7016392292,536.1087711037926,-10350.857798588346,2553.1686499948846,29973.108679533267,-88532.70173079973,10350.857798588346,2553.1686499948846,88532.70173079973,-12904.02644858323,True,True,0.24666251818695517,87996.59295969593
-0.2,0.1,-79391.1980338219,-63416.25125149865,-82937.51164739009,-104040.90891352828,2536.702329683747,-15974.946782323248,3546.3136135681852,24649.710879706385,-81927.90036350564,15974.946782323248,3546.3136135681852,81927.90036350564,-19521.260395891433,True,True,0.22199220203301626,79391.1980338219
-0.2,0.15,-67214.13114331689,-45629.3963644875,-71748.11824297401,-87423.49015323943,7315.13911099892,-21584.734778829392,4533.987099657126,20209.35900992254,-74529.27025431581,21584.734778829392,4533.987099657126,74529.27025431581,-26118.721878486518,True,True,0.21005526109610223,67214.13114331689
-0.2,0.2,-53823.38043245377,-27842.541477476334,-59176.56968244407,-71212.22784427776,14207.197795190332,-25980.838954977437,5353.189249990297,17388.84741182399,-68030.5782276441,25980.838954977437,5353.189249990297,68030.5782276441,-31334.028204967733,True,True,0.20604374089947267,53823.38043245377
-0.15,-0.1,-103484.13448612057,-123156.3217084214,-108061.44791130873,-136750.35232474987,-4948.966206263607,19672.187222300825,4577.3134251881565,33266.217838629294,-98535.16827985697,19672.187222300825,4577.3134251881565,98535.16827985697,15094.873797112668,False,True,0.2326794358686874,103484.13448612057
-0.15,-0.06,-97926.55423387546,-108926.83779881248,-99592.54369312979,-123098.3180273158,-11614.3008036977,11000.283564937024,1665.9894592543278,25171.763793440346,-86312.25343017776,11000.283564937024,1665.9894592543278,86312.25343017776,9334.294105682697,False,True,0.1514496830394995,97926.55423387546
-0.15,-0.03,-92611.54570364673,-98254.72486660579,-93776.9656659336,-112708.32194759279,-14160.032840631899,5643.179162959059,1165.4199622868764,20096.776243946064,-78451.51286301482,5643.179162959059,1165.4199622868764,78451.51286301482,4477.7592006721825,False,True,0.2065183345473966,92611.54570364673
-0.15,-0.01,-88545.60733422064,-91139.98291180131,-89707.5048808711,-105919.31345777426,-14809.875465389503,2594.3755775806785,1161.8975466504635,17373.706123553624,-73735.73186883114,2594.3755775806785,1161.8975466504635,73735.73186883114,1432.478030930215,False,True,0.4478524839236895,88545.60733422064
-0.15,0.0,-86367.12040490618,-87582.61193439909,-87582.61193439909,-102574.97215913553,-14836.645703106875,1215.4915294929087,1215.4915294929087,16207.851754229356,-71530.4747017993,1215.4915294929087,1215.4915294929087,71530.4747017993,0.0,False,False,1.0,86367.12040490618
-0.15,0.01,-84097.78243557947,-84025.24095699686,-85393.00242583506,-99261.9941268456,-14673.28513690827,-72.54147858261422,1295.2199902555876,15164.21169126613,-69424.49729867121,72.54147858261422,1295.2199902555876,69424.49729867121,-1367.7614688382018,True,False,17.854888204139925,84097.78243557947
-0.15,0.03,-79306.15042088577,-76910.49900219239,-80818.96186682467,-92716.94495947743,-13806.640137419883,-2395.651418693378,1512.8114459389035,13410.794538591668,-65499.51028346588,2395.651418693378,1512.8114459389035,65499.51028346588,-3908.4628646322817,True,True,0.6314822908434701,79306.15042088577
-0.15,0.06,-71559.17843755687,-66238.38606998569,-73496.90094731376,-83044.26351732557,-11283.5408026924,-5320.792367571179,1937.722509756888,11485.085079768702,-60275.63763486447,5320.792367571179,1937.722509756888,60275.63763486447,-7258.514877328067,True,True,0.36417931313516266,71559.17843755687
-0.15,0.1,-60372.60492763138,-52008.90216037677,-62989.61113306568,-70274.63509294519,-6000.994112582226,-8363.70276725461,2617.0062054342998,9902.030165313809,-54371.61081504915,8363.70276725461,2617.0062054342998,54371.61081504915,-10980.70897268891,True,True,0.3129004315744393,60372.60492763138
-0.15,0.15,-45341.92246841142,-34222.04727336561,-48913.82833001427,-54313.3950441962,2975.6749659580382,-11119.87519504581,3571.9058616028487,8971.472575784777,-48317.59743436946,11119.87519504581,3571.9058616028487,48317.59743436946,-14691.781056648659,True,True,0.32121816108100065,45341.92246841142
-0.15,0.2,-29468.479703780336,-16435.19238635445,-34060.583251648786,-38223.40165142367,13855.267896795507,-13033.287317425886,4592.10354786845,8754.921947643335,-43323.74760057584,13033.287317425886,4592.10354786845,43323.74760057584,-17625.390865294336,True,True,0.3523365545489566,29468.479703780336
-0.1,-0.1,-91047.2523474545,-102855.54517379397,-96146.71237507722,-102021.74333905833,-31929.61067424817,11808.292826339472,5099.460027622714,10974.49099160383,-59117.64167320633,11808.292826339472,5099.460027622714,59117.64167320633,6708.832798716758,False,True,0.43185413019635693,91047.2523474545
-0.1,-0.06,-82583.20187141956,-88626.06126418503,-84477.48610610384,-89568.65997720417,-33645.59766811027,6042.859392765473,1894.2842346842808,6985.458105784608,-48937.60420330929,6042.859392765473,1894.2842346842808,48937.60420330929,4148.575158081192,False,True,0.3134748157390726,82583.20187141956
-0.1,-0.03,-75026.47409649847,-77953.94833197835,-75963.8331316796,-80040.15562351872,-32211.722291313494,2927.47423547988,937.359035181129,5013.68152702025,-42814.75180518498,2927.47423547988,937.359035181129,42814.75180518498,1990.115200298751,False,True,0.3201937779061186,75026.47409649847
-0.1,-0.01,-69511.72660917853,-70839.20637717388,-70202.54947453823,-73673.46916441392,-30085.126373318228,1327.479767995348,690.8228653597034,4161.742555235396,-39426.6002358603,1327.479767995348,690.8228653597034,39426.6002358603,636.6569026356447,False,True,0.5204018034888229,69511.72660917853
-0.1,0.0,-66632.29398537203,-67281.83539977165,-67281.83539977165,-70484.71604823889,-28714.175838435316,649.5414143996168,649.5414143996168,3852.4220628668554,-37918.118146936715,649.5414143996168,649.5414143996168,37918.118146936715,0.0,False,False,1.0,66632.29398537203
-0.1,0.01,-63680.22395989255,-63724.46442236942,-64332.358408519736,-67290.66528944064,-27159.030364229548,44.24046247686783,652.1344486271846,3610.4413295480917,-36521.193595663004,44.24046247686783,652.1344486271846,36521.193595663004,-607.8939861503168,True,False,14.740678829209086,63680.22395989255
-0.1,0.03,-57581.908580556395,-56609.72246756495,-58346.81707406818,-60881.830276948225,-23556.67421706315,-972.1861129914469,764.9084935117862,3299.9216963918298,-34025.23436349325,972.1861129914469,764.9084935117862,34025.23436349325,-1737.094606503233,True,True,0.7867922440880574,57581.908580556395
-0.1,0.06,-48026.453179492484,-45937.60953535826,-49163.616147504064,-51203.56796955718,-17128.05277987585,-2088.8436441342274,1137.1629680115802,3177.1147900646974,-30898.400399616636,2088.8436441342274,1137.1629680115802,30898.400399616636,-3226.0066121458076,True,True,0.5443983187563592,48026.453179492484
-0.1,0.1,-34698.58737420749,-31708.12562574933,-36588.44072472219,-38160.988805556386,-7114.690811744353,-2990.4617484581613,1889.8533505146988,3462.401431348895,-27583.89656246314,2990.4617484581613,1889.8533505146988,27583.89656246314,-4880.31509897286,True,True,0.6319603825359343,34698.58737420749
-0.1,0.15,-17366.11983420886,-13921.270738738174,-20450.951208359802,-21638.823610293657,6986.123371338894,-3444.8490954706867,3084.831374150941,4272.703776084796,-24352.243205547755,3444.8490954706867,3084.831374150941,24352.243205547755,-6529.680469621628,True,True,0.8954910037153443,17366.11983420886
-0.1,0.2,475.42331875895616,3865.5841482729884,-3967.922902968945,-4904.093040657797,22218.121222367627,-3390.1608295140322,4443.346221727901,5379.516359416753,-21742.69790360867,3390.1608295140322,4443.346221727901,21742.69790360867,-7833.507051241933,True,False,1.3106594185871823,475.42331875895616
-0.05,-0.1,-67325.1688944029,-73661.34119566093,-71984.13299598175,-72479.8599662708,-45255.28311049282,6336.172301258033,4658.964101578851,5154.691071867899,-22069.885783910082,6336.172301258033,4658.964101578851,22069.885783910082,1677.2081996791821,False,True,0.7352963082544053,67325.1688944029
-0.05,-0.06,-56966.3457083067,-59431.857286052,-58394.7134965317,-58738.34019627527,-41780.20080502337,2465.511577745303,1428.367788225005,1771.9944879685718,-15186.144903283326,2465.511577745303,1428.367788225005,15186.144903283326,1037.143789520298,False,True,0.5793393148578274,56966.3457083067
-0.05,-0.03,-47847.507220363026,-48759.74435384531,-48262.21555377063,-48527.92953896367,-35551.73608539085,912.2371334822819,414.70833340760146,680.422318600642,-12295.77113497218,912.2371334822819,414.70833340760146,12295.77113497218,497.5288000746805,False,True,0.4546058455486631,47847.507220363026
-0.05,-0.01,-41331.96901865267,-41645.00239904084,-41485.838173381926,-41712.69308088838,-30295.062791236753,313.0333803881658,153.86915472925466,380.7240622357058,-11036.906227415919,313.0333803881658,153.86915472925466,11036.906227415919,159.16422565891116,False,True,0.4915423222228081,41331.96901865267
-0.05,0.0,-37972.87314283736,-38087.63142163861,-38087.63142163861,-38298.21382840139,-27425.805461306387,114.75827880125144,114.75827880125144,325.3406855640351,-10547.06768153097,114.75827880125144,114.75827880125144,10547.06768153097,0.0,False,False,1.0,37972.87314283736
-0.05,0.01,-34556.451979803576,-34530.26044423638,-34682.233940773964,-34878.32105484228,-24426.32521406933,-26.191535567195388,125.78196097038744,321.86907503870316,-10130.126765734247,26.191535567195388,125.78196097038744,10130.126765734247,-151.97349653758283,True,False,4.802389712802023,34556.451979803576
-0.05,0.03,-27576.505488498122,-27415.518489431914,-27849.79214105773,-28021.36693381936,-18108.100595569478,-160.98699906620823,273.2866525596073,444.86144532123944,-9468.404892928644,160.98699906620823,273.2866525596073,9468.404892928644,-434.27365162581555,True,False,1.6975697052854202,27576.505488498122
-0.05,0.06,-16812.66239048254,-16743.40555722522,-17549.907210261677,-17693.324068612397,-8035.4470644294925,-69.25683325732098,737.2448197791382,880.661678129858,-8777.215326053047,69.25683325732098,737.2448197791382,8777.215326053047,-806.5016530364592,True,False,10.645084175881024,16812.66239048254
-0.05,0.1,-2062.683988945224,-2513.921647616291,-3734.0004223595097,-3850.7828072352568,6118.93836351201,451.23765867106704,1671.3164334142857,1788.0988182900328,-8181.622352457234,451.23765867106704,1671.3164334142857,8181.622352457234,-1220.0787747432187,True,False,3.7038496262400917,2062.683988945224
-0.05,0.15,16802.38155102257,15272.933239394864,13640.513121989454,13546.263856991114,24478.321338837573,1529.4483116277042,3161.868429033115,3256.1176940314544,-7675.939787815005,1529.4483116277042,3161.868429033115,7675.939787815005,-1632.4201174054106,True,False,2.067326110333287,16802.38155102257
-0.05,0.2,35970.04354431397,33059.78812640603,31101.411363595544,31022.61429853875,43216.387385873844,2910.2554179079452,4868.632180718429,4947.4292457752235,-7246.343841559872,2910.2554179079452,4868.632180718429,7246.343841559872,-1958.3767628104833,False,False,1.6729226413461242,35970.04354431397
-0.02,-0.1,-47157.912347968144,-51875.97363589843,-51607.620323949755,-51630.64347709773,-37607.77006076463,4718.061287930286,4449.7079759816115,4472.731129129585,-9550.142287203511,4718.061287930286,4449.7079759816115,9550.142287203511,268.3533119486747,False,True,0.9431221225050267,47157.912347968144
-0.02,-0.06,-36188.747526302555,-37646.4897262895,-37480.54671996625,-37490.427369815414,-32261.95779663781,1457.7421999869475,1291.7991936636972,1301.6798435128585,-3926.789729664746,1457.7421999869475,1291.7991936636972,3926.789729664746,165.9430063232503,False,True,0.8861643668374722,36188.747526302555
-0.02,-0.03,-26604.33668688612,-26974.376794082804,-26894.772186070855,-26901.755050557167,-24302.41976384633,370.0401071966844,290.4354991847358,297.4183636710477,-2301.9169230397893,370.0401071966844,290.4354991847358,2301.9169230397893,79.60460801194859,False,True,0.7848757297823477,26604.33668688612
-0.02,-0.01,-19794.24154664077,-19859.63483927834,-19834.168563172916,-19840.27766437015,-17941.32216586279,65.393292637571,39.92701653214681,46.03611772938166,-1852.9193807779775,65.393292637571,39.92701653214681,1852.9193807779775,25.466276105424186,False,True,0.6105674591648744,19794.24154664077
-0.02,0.0,-16293.752055705525,-16302.26386187611,-16302.26386187611,-16308.078182153598,-14549.017426224988,8.51180617058526,8.51180617058526,14.32612644807341,-1744.7346294805375,8.51180617058526,8.51180617058526,1744.7346294805375,0.0,False,False,1.0,16293.752055705525
-0.02,0.01,-12739.92273456452,-12744.892884473878,-12769.208643919892,-12774.785390248302,-11047.770061519084,4.970149909358952,29.285909355372496,34.86265568378258,-1692.1526730454352,4.970149909358952,29.285909355372496,1692.1526730454352,-24.315759446013544,True,False,5.892359363291274,12739.92273456452
-0.02,0.03,-5496.7539661120245,-5630.150929669415,-5699.634713929545,-5704.845114754489,-3789.7907715057154,133.39696355739034,202.8807478175204,208.09114864246476,-1706.9631946063091,133.39696355739034,202.8807478175204,1706.9631946063091,-69.48378426013005,False,False,1.52087980421111,5496.7539661120245
-0.02,0.06,5635.354480462702,5041.962002537281,4912.921738051449,4908.114911583361,7544.27660787366,593.3924779254212,722.4327424112525,727.2395688793404,-1908.9221274109586,593.3924779254212,722.4327424112525,1908.9221274109586,-129.04026448583136,False,False,1.2174619148139074,5635.354480462702
-0.02,0.1,20834.639188498317,19271.445912146206,19076.233308187293,19071.843358718026,23149.120667964085,1563.1932763521108,1758.4058803110238,1762.7958297802907,-2314.4814794657686,1563.1932763521108,1758.4058803110238,2314.4814794657686,-195.21260395891295,False,False,1.124880657377483,20834.639188498317
-0.02,0.15,40209.60995952158,37058.30079915736,36797.1135803725,36793.15336203897,43041.5986188105,3151.309160364217,3412.496379149081,3416.456597482611,-2831.9886592889234,3151.309160364217,3412.496379149081,2831.9886592889234,-261.18721878486394,False,False,1.08288213104254,40209.60995952158
-0.02,0.2,59844.89832584768,54845.155686168524,54531.815404118846,54528.2206624683,63091.802529738765,4999.742639679156,5313.082921728834,5316.677663379378,-3246.9042038910848,4999.742639679156,5313.082921728834,3246.9042038910848,-313.3402820496776,False,False,1.062671282230196,59844.89832584768
0.02,-0.1,-13330.279424372347,-17848.497521185316,-17580.144209236645,-17573.024686483677,-4456.873704595346,4518.218096812969,4249.864784864298,4242.74526211133,-8873.405719777002,4518.218096812969,4249.864784864298,8873.405719777002,268.35331194867103,False,True,0.9406063837117645,13330.279424372347
0.02,-0.06,-2213.3270206463494,-3619.013611576389,-3453.0706052531386,-3459.657440822233,1673.228060363399,1405.6865909300395,1239.7435846067892,1246.3304201758838,-3886.5550810097484,1405.6865909300395,1239.7435846067892,3886.5550810097484,165.9430063232503,False,True,0.8819487875932159,2213.3270206463494
0.02,-0.03,7388.417683389707,7053.0993206303065,7132.703928642259,7126.545366390303,9702.287378696456,335.31836275940077,255.71375474744855,261.8723169994046,-2313.8696953067483,335.31836275940077,255.71375474744855,2313.8696953067483,79.60460801195222,False,True,0.7625999144309598,7388.417683389707
0.02,-0.01,14207.546007897035,14167.84127543477,14193.307551540198,14188.490649164607,16076.120824429307,39.70473246226538,14.23845635683756,19.05535873242843,-1868.5748165322711,39.70473246226538,14.23845635683756,1868.5748165322711,25.466276105427823,False,True,0.358608545476777,14207.546007897035
0.02,0.0,17715.315896508546,17725.212252837002,17725.212252837002,17721.097816558227,19481.844345727895,-9.896356328456022,-9.896356328456022,-5.781920049681503,-1766.5284492193496,9.896356328456022,9.896356328456022,1766.5284492193496,0.0,False,False,1.0,17715.315896508546
0.02,0.01,21278.98229557718,21282.583230239234,21258.267470793224,21254.82767963231,23004.228644497576,-3.6009346620521683,20.714824783957738,24.154615944869875,-1725.2463489203947,3.6009346620521683,20.714824783957738,1725.2463489203947,-24.315759446009906,True,False,5.752624451161906,21278.98229557718
0.02,0.03,28550.442583716314,28397.325185043697,28327.84140078357,28325.609387486846,30330.857939910686,153.11739867261713,222.60118293274354,224.83319622946874,-1780.4153561943713,153.11739867261713,222.60118293274354,1780.4153561943713,-69.48378426012641,False,False,1.4537941792538602,28550.442583716314
0.02,0.06,39747.26210863101,39069.43811725039,38940.39785276457,38939.576955932294,41833.804994875085,677.8239913806174,806.8642558664433,807.6851526987157,-2086.542886244075,677.8239913806174,806.8642558664433,2086.542886244075,-129.0402644858259,False,False,1.1903742949891636,39747.26210863101
0.02,0.1,55071.25728208646,53298.92202685932,53103.70942290041,53104.133301303475,57768.56367968224,1772.335255227139,1967.547859186052,1967.1239807829843,-2697.3063975957775,1772.335255227139,1967.547859186052,2697.3063975957775,-195.21260395891295,False,False,1.1101442875342988,55071.25728208646
0.02,0.15,74652.73191403561,71085.77691387048,70824.58969508561,70825.88665057768,78195.49404271223,3566.955000165137,3828.142218950001,3826.84526345793,-3542.7621286766225,3566.955000165137,3828.142218950001,3542.7621286766225,-261.18721878486394,False,False,1.0732241418164155,74652.73191403561
0.02,0.2,94537.15115238207,88872.63180088165,88559.29151883196,88561.02449623223,98869.09629271273,5664.519351500421,5977.859633550106,5976.126656149834,-4331.945140330659,5664.519351500421,5977.859633550106,4331.945140330659,-313.3402820496849,False,False,1.0553163053396026,94537.15115238207
0.05,-0.1,17031.11569637888,11407.349091121876,13084.557290801058,12944.45590900677,38719.61742898963,5623.766605257006,3946.5584055778236,4086.659787372111,-21688.501732610748,5623.766605257006,3946.5584055778236,21688.501732610748,1677.2081996791821,False,True,0.7017642591868313,17031.11569637888
0.05,-0.06,27685.34356323669,25636.833000730803,26673.9767902511,26383.4736071293,43151.22367095264,2048.510562505886,1011.3667729855879,1301.8699561073881,-15465.880107715951,2048.510562505886,1011.3667729855879,15465.880107715951,1037.143789520298,False,True,0.4937083515685714,27685.34356323669
0.05,-0.03,36866.504820886665,36308.945932937495,36806.474733012175,36567.60681545678,49481.30669011207,557.5588879491697,60.030087874489254,298.89800542988814,-12614.801869225405,557.5588879491697,60.030087874489254,12614.801869225405,497.5288000746805,False,True,0.10766591506646728,36866.504820886665
0.05,-0.01,43424.80110001056,43423.687887741966,43582.85211340088,43389.79153648931,54798.36997703581,1.1132122685958166,-158.05101339031535,35.00956352124922,-11373.568877025245,1.1132122685958166,158.05101339031535,11373.568877025245,159.16422565891116,True,False,141.97742681157987,43424.80110001056
0.05,0.0,46812.38266879039,46981.058865144194,46981.058865144194,46809.77476322134,57720.36181300567,-168.67619635380106,-168.67619635380106,2.6079055690497626,-10907.979144215278,168.67619635380106,168.67619635380106,10907.979144215278,0.0,False,False,1.0,46812.38266879039
0.05,0.01,50263.42950271208,50538.42984254642,50386.45634600884,50235.48818693186,60792.00573975302,-275.0003398343397,-123.02684329675685,27.941315780219156,-10528.576237040936,275.0003398343397,123.02684329675685,10528.576237040936,-151.97349653758283,False,True,0.4473697864186941,50263.42950271208
0.05,0.03,57332.905706369595,57653.17179735089,57218.89814572508,57103.54956059328,67316.94521999173,-320.2660909812985,114.00756064451707,229.3561457763135,-9984.039513622134,320.2660909812985,114.00756064451707,9984.039513622134,-434.27365162581555,True,True,0.3559776194076519,57332.905706369595
0.05,0.06,68282.975098598,68325.28472955758,67518.78307652113,67444.76245435103,77851.11185677687,-42.30963095957122,764.1920220768807,838.2126442469744,-9568.136758178865,42.30963095957122,764.1920220768807,9568.136758178865,-806.5016530364519,True,False,18.061892877465674,68282.975098598
0.05,0.1,83370.78063932595,82554.76863916652,81334.6898644233,81297.87482394496,92860.22012677675,816.0120001594332,2036.090774902652,2072.905815380989,-9489.4394874508,816.0120001594332,2036.090774902652,9489.4394874508,-1220.0787747432187,True,False,2.495172588766879,83370.78063932595
0.05,0.15,102776.57497379273,100341.62352617766,98709.20340877226,98700.08810134942,112569.83517109446,2434.9514476150653,4067.3715650204686,4076.4868724433036,-9793.26019730173,2434.9514476150653,4067.3715650204686,9793.26019730173,-1632.4201174054033,False,False,1.6704117730989223,102776.57497379273
0.05,0.2,122585.29008448673,118128.47841318883,116170.10165037835,116176.53118683974,132866.89555146467,4456.811671297895,6415.188434108379,6408.758897646985,-10281.60546697794,4456.811671297895,6415.188434108379,10281.60546697794,-1958.3767628104833,False,False,1.4394120522126914,122585.29008448673
0.1,-0.1,76018.32455346482,67281.83539977163,73990.66819848839,69020.94983324746,139777.22446389945,8736.489153693183,2027.656354976425,6997.3747202173545,-63758.89991043463,8736.489153693183,2027.656354976425,63758.89991043463,6708.832798716758,False,True,0.2320905250731379,76018.32455346482
0.1,-0.06,84811.90526296153,81511.31930938057,85659.89446746177,81141.25182745027,137232.47751926363,3300.5859535809577,-847.9892045002343,3670.653435511267,-52420.5722563021,3300.5859535809577,847.9892045002343,52420.5722563021,4148.575158081192,True,True,0.25692080631325837,84811.90526296153
0.1,-0.03,92628.50353324933,92183.43224158726,94173.54744188601,90662.84729261462,138727.14054525516,445.0712916620687,-1545.0439086366823,1965.6562406347075,-46098.63701200583,445.0712916620687,1545.0439086366823,46098.63701200583,1990.115200298751,True,False,3.4714526359740923,92628.50353324933
0.1,-0.01,98353.52079527608,99298.17419639173,99934.83109902737,97068.31844808963,141110.82218015078,-944.6534011156473,-1581.310303751292,1285.2023471864522,-42757.30138487469,944.6534011156473,1581.310303751292,42757.30138487469,636.6569026356447,False,False,1.673958196608137,98353.52079527608
0.1,0.0,101353.0493503794,102855.54517379396,102855.54517379396,100279.90976489676,142669.41930288385,-1502.4958234145597,-1502.4958234145597,1073.1395854826405,-41316.36995250445,1502.4958234145597,1502.4958234145597,41316.36995250445,0.0,False,False,1.0,101353.0493503794
0.1,0.01,104436.06301001694,106412.91615119619,105805.02216504587,103496.65374405391,144449.7962303094,-1976.85314117925,-1368.9591550289333,939.409265963026,-40013.73322029247,1976.85314117925,1368.9591550289333,40013.73322029247,-607.8939861503168,False,True,0.6924941092044448,104436.06301001694
0.1,0.03,110829.78470252115,113527.65810600066,111790.56349949742,109946.46957055495,148609.43601856788,-2697.873403479505,-960.7787969762721,883.3151319661993,-37779.65131604673,2697.873403479505,960.7787969762721,37779.65131604673,-1737.094606503233,False,True,0.35612449262338813,110829.78470252115
0.1,0.06,120911.05725746836,124199.77103820734,120973.76442606153,119669.11083391283,156115.80124694709,-3288.713780738981,-62.707168593173265,1241.9464235555351,-35204.743989478724,3288.713780738981,62.707168593173265,35204.743989478724,-3226.0066121458076,False,True,0.019067384021203216,120911.05725746836
0.1,0.1,135081.12326585385,138429.25494781628,133548.9398488434,132738.90970694995,167942.41205591368,-3348.1316819624335,1532.1834170104412,2342.2135589038953,-32861.28879005983,3348.1316819624335,1532.1834170104412,32861.28879005983,-4880.315098972875,True,True,0.45762340390160094,135081.12326585385
0.1,0.15,153654.7564403647,156216.10983482742,149686.4293652058,149258.518877369,184766.23340293713,-2561.353394462727,3968.327075158886,4396.237562995695,-31111.47696257243,2561.353394462727,3968.327075158886,31111.47696257243,-6529.680469621613,True,False,1.549308691154384,153654.7564403647
0.1,0.2,172899.54756515496,174002.9647218386,166169.45767059666,165968.18195260537,203076.85130413814,-1103.4171566836303,6730.089894558303,6931.365612549591,-30177.303738983173,1103.4171566836303,6730.089894558303,30177.303738983173,-7833.507051241933,True,False,6.099315978361157,172899.54756515496
0.15,-0.1,143022.92517580022,132049.74915192695,147144.62294903962,120007.07367321482,256727.93521109523,10973.176023873268,-4121.697773239401,23015.8515025854,-113705.01003529501,10973.176023873268,4121.697773239401,113705.01003529501,15094.873797112668,True,True,0.3756157528387611,143022.92517580022
0.15,-0.06,149126.489625333,146279.23306153587,155613.52716721856,135186.8164659664,249715.22555243154,2847.2565637971275,-6487.037541885569,13939.67315936659,-100588.73592709855,2847.2565637971275,6487.037541885569,100588.73592709855,9334.294105682697,True,False,2.2783466809307824,149126.489625333
0.15,-0.03,155107.98852725682,156951.34599374258,161429.10519441476,145807.46459892375,247311.59554474312,-1843.3574664857588,-6321.116667157941,9300.523928333074,-92203.6070174863,1843.3574664857588,6321.116667157941,92203.6070174863,4477.7592006721825,True,False,3.429132320823665,155107.98852725682
0.15,-0.01,159707.13712317502,164066.08794854704,165498.56597947725,152632.84100233013,247050.0408462946,-4358.950825372012,-5791.428856302227,7074.296120844898,-87342.90372311958,4358.950825372012,5791.428856302227,87342.90372311958,1432.478030930215,False,False,1.328629087208838,159707.13712317502
0.15,0.0,162175.77960602415,167623.45892594926,167623.45892594926,155979.5567598337,247301.23401491874,-5447.6793199251115,-5447.6793199251115,6196.222846190445,-85125.45440889458,5447.6793199251115,5447.6793199251115,85125.45440889458,0.0,False,False,1.0,162175.77960602415
0.15,0.01,164750.03044211067,171180.8299033515,169813.0684345133,159287.82205312175,247795.01444213584,-6430.799461240822,-5063.03799240262,5462.208388988918,-83044.98400002517,6430.799461240822,5063.03799240262,83044.98400002517,-1367.7614688382018,False,True,0.7873108192718713,164750.03044211067
0.15,0.03,170193.328311435,178295.57185815595,174387.10899352367,165807.378916294,249468.96243221298,-8102.243546720943,-4193.780682088662,4385.949395141011,-79275.63412077798,8102.243546720943,4193.780682088662,79275.63412077798,-3908.4628646322817,False,True,0.5176073340557537,170193.328311435
0.15,0.06,179013.8053021364,188967.68479036266,181709.1699130346,175412.47035265935,253529.3458545661,-9953.87948822626,-2695.364610898192,3601.334949477052,-74515.54055242971,9953.87948822626,2695.364610898192,74515.54055242971,-7258.514877328067,False,True,0.27078533692178497,179013.8053021364
0.15,0.1,191787.61804974434,203197.16869997157,192216.45972728266,188055.77813676116,261368.7189606588,-11409.550650227233,-428.841677538323,3731.8399129831814,-69581.10091091445,11409.550650227233,428.841677538323,69581.10091091445,-10980.70897268891,False,True,0.03758620218139635,191787.61804974434
0.15,0.15,209006.3240965819,220984.02358698274,206292.2425303341,203828.9976957159,274171.61129778303,-11977.699490400846,2714.081566247798,5177.326400866004,-65165.287201201136,11977.699490400846,2714.081566247798,65165.287201201136,-14691.781056648644,True,True,0.22659456170384923,209006.3240965819
0.15,0.2,227242.79085923947,238770.87847399391,221145.4876086996,219722.045556274,289390.26812556956,-11528.087614754448,6097.303250539873,7520.745302965457,-62147.4772663301,11528.087614754448,6097.303250539873,62147.4772663301,-17625.39086529432,True,True,0.5289084759154781,227242.79085923947
0.2,-0.1,214795.4498812622,205711.09034758792,232546.4215424549,158530.00654877783,369326.6726838588,9084.359533674287,-17750.971661192685,56265.44333248437,-154531.22280259657,9084.359533674287,17750.971661192685,154531.22280259657,26835.331194866973,True,False,1.9540146551215454,214795.4498812622
0.2,-0.06,218334.2046491793,219940.57425719683,236534.87488952163,182174.13280191,366983.55324985203,-1606.3696080175287,-18200.670240342326,36160.07184726931,-148649.34860067273,1606.3696080175287,18200.670240342326,148649.34860067273,16594.300632324797,True,False,11.330312867911108,218334.2046491793
0.2,-0.03,222460.5198675756,230612.68718940354,238573.14799059855,196617.0612267455,364679.3979902028,-8152.167321827932,-16112.628123022936,25843.458640830097,-142218.8781226272,8152.167321827932,16112.628123022936,142218.8781226272,7960.460801195004,False,False,1.9764839811224653,222460.5198675756
0.2,-0.01,225879.82938103017,237727.429144208,240274.05675475058,205274.2418865813,363649.87378063897,-11847.59976317783,-14394.227373720409,20605.587494448875,-137770.0443996088,11847.59976317783,14394.227373720409,137770.0443996088,2546.6276105425786,False,False,1.214948821824439,225879.82938103017
0.2,0.0,227780.01556306385,241284.80012161023,241284.80012161023,209371.30005703116,363352.36761767074,-13504.78455854638,-13504.78455854638,18408.71550603269,-135572.3520546069,13504.78455854638,13504.78455854638,135572.3520546069,0.0,False,False,1.0,227780.01556306385
0.2,0.01,229801.76336112415,244842.17109901246,242410.5951544112,213333.69905654757,363215.05174233596,-15040.407737888308,-12608.831793287041,16468.064304576576,-133413.2883812118,15040.407737888308,12608.831793287041,133413.2883812118,-2431.575944601267,False,True,0.8383304504121999,229801.76336112415
0.2,0.03,234191.61883643677,251956.9130538169,245008.53462780398,220906.44782918392,363445.2519374612,-17765.294217380142,-10816.91579136721,13285.171007252851,-129253.63310102443,17765.294217380142,10816.91579136721,129253.63310102443,-6948.378426012932,False,True,0.6088790683120128,234191.61883643677
0.2,0.06,241568.9726645532,262629.0259860236,249724.9995374404,231561.03839283166,365078.9343199428,-21060.05332147039,-8156.026872887189,10007.934271721548,-123509.96165538958,21060.05332147039,8156.026872887189,123509.96165538958,-12904.026448583201,False,True,0.38727474942203727,241568.9726645532
0.2,0.1,252677.75540635624,276858.50989563257,257337.24949974113,244869.43941644728,369570.1084948487,-24180.754489276325,-4659.494093384885,7808.315989908966,-116892.35308849247,24180.754489276325,4659.494093384885,116892.35308849247,-19521.26039589144,False,True,0.19269432206721573,252677.75540635624
0.2,0.15,268201.8900640858,294645.3647826437,268526.64290415717,260721.35492549802,378453.7484719197,-26443.474718557904,-324.7528400713927,7480.535138587758,-110251.8584078339,26443.474718557904,324.7528400713927,110251.8584078339,-26118.72187848651,False,True,0.012281019931298315,268201.8900640858
0.2,0.2,285111.2807620799,312432.21966965485,281098.1914646871,276233.98595760204,390284.18815393385,-27320.93890757492,4013.089297392813,8877.29480447789,-105172.90739185392,27320.93890757492,4013.089297392813,105172.90739185392,-31334.028204967733,True,True,0.14688694671031807,285111.2807620799
0.3,-0.1,363487.90839971113,379714.0550694264,440093.550257877,225172.25957294216,589034.1611150795,-16226.146669715294,-76605.64185816585,138315.64882676897,-225546.2527153684,16226.146669715294,76605.64185816585,225546.2527153684,60379.49518845056,True,False,4.721123469267272,363487.90839971113
0.3,-0.06,364223.0002802182,393943.5389790354,431280.7154017661,255753.89969883094,598667.2716358864,-29720.538698817196,-67057.71512154792,108469.10058138726,-234444.2713556682,29720.538698817196,67057.71512154792,234444.2713556682,37337.17642273073,True,False,2.2562752243860458,364223.0002802182
0.3,-0.03,365696.9187401452,404615.65191124205,422526.6887139308,279026.82872488233,604430.4659097788,-38918.73317109683,-56829.76997378556,86670.09001526289,-238733.54716963362,38918.73317109683,56829.76997378556,238733.54716963362,17911.03680268873,False,False,1.460216336537656,365696.9187401452
0.3,-0.01,367228.60599980404,411730.3938660465,417460.30598976725,293432.00322854146,607226.3957094739,-44501.78786624246,-50231.69998996321,73796.60277126258,-239997.78970966983,44501.78786624246,50231.69998996321,239997.78970966983,5729.912123720744,False,False,1.1287568971597939,367228.60599980404
0.3,0.0,368169.8623610625,415287.76484344876,415287.76484344876,300234.8329231806,608374.2033563076,-47117.90248238627,-47117.90248238627,67935.0294378819,-240204.3409952451,47117.90248238627,47117.90248238627,240204.3409952451,0.0,False,False,1.0,368169.8623610625
0.3,0.01,369230.16491193377,418845.135820851,413374.0899454981,306764.800150459,609391.0648552781,-49614.970908917254,-44143.92503356433,62465.364761474775,-240160.89994334435,49614.970908917254,44143.92503356433,240160.89994334435,-5471.045875352924,False,True,0.8897299388646902,369230.16491193377
0.3,0.03,371708.71642199566,425959.8777756555,410326.02631712635,319017.38535538485,611135.7749888505,-54251.161353659816,-38617.30989513069,52691.331066610815,-239427.0585668548,54251.161353659816,38617.30989513069,239427.0585668548,-15633.851458529127,False,True,0.7118245753927173,371708.71642199566
0.3,0.06,376305.2534127237,436631.99070786213,407597.9311985498,335500.6364093867,613376.7040442638,-60326.73729513842,-31292.67778582609,40804.617003337014,-237071.4506315401,60326.73729513842,31292.67778582609,237071.4506315401,-29034.059509312327,False,True,0.5187198776014013,376305.2534127237
0.3,0.1,383974.60930124373,450861.4746174711,406938.63872671535,354462.83984526875,616432.4466783049,-66886.86531622737,-22964.029425471614,29511.76945597498,-232457.8373770612,66886.86531622737,22964.029425471614,232457.8373770612,-43922.835890755756,False,True,0.34332644110173793,383974.60930124373
0.3,0.15,395737.90489785536,468648.3295044822,409881.2052778875,374584.1025083052,621437.8506647538,-72910.42460662685,-14143.30038003216,21153.80238955014,-225699.94576689845,72910.42460662685,14143.30038003216,225699.94576689845,-58767.12422659469,False,True,0.19398186824914843,395737.90489785536
0.3,0.2,409501.82389963325,486435.1843914934,415933.620930316,392155.4614800053,628438.1061001982,-76933.36049186013,-6431.797030682734,17346.362419627956,-218936.28220056498,76933.36049186013,6431.797030682734,218936.28220056498,-70501.5634611774,False,True,0.0836021849242273,409501.82389963325
