delta,vol_move,spot_move_absolute,revalued_pnl,engine_pnl,error,relative_error,quadratic_term,error_over_quadratic,residual_after_quadratic,trapped_coefficient,segment_min_third_directional,segment_max_third_directional,coefficient_inside_segment_range,error_interval_low,error_interval_high,interval_excludes_zero,interval_width,interval_width_over_error,dominant_omitted_term,volatility_attribution,term_quadratic_vanna,term_quadratic_volga,term_cubic_speed,term_cubic_gamma_sigma,term_cubic_vanna_sigma,term_cubic_volga_sigma
-0.3,-0.1,-30.0,-108908.10506710375,-130698.08665127028,21789.981584166526,0.20007676720424641,3246.5878711844052,6.711656190663093,18543.39371298212,111260.36227789272,-1113301.2256485485,523835.52167442266,True,-182303.6164035737,90552.50815025484,False,272856.1245538285,12.522090645184239,cubic_gamma_sigma,-35573.70977402232,576.9847245604595,2669.6031466239456,31150.861709779394,56014.41867193468,-972.5917016870931,1113.23159904344
-0.3,-0.06,-30.0,-108798.01754054704,-116468.60274166137,7670.585201114329,0.07050298686054313,1307.247967520896,5.867735419517274,6363.337233593433,38180.0234015606,-777934.6449586825,387899.0275543574,True,-128348.52619225951,65957.08589324713,False,194305.61208550664,25.331263129347587,cubic_gamma_sigma,-21344.22586441339,346.19083473627575,961.0571327846202,31150.861709779394,33608.65120316081,-350.1330126073534,240.45802539338294
-0.3,-0.03,-30.0,-108436.79220482895,-105796.48980945467,-2640.3023953742813,-0.024348768915876343,413.3597005642929,-6.387420911544848,-3053.662095938574,-18321.972575631444,-603664.6255407347,287386.2678682928,True,-100197.41122289149,48311.07101194643,False,148508.48223483792,56.24677025442982,cubic_speed,-10672.112932206695,173.09541736813787,240.26428319615505,31150.861709779394,16804.325601580404,-87.53325315183835,30.057253174172867
-0.3,-0.01,-30.0,-107968.98515151306,-98681.7478546502,-9287.237296862862,-0.0860176400086568,84.39450392228541,-110.04552269677426,-9371.631800785148,-56229.79080471089,-512700.73610400537,220462.14534933024,True,-85365.7281800786,36828.08539547733,False,122193.81357555593,13.15717577463341,cubic_speed,-3557.370977402232,57.698472456045955,26.69603146623945,31150.861709779394,5601.441867193468,-9.72591701687093,1.1132315990434398
-0.3,0.0,-30.0,-107651.27113910495,-95124.37687724797,-12526.894261856985,-0.11636550250920835,0.0,,-12526.894261856985,-75161.36557114191,-473711.7249325038,186905.17025867637,True,-78951.9541554173,31150.861709779394,False,110102.8158651967,8.789314698731644,cubic_speed,0.0,-0.0,0.0,31150.861709779394,-0.0,-0.0,-0.0
-0.3,0.01,-30.0,-107272.02717109432,-91567.00589984574,-15705.02127124858,-0.14640369614904117,-31.002440989806505,506.57370096800884,-15674.018830258774,-94044.11298155264,-438765.80139668734,153231.48416382007,True,-73158.63600710436,25507.578252980205,False,98666.21426008457,6.2824629496500135,cubic_speed,3557.370977402232,-57.698472456045955,26.69603146623945,31150.861709779394,-5601.441867193468,-9.72591701687093,-1.1132315990434398
-0.3,0.03,-30.0,-106315.56654104582,-84452.26394504127,-21863.30259600455,-0.20564535662389258,67.16886582801718,-325.49756984113054,-21930.471461832567,-131582.8287709954,-380542.915324629,85373.67361123787,True,-63356.65035494348,14296.114467700994,False,77652.76482264447,3.5517399295765717,cubic_speed,10672.112932206695,-173.09541736813787,240.26428319615505,31150.861709779394,-16804.325601580404,-87.53325315183835,-30.057253174172867
-0.3,0.06,-30.0,-104351.28914153426,-73780.15101283457,-30571.13812869969,-0.29296368430327,614.8662980483444,-49.719976888855285,-31186.004426748037,-187116.02656048822,-322552.4861146045,-18290.283188292906,True,-53143.88138771908,-2433.5142333338063,True,50710.36715438526,1.6587660865258786,cubic_gamma_sigma,21344.22586441339,-346.19083473627575,961.0571327846202,31150.861709779394,-33608.65120316081,-350.1330126073534,-240.45802539338294
-0.3,0.1,-30.0,-100703.03615136558,-59550.66710322565,-41152.36904813993,-0.40865072812982794,2092.618422063486,-19.665491144611288,-43244.987470203414,-259469.92482122048,-307553.94376706146,-160477.621159544,True,-49166.37220578009,-24653.65177119385,True,24512.72043458624,0.5956575769893424,cubic_gamma_sigma,35573.70977402232,-576.9847245604595,2669.6031466239456,31150.861709779394,-56014.41867193468,-972.5917016870931,-1113.23159904344
-0.3,0.15,-30.0,-94531.02384597613,-41763.812216214494,-52767.21162976164,-0.5581999377869613,5141.129993063187,-10.263738069443736,-57908.341622824824,-347450.0497369489,-392249.1493719313,-109933.03769353553,True,-60233.728235592025,-13181.0429558594,True,47052.68527973263,0.8917030827756319,cubic_gamma_sigma,53360.56466103347,-865.4770868406894,6006.607079903876,31150.861709779394,-84021.62800790202,-2188.331328795959,-3757.156646771608
-0.3,0.2,-30.0,-86742.18016377723,-23976.95732920333,-62765.2228345739,-0.7235836442670379,9524.443137374863,-6.589909974713054,-72289.66597194877,-433737.9958316926,-563964.0882868532,-77357.33766486603,True,-84469.57157710067,-3368.4464734361427,True,81101.12510366453,1.2921347434297707,cubic_gamma_sigma,71147.41954804464,-1153.969449120919,10678.412586495782,31150.861709779394,-112028.83734386937,-3890.3668067483723,-8905.85279234752
-0.2,-0.1,-20.0,-107927.64236397216,-134563.6707995433,26636.028435571134,0.2467952403309667,3054.259629664252,8.720944407237303,23581.768805906882,141490.6128354413,-533596.5277560841,210560.09312114236,True,-85878.49499634976,38147.60848318798,False,124026.10347953775,4.656328693278719,cubic_gamma_sigma,-35573.70977402232,384.6564830403064,2669.6031466239456,9229.884951045748,24895.297187526525,-648.3944677913955,1113.23159904344
-0.2,-0.06,-20.0,-105390.46881610887,-120334.18688993435,14943.718073825483,0.1417938286231567,1191.851022608804,12.53824327902632,13751.86705121668,82511.20230730007,-285948.99436331115,145044.59568330084,True,-46466.31470460972,25365.950303158945,False,71832.26500776866,4.806853599144494,cubic_gamma_sigma,-21344.22586441339,230.79388982418382,961.0571327846202,9229.884951045748,14937.178312515915,-233.42200840490233,240.45802539338294
-0.2,-0.03,-20.0,-102394.91005627986,-109662.07395772767,7267.163901447813,0.07097192523977533,355.661228108247,20.432825754164078,6911.502673339566,41469.0160400374,-195724.28514546866,100021.05515025991,True,-32265.052962803198,17025.8370864849,False,49290.8900492881,6.782685889259775,cubic_speed,-10672.112932206695,115.39694491209191,240.26428319615505,9229.884951045748,7468.589156257957,-58.35550210122558,30.057253174172867
-0.2,-0.01,-20.0,-99875.00516153936,-102547.3320029232,2672.3268413838377,0.026756712923935028,65.16167977027008,41.010711369093386,2607.1651616135678,15642.990969681407,-154827.20969378523,70284.26374031717,True,-25739.373269193937,11779.205636489798,False,37518.57890568373,14.039666976609459,cubic_speed,-3557.370977402232,38.46564830403064,26.69603146623945,9229.884951045748,2489.5297187526526,-6.4839446779139545,1.1132315990434398
-0.2,0.0,-20.0,-98461.42589560557,-98989.96102552097,528.535129915399,0.005367941050089831,0.0,,528.535129915399,3171.210779492394,-138586.89451413287,55379.309706274486,True,-23097.81575235548,9229.884951045748,False,32327.700703401224,61.16471521689735,cubic_speed,0.0,-0.0,0.0,9229.884951045748,-0.0,-0.0,-0.0
-0.2,0.01,-20.0,-96948.25258867355,-95432.59004811874,-1515.6625405548111,-0.015633727272892445,-11.769616837791187,128.77756017410476,-1503.89292371702,-9023.357542302121,-124662.7763988729,40396.54833609683,True,-20788.899016649942,6720.988439178346,False,27509.887455828288,18.15040401127697,cubic_speed,3557.370977402232,-38.46564830403064,26.69603146623945,9229.884951045748,-2489.5297187526526,-6.4839446779139545,-1.1132315990434398
-0.2,0.03,-20.0,-93634.51975773022,-88317.84809331427,-5316.671664415946,-0.05678110677741812,124.86733828406314,-42.57856167575981,-5441.539002700009,-32649.234016200055,-102818.30964284703,10037.298237074358,True,-17011.51760219044,1797.7503777964562,False,18809.267979986897,3.53779002489016,cubic_speed,10672.112932206695,-115.39694491209191,240.26428319615505,9229.884951045748,-7468.589156257957,-58.35550210122558,-30.057253174172867
-0.2,0.06,-20.0,-87996.59295969593,-77645.73516110759,-10350.857798588346,-0.1176279382013032,730.2632429604364,-14.174145964990224,-11081.121041548782,-66486.7262492927,-90078.95500672606,-37087.0403716107,True,-14282.89592482724,-5450.910152308014,True,8831.985772519225,0.8532612411817438,cubic_gamma_sigma,21344.22586441339,-230.79388982418382,961.0571327846202,9229.884951045748,-14937.178312515915,-233.42200840490233,-240.45802539338294
-0.2,0.1,-20.0,-79391.1980338219,-63416.25125149865,-15974.946782323248,-0.20121810953800784,2284.9466635836393,-6.991387167553679,-18259.893445906888,-109559.36067544133,-116221.97018427592,-60786.5610984801,True,-17085.38170046235,-7846.14685282971,True,9239.234847632637,0.5783577856957949,cubic_gamma_sigma,35573.70977402232,-384.6564830403064,2669.6031466239456,9229.884951045748,-24895.297187526525,-648.3944677913955,-1113.23159904344
-0.2,0.15,-20.0,-67214.13114331689,-45629.3963644875,-21584.734778829392,-0.321133880802617,5429.6223553434165,-3.975365755886753,-27014.35713417281,-162086.14280503686,-199974.63017727772,-47024.94826961486,True,-27899.482674202867,-2407.869022925727,True,25491.613651277145,1.1810019401433496,cubic_gamma_sigma,53360.56466103347,-576.9847245604595,6006.607079903876,9229.884951045748,-37342.94578128978,-1458.8875525306394,-3757.156646771608
-0.2,0.2,-20.0,-53823.38043245377,-27842.541477476334,-25980.838954977437,-0.4827054478226682,9909.099620415169,-2.6219172225749507,-35889.9385753926,-215339.63145235562,-312360.8405251225,-38688.801196399734,True,-42151.040467105246,3460.96608768188,False,45612.00655478713,1.7556017584277712,cubic_gamma_sigma,71147.41954804464,-769.3129660806128,10678.412586495782,9229.884951045748,-49790.59437505305,-2593.577871165582,-8905.85279234752
-0.15,-0.1,-15.0,-103484.13448612057,-123156.3217084214,19672.187222300825,0.1900985819709328,2958.0955089041754,6.650288052933211,16714.09171339665,100284.5502803799,-93975.37093912842,118877.94843261201,True,-12704.466314283894,22771.08691433951,False,35475.55322862341,1.8033354821068162,cubic_gamma_sigma,-35573.70977402232,288.49236228022977,2669.6031466239456,3893.8577137224243,14003.60466798367,-486.29585084354653,1113.23159904344
-0.15,-0.06,-15.0,-97926.55423387546,-108926.83779881248,11000.283564937024,0.11233197829738123,1134.152550152758,9.699121660005442,9866.131014784267,59196.7860887056,-78195.5032330517,74182.27009808633,True,-11898.431322022525,13497.864233167145,False,25396.29555518967,2.308694626394848,cubic_gamma_sigma,-21344.22586441339,173.09541736813787,961.0571327846202,3893.8577137224243,8402.162800790202,-175.0665063036767,240.45802539338294
-0.15,-0.03,-15.0,-92611.54570364673,-98254.72486660579,5643.179162959059,0.060933862188382086,326.811991880224,17.267356471506936,5316.367171078835,31898.20302647301,-58080.65177322688,48487.37844429468,True,-9353.296636990923,8408.041732596004,False,17761.338369586927,3.1473993393953466,cubic_gamma_sigma,-10672.112932206695,86.54770868406894,240.26428319615505,3893.8577137224243,4201.081400395101,-43.766626575919176,30.057253174172867
-0.15,-0.01,-15.0,-88545.60733422064,-91139.98291180131,2594.3755775806785,0.029299878962804494,55.54526769426243,46.707409744802895,2538.830309886416,15232.981859318497,-49303.09221920207,31742.810721668397,True,-8161.636768839417,5346.013721305661,False,13507.650490145077,5.2065131227997865,cubic_speed,-3557.370977402232,28.849236228022978,26.69603146623945,3893.8577137224243,1400.360466798367,-4.862958508435465,1.1132315990434398
-0.15,0.0,-15.0,-86367.12040490618,-87582.61193439909,1215.4915294929087,0.014073544698427405,0.0,,1215.4915294929087,7292.949176957452,-46114.15620959087,23363.146282334546,True,-7685.6927015984775,3893.8577137224243,False,11579.550415320902,9.526640156967428,cubic_speed,0.0,-0.0,0.0,3893.8577137224243,-0.0,-0.0,-0.0
-0.15,0.01,-15.0,-84097.78243557947,-84025.24095699686,-72.54147858261422,-0.0008625849158172797,-2.1532047617835275,33.69000471767821,-70.38827382083069,-422.3296429249841,-43526.668276269134,14925.12634089947,True,-7256.597917473307,2485.3678520547946,False,9741.9657695281,134.29510894837102,cubic_speed,3557.370977402232,-28.849236228022978,26.69603146623945,3893.8577137224243,-1400.360466798367,-4.862958508435465,-1.1132315990434398
-0.15,0.03,-15.0,-79306.15042088577,-76910.49900219239,-2395.651418693378,-0.030207637188029095,153.7165745120861,-15.58486081476541,-2549.3679932054642,-15296.207959232786,-39636.99847112732,-2286.2853985366132,True,-6452.449837342467,-227.33099191068274,True,6225.118845431784,2.5985077782422334,cubic_gamma_sigma,10672.112932206695,-86.54770868406894,240.26428319615505,3893.8577137224243,-4201.081400395101,-43.766626575919176,-30.057253174172867
-0.15,0.06,-15.0,-71559.17843755687,-66238.38606998569,-5320.792367571179,-0.07435513492114987,787.9617154164823,-6.752602649938188,-6108.754082987662,-36652.52449792597,-41111.49079645913,-29542.977712589025,True,-6063.953417326707,-4135.867903348355,True,1928.0855139783514,0.3623681175250367,cubic_gamma_sigma,21344.22586441339,-173.09541736813787,961.0571327846202,3893.8577137224243,-8402.162800790202,-175.0665063036767,-240.45802539338294
-0.15,0.1,-15.0,-60372.60492763138,-52008.90216037677,-8363.70276725461,-0.1385347340450222,2381.1107843437157,-3.512521476215069,-10744.813551598327,-64468.88130958996,-70495.51103585665,-31961.48928842927,True,-9368.141054965727,-2945.804097061163,True,6422.336957904562,0.7678820178843703,cubic_gamma_sigma,35573.70977402232,-288.49236228022977,2669.6031466239456,3893.8577137224243,-14003.60466798367,-486.29585084354653,-1113.23159904344
-0.15,0.15,-15.0,-45341.92246841142,-34222.04727336561,-11119.87519504581,-0.24524489897385246,5573.868536483532,-1.9950013392424157,-16693.743731529343,-100162.46238917606,-131777.22959653602,-28459.88280638509,True,-16389.003062939137,830.5547354193504,False,17219.55779835849,1.5485387647183528,cubic_gamma_sigma,53360.56466103347,-432.7385434203447,6006.607079903876,3893.8577137224243,-21005.407001975505,-1094.1656643979795,-3757.156646771608
-0.15,0.2,-15.0,-29468.479703780336,-16435.19238635445,-13033.287317425886,-0.4422789179637904,10101.427861935323,-1.2902420821652882,-23134.715179361207,-138808.29107616725,-209786.32690779975,-25780.964530392288,True,-24862.959956031307,5804.600440203275,False,30667.560396234578,2.353018056713225,cubic_gamma_sigma,71147.41954804464,-576.9847245604595,10678.412586495782,3893.8577137224243,-28007.20933596734,-1945.1834033741861,-8905.85279234752
-0.1,-0.1,-10.0,-91047.2523474545,-102855.54517379397,11808.292826339472,0.1296941151093354,2861.931388144099,4.125987392729528,8946.361438195372,53678.16862917223,-12605.198999430802,59870.325948882404,True,761.0648882389651,12840.319046291166,True,12079.254158052201,1.0229466981974165,cubic_gamma_sigma,-35573.70977402232,192.3282415201532,2669.6031466239456,1153.7356188807184,6223.824296881631,-324.19723389569776,1113.23159904344
-0.1,-0.06,-10.0,-82583.20187141956,-88626.06126418503,6042.859392765473,0.0731729850118198,1076.4540776967121,5.613671328827491,4966.4053150687605,29798.43189041256,2924.613427981983,31407.427313337033,True,1563.8896490270427,6311.025296586218,True,4747.135647559176,0.7855777106517585,cubic_gamma_sigma,-21344.22586441339,115.39694491209191,961.0571327846202,1153.7356188807184,3734.2945781289786,-116.71100420245116,240.45802539338294
-0.1,-0.03,-10.0,-75026.47409649847,-77953.94833197835,2927.47423547988,0.039019216493028655,297.962755652201,9.824966979755663,2629.511479827679,15777.068878966074,-1090.7948408377995,18130.574460412605,True,116.16361551256776,3319.7251657209686,True,3203.5615502084006,1.094309050232602,cubic_gamma_sigma,-10672.112932206695,57.698472456045955,240.26428319615505,1153.7356188807184,1867.1472890644893,-29.17775105061279,30.057253174172867
-0.1,-0.01,-10.0,-69511.72660917853,-70839.20637717388,1327.479767995348,0.019097206079471258,45.92885561825477,28.902957631448828,1281.5509123770933,7689.305474262559,-5073.801682576164,10643.935846973809,True,-799.7047581444392,1819.918163447223,False,2619.6229215916624,1.9733806757353476,cubic_speed,-3557.370977402232,19.23282415201532,26.69603146623945,1153.7356188807184,622.3824296881631,-3.2419723389569772,1.1132315990434398
-0.1,0.0,-10.0,-66632.29398537203,-67281.83539977165,649.5414143996168,0.009748147265381743,0.0,,649.5414143996168,3897.2484863977006,-6880.709460831487,6922.413713284311,True,-1146.7849101385812,1153.7356188807184,False,2300.5205290192994,3.5417611225693952,cubic_speed,0.0,-0.0,0.0,1153.7356188807184,-0.0,-0.0,-0.0
-0.1,0.01,-10.0,-63680.22395989255,-63724.46442236942,44.24046247686783,0.0006947284372732674,7.463207314224132,5.927808328806559,36.7772551626437,220.6635309758622,-8479.603971424563,3161.9879115273297,True,-1405.8041212565365,534.4611925687791,False,1940.2653138253154,43.85725657456291,cubic_speed,3557.370977402232,-19.23282415201532,26.69603146623945,1153.7356188807184,-622.3824296881631,-3.2419723389569772,-1.1132315990434398
-0.1,0.03,-10.0,-57581.908580556395,-56609.72246756495,-972.1861129914469,-0.01688353402929273,182.5658107401091,-5.325126917522355,-1154.751923731556,-6928.511542389336,-11018.05099613493,-4635.880046451338,True,-1653.776021949046,-590.0808636684473,True,1063.695158280599,1.09412708540711,cubic_gamma_sigma,10672.112932206695,-57.698472456045955,240.26428319615505,1153.7356188807184,-1867.1472890644893,-29.17775105061279,-30.057253174172867
-0.1,0.06,-10.0,-48026.453179492484,-45937.60953535826,-2088.8436441342274,-0.04349360624919463,845.6601878725282,-2.47007447446384,-2934.5038320067556,-17607.022992040533,-18018.975507629362,-13415.406899167505,True,-2157.5023967323655,-1390.2409619887226,True,767.2614347436429,0.36731396191295745,cubic_gamma_sigma,21344.22586441339,-115.39694491209191,961.0571327846202,1153.7356188807184,-3734.2945781289786,-116.71100420245116,-240.45802539338294
-0.1,0.1,-10.0,-34698.58737420749,-31708.12562574933,-2990.4617484581613,-0.08618396236732859,2477.274905103792,-1.207157809695274,-5467.736653561953,-32806.41992137172,-39045.10506564031,-14913.213873694036,True,-4030.2426058362594,-8.260740511880613,True,4021.9818653243788,1.3449367367424292,cubic_gamma_sigma,35573.70977402232,-192.3282415201532,2669.6031466239456,1153.7356188807184,-6223.824296881631,-324.19723389569776,-1113.23159904344
-0.1,0.15,-10.0,-17366.11983420886,-13921.270738738174,-3444.8490954706867,-0.1983660787992957,5718.114717623646,-0.602444908083675,-9162.963813094333,-54977.782878565995,-76011.60749687193,-15498.700225137887,True,-6950.486531855009,3134.9980134339985,False,10085.484545289008,2.9276999560153385,cubic_gamma_sigma,53360.56466103347,-288.49236228022977,6006.607079903876,1153.7356188807184,-9335.736445322445,-729.4437762653197,-3757.156646771608
-0.1,0.2,-10.0,475.42331875895616,3865.5841482729884,-3390.1608295140322,-7.130825720462554,10293.756103455476,-0.32934147607946535,-13683.916932969509,-82103.50159781706,-128979.32821687713,-15589.354394107877,True,-11202.798599357377,7695.530371104163,False,18898.32897046154,5.5744638442921755,cubic_gamma_sigma,71147.41954804464,-384.6564830403064,10678.412586495782,1153.7356188807184,-12447.648593763262,-1296.788935582791,-8905.85279234752
-0.05,-0.1,-5.0,-67325.1688944029,-73661.34119566093,6336.172301258033,0.0941129804099874,2765.767267384022,2.290927503546258,3570.405033874011,21422.43020324407,13521.047775983781,28653.069195198907,True,5019.275230047986,7541.278799917172,True,2522.0035698691877,0.398032668614212,quadratic_volga,-35573.70977402232,96.1641207600766,2669.6031466239456,144.2169523600898,1555.9560742204078,-162.09861694784888,1113.23159904344
-0.05,-0.06,-5.0,-56966.3457083067,-59431.857286052,2465.511577745303,0.043280142812211105,1018.7556052406661,2.420120748354422,1446.7559725046367,8680.53583502782,7559.35872110695,10003.781767797183,True,2278.648725425158,2686.0525665401965,True,407.4038411150389,0.16524109835558248,quadratic_volga,-21344.22586441339,57.698472456045955,961.0571327846202,144.2169523600898,933.5736445322447,-58.35550210122558,240.45802539338294
-0.05,-0.03,-5.0,-47847.507220363026,-48759.74435384531,912.2371334822819,0.019065510127433564,269.11351942417804,3.3897856021287778,643.1236140581038,3858.741684348623,3482.901159653007,3925.928414167129,True,849.5970460330125,923.4349217853662,True,73.83787575235367,0.08094153706557901,cubic_gamma_sigma,-10672.112932206695,28.849236228022978,240.26428319615505,144.2169523600898,466.78682226612233,-14.588875525306396,30.057253174172867
-0.05,-0.01,-5.0,-41331.96901865267,-41645.00239904084,313.0333803881658,0.007573638222918856,36.31244354224711,8.620553998905976,276.7209368459187,1660.3256210755121,1042.2256259700798,1795.8288312701732,True,210.0167145372604,335.6172487539426,True,125.60053421668222,0.40123687148295745,cubic_gamma_sigma,-3557.370977402232,9.61641207600766,26.69603146623945,144.2169523600898,155.59560742204079,-1.6209861694784886,1.1132315990434398
-0.05,0.0,-5.0,-37972.87314283736,-38087.63142163861,114.75827880125144,0.0030221120843182164,0.0,,114.75827880125144,688.5496728075086,81.50930366142687,865.3017141605388,True,13.584883943571144,144.2169523600898,True,130.63206841651865,1.1383236990052705,cubic_speed,0.0,-0.0,0.0,144.2169523600898,-0.0,-0.0,-0.0
-0.05,0.01,-5.0,-34556.451979803576,-34530.26044423638,-26.191535567195388,-0.0007579347434887979,17.07961939023179,-1.5334964420913795,-43.27115495742718,-259.6269297445631,-748.9598707202547,-84.6772369828374,True,-107.74702572981064,2.9667465597588905,False,110.71377228956955,4.227082142836915,cubic_gamma_sigma,3557.370977402232,-9.61641207600766,26.69603146623945,144.2169523600898,-155.59560742204079,-1.6209861694784886,-1.1132315990434398
-0.05,0.03,-5.0,-27576.505488498122,-27415.518489431914,-160.98699906620823,-0.005837831741710503,211.41504696813206,-0.7614737048043455,-372.4020460343403,-2234.4122762060415,-2252.3719384536703,-2124.153959993428,True,-163.98027610747965,-142.61061303077264,True,21.36966307670703,0.13274154559473741,cubic_gamma_sigma,10672.112932206695,-28.849236228022978,240.26428319615505,144.2169523600898,-466.78682226612233,-14.588875525306396,-30.057253174172867
-0.05,0.06,-5.0,-16812.66239048254,-16743.40555722522,-69.25683325732098,-0.004119325758692835,903.3586603285743,-0.07666593159369339,-972.6154935858953,-5835.692961515371,-6529.021318000579,-3735.920215758187,True,-184.81155933818889,280.70529103554304,False,465.51685037373204,6.72160173197817,quadratic_volga,21344.22586441339,-57.698472456045955,961.0571327846202,144.2169523600898,-933.5736445322447,-58.35550210122558,-240.45802539338294
-0.05,0.1,-5.0,-2062.683988945224,-2513.921647616291,451.23765867106704,0.21876238002982334,2573.439025863869,0.17534421998578054,-2122.201367192802,-12733.208203156813,-16122.41602710964,-5422.937670531321,True,-113.63031198773751,1669.6160807753158,False,1783.2463927630533,3.9519006414820614,quadratic_volga,35573.70977402232,-96.1641207600766,2669.6031466239456,144.2169523600898,-1555.9560742204078,-162.09861694784888,-1113.23159904344
-0.05,0.15,-5.0,16802.38155102257,15272.933239394864,1529.4483116277042,0.09102568626854116,5862.360898763762,0.2608928958894752,-4332.9125871360575,-25997.475522816345,-37869.57416324873,-7104.302670785384,True,-449.23479511102687,4678.310453632865,False,5127.5452487438915,3.352545626917551,quadratic_volga,53360.56466103347,-144.24618114011489,6006.607079903876,144.2169523600898,-2333.9341113306114,-364.72188813265984,-3757.156646771608
-0.05,0.2,-5.0,35970.04354431397,33059.78812640603,2910.2554179079452,0.08090775354004232,10486.084344975628,0.2775349999261053,-7575.828927067683,-45454.9735624061,-75131.65473731785,-8475.098717375551,True,-2035.8581112440133,9073.567892079704,False,11109.426003323715,3.81733710895719,quadratic_volga,71147.41954804464,-192.3282415201532,10678.412586495782,144.2169523600898,-3111.9121484408156,-648.3944677913955,-8905.85279234752
-0.02,-0.1,-2.0,-47157.912347968144,-51875.97363589843,4718.061287930286,0.10004813726945166,2708.0687949279763,1.7422235715602519,2009.9924930023099,12059.95495801386,7839.450054543669,24768.73792967353,True,4014.6438040185876,6836.191783206898,True,2821.5479791883104,0.5980312265985981,quadratic_volga,-35573.70977402232,38.465648304030644,2669.6031466239456,9.229884951045747,248.95297187526526,-64.83944677913955,1113.23159904344
-0.02,-0.06,-2.0,-36188.747526302555,-37646.4897262895,1457.7421999869475,0.040281642765543,984.1365217670386,1.4812398155588613,473.6056782199089,2841.6340693194534,2254.304955774586,5004.028425768178,True,1359.8540143961363,1818.1412593950681,True,458.287244998932,0.31438154496936116,quadratic_volga,-21344.22586441339,23.079388982418383,961.0571327846202,9.229884951045747,149.37178312515914,-23.342200840490232,240.45802539338294
-0.02,-0.03,-2.0,-26604.33668688612,-26974.376794082804,370.0401071966844,0.013909014592312146,251.80397768736424,1.4695562421024193,118.23612950932016,709.416777055921,648.8248768660537,886.1011630741496,True,359.9414571650399,399.48750486638914,True,39.5460477013493,0.1068696255682623,quadratic_volga,-10672.112932206695,11.539694491209191,240.26428319615505,9.229884951045747,74.68589156257957,-5.835550210122558,30.057253174172867
-0.02,-0.01,-2.0,-19794.24154664077,-19859.63483927834,65.393292637571,0.0033036523517956527,30.542596296642515,2.141052188309202,34.85069634092848,209.10417804557088,207.54011561894592,210.56023966710168,True,65.13261556646682,65.6359695744928,True,0.5033540080259608,0.007697333896546513,quadratic_volga,-3557.370977402232,3.846564830403064,26.69603146623945,9.229884951045747,24.895297187526527,-0.6483944677913954,1.1132315990434398
-0.02,0.0,-2.0,-16293.752055705525,-16302.26386187611,8.51180617058526,0.0005223969372729414,0.0,,8.51180617058526,51.07083702351156,37.26110132130905,55.37930970627448,True,6.210183553551508,9.229884951045747,True,3.0197013974942393,0.35476623139394264,cubic_speed,0.0,-0.0,0.0,9.229884951045747,-0.0,-0.0,-0.0
-0.02,0.01,-2.0,-12739.92273456452,-12744.892884473878,4.970149909358952,0.00039012402295615986,22.849466635836386,0.21751710832339188,-17.879316726477434,-107.2759003588646,-113.39925189013466,-104.5622298198937,True,3.9495913208139406,5.42242833252077,True,1.472837011706827,0.29633653683834116,quadratic_volga,3557.370977402232,-3.846564830403064,26.69603146623945,9.229884951045747,-24.895297187526527,-0.6483944677913954,-1.1132315990434398
-0.02,0.03,-2.0,-5496.7539661120245,-5630.150929669415,133.39696355739034,0.024268316242603262,228.72458870494586,0.5832209134693082,-95.32762514755552,-571.9657508853331,-608.0928599749756,-461.97152771696597,True,127.3757787091166,151.7293340854515,True,24.353555376334935,0.1825645406528125,quadratic_volga,10672.112932206695,-11.539694491209191,240.26428319615505,9.229884951045747,-74.68589156257957,-5.835550210122558,-30.057253174172867
-0.02,0.06,-2.0,5635.354480462702,5041.962002537281,593.3924779254212,0.10529816358184083,937.9777438022018,0.6326295925957004,-344.58526587678057,-2067.5115952606834,-2423.6527464479195,-1216.0469471373685,True,534.0356193942152,735.3032526126403,True,201.26763321842517,0.33918130193035734,quadratic_volga,21344.22586441339,-23.079388982418383,961.0571327846202,9.229884951045747,-149.37178312515914,-23.342200840490232,-240.45802539338294
-0.02,0.1,-2.0,20834.639188498317,19271.445912146206,1563.1932763521108,0.07502857439523435,2631.137498319915,0.5941131078669478,-1067.944221967804,-6407.665331806824,-8506.764796480795,-2541.848377928449,True,1213.3433655731158,2207.4961019985067,True,994.152736425391,0.6359755709449822,quadratic_volga,35573.70977402232,-38.465648304030644,2669.6031466239456,9.229884951045747,-248.95297187526526,-64.83944677913955,-1113.23159904344
-0.02,0.15,-2.0,40209.60995952158,37058.30079915736,3151.309160364217,0.07837204000577458,5948.90860744783,0.5297289584208582,-2797.599447083613,-16785.59668250168,-25603.469849319146,-4333.841919948764,True,1681.6636325613053,5226.601620789703,True,3544.937988228397,1.1249096194099488,quadratic_volga,53360.56466103347,-57.698472456045955,6006.607079903876,9.229884951045747,-373.42945781289785,-145.88875525306395,-3757.156646771608
-0.02,0.2,-2.0,59844.89832584768,54845.155686168524,4999.742639679156,0.08354501017707823,10601.48128988772,0.47160792939833673,-5601.738650208565,-33610.43190125139,-57923.31982958138,-6017.301321376381,True,947.5946516241584,9598.597736324991,True,8651.003084700833,1.73028967852153,quadratic_volga,71147.41954804464,-76.93129660806129,10678.412586495782,9.229884951045747,-497.9059437505305,-259.3577871165582,-8905.85279234752
0.02,-0.1,2.0,-13330.279424372347,-17848.497521185316,4518.218096812969,0.33894399006761317,2631.137498319915,1.7172109400204396,1887.080598493054,11322.483590958323,8506.764796480795,15617.75471299339,True,4048.9316310667136,5234.096617152147,True,1185.1649860854325,0.26230805168998295,quadratic_volga,-35573.70977402232,-38.465648304030644,2669.6031466239456,-9.229884951045747,248.95297187526526,64.83944677913955,1113.23159904344
0.02,-0.06,2.0,-2213.3270206463494,-3619.013611576389,1405.6865909300395,0.6351011747552525,937.9777438022018,1.4986353356657756,467.70884712783777,2806.2530827670266,2423.6527464479195,3500.52315805547,True,1341.9198682101883,1521.39827014478,True,179.47840193459174,0.1276802404551957,quadratic_volga,-21344.22586441339,-23.079388982418383,961.0571327846202,-9.229884951045747,149.37178312515914,23.342200840490232,240.45802539338294
0.02,-0.03,2.0,7388.417683389707,7053.0993206303065,335.31836275940077,0.04538432681103665,228.72458870494586,1.4660354824900816,106.59377405445491,639.5626443267295,608.0928599749756,700.7400999163874,True,330.0733987007751,345.5146053576771,True,15.441206656901974,0.046049391777513306,quadratic_volga,-10672.112932206695,-11.539694491209191,240.26428319615505,-9.229884951045747,74.68589156257957,5.835550210122558,30.057253174172867
0.02,-0.01,2.0,14207.546007897035,14167.84127543477,39.70473246226538,0.0027946228321341455,22.849466635836386,1.737665613603152,16.855265826428997,101.13159495857398,88.5969256024787,104.5622298198937,True,37.61562090291617,40.276504939152005,True,2.660884036235833,0.06701679802942095,quadratic_volga,-3557.370977402232,-3.846564830403064,26.69603146623945,-9.229884951045747,24.895297187526527,0.6483944677913954,1.1132315990434398
0.02,0.0,2.0,17715.315896508546,17725.212252837002,-9.896356328456022,-0.0005586327890662375,0.0,,-9.896356328456022,-59.378137970736134,-70.4129097405504,-55.37930970627448,True,-11.7354849567584,-9.229884951045747,True,2.5056000057126533,0.2531840934736799,cubic_speed,0.0,0.0,0.0,-9.229884951045747,-0.0,0.0,-0.0
0.02,0.01,2.0,21278.98229557718,21282.583230239234,-3.6009346620521683,-0.00016922494751079424,30.542596296642515,-0.11789877412772573,-34.14353095869468,-204.8611857521681,-207.54011561894592,-194.21980747913855,True,-4.047422973181803,-1.8273716165472464,True,2.220051356634561,0.6165208661046231,quadratic_volga,3557.370977402232,3.846564830403064,26.69603146623945,-9.229884951045747,-24.895297187526527,0.6483944677913954,-1.1132315990434398
0.02,0.03,2.0,28550.442583716314,28397.325185043697,153.11739867261713,0.005363048163741858,251.80397768736424,0.6080817311898274,-98.68657901474711,-592.1194740884827,-648.8248768660537,-440.3544106383914,True,143.6664982096886,178.41157591429902,True,34.74507770461039,0.22691789441185203,quadratic_volga,10672.112932206695,11.539694491209191,240.26428319615505,-9.229884951045747,-74.68589156257957,5.835550210122558,-30.057253174172867
0.02,0.06,2.0,39747.26210863101,39069.43811725039,677.8239913806174,0.017053350480546174,984.1365217670386,0.6887499614012592,-306.31253038642126,-1837.8751823185275,-2254.304955774586,-967.891330373295,True,608.4190291379409,822.8213000381561,True,214.40227090021514,0.31630965210232903,quadratic_volga,21344.22586441339,23.079388982418383,961.0571327846202,-9.229884951045747,-149.37178312515914,23.342200840490232,-240.45802539338294
0.02,0.1,2.0,55071.25728208646,53298.92202685932,1772.335255227139,0.03218258203456058,2708.0687949279763,0.6544646349260399,-935.7335397008374,-5614.401238205024,-7839.450054543669,-1995.9484144680778,True,1401.4937858373648,2375.4107258499635,True,973.9169400125984,0.549510560792734,quadratic_volga,35573.70977402232,38.465648304030644,2669.6031466239456,-9.229884951045747,-248.95297187526526,64.83944677913955,-1113.23159904344
0.02,0.15,2.0,74652.73191403561,71085.77691387048,3566.955000165137,0.04778063586839086,6064.305552359922,0.5881885352523271,-2497.3505521947855,-14984.103313168713,-23963.563405694927,-3545.0049323149833,True,2070.3783180774344,5473.4713969740915,True,3403.0930788966575,0.9540611190046151,quadratic_volga,53360.56466103347,57.698472456045955,6006.607079903876,-9.229884951045747,-373.42945781289785,145.88875525306395,-3757.156646771608
0.02,0.2,2.0,94537.15115238207,88872.63180088165,5664.519351500421,0.05991844774727688,10755.343883103844,0.5266702220836587,-5090.824531603423,-30544.947189620536,-54921.78500359523,-5132.441070034878,True,1601.713049171305,9899.93703809803,True,8298.223988926724,1.4649475929018911,quadratic_volga,71147.41954804464,76.93129660806129,10678.412586495782,-9.229884951045747,-497.9059437505305,259.3577871165582,-8905.85279234752
0.05,-0.1,5.0,17031.11569637888,11407.349091121876,5623.766605257006,0.3302054137564645,2573.439025863869,2.1853117749192377,3050.3275793931366,18301.96547635882,8314.218624880064,20160.351031381568,True,3959.1421300105467,5933.49753109413,True,1974.355401083584,0.35107349569556967,quadratic_volga,-35573.70977402232,-96.1641207600766,2669.6031466239456,-144.2169523600898,1555.9560742204078,162.09861694784888,1113.23159904344
0.05,-0.06,5.0,27685.34356323669,25636.833000730803,2048.510562505886,0.07399260037452086,903.3586603285743,2.267660290942239,1145.1519021773115,6870.911413063869,5307.750936514256,7114.3067990633845,True,1787.9838164142836,2089.076460172472,True,301.0926437581881,0.14698125031382306,quadratic_volga,-21344.22586441339,-57.698472456045955,961.0571327846202,-144.2169523600898,933.5736445322447,58.35550210122558,240.45802539338294
0.05,-0.03,5.0,36866.504820886665,36308.945932937495,557.5588879491697,0.01512372519874153,211.41504696813206,2.6372715468696706,346.14384098103767,2076.8630458862262,1362.8231499743988,2203.2959916330706,True,438.55223863053186,578.6310455736439,True,140.07880694311197,0.2512358962805779,cubic_gamma_sigma,-10672.112932206695,-28.849236228022978,240.26428319615505,-144.2169523600898,466.78682226612233,14.588875525306396,30.057253174172867
0.05,-0.01,5.0,43424.80110001056,43423.687887741966,1.1132122685958166,2.5635402820429862e-05,17.07961939023179,0.06517781474875764,-15.966407121635974,-95.79844272981585,-633.771510873725,84.6772369828374,True,-88.54896575538905,31.192492220704693,False,119.74145797609373,107.56390434605359,cubic_gamma_sigma,-3557.370977402232,-9.61641207600766,26.69603146623945,-144.2169523600898,155.59560742204079,1.6209861694784886,1.1132315990434398
0.05,0.0,5.0,46812.38266879039,46981.058865144194,-168.67619635380106,-0.003603238859838184,0.0,,-168.67619635380106,-1012.0571781228064,-1356.2882368473536,-865.3017141605388,True,-226.04803947455892,-144.2169523600898,True,81.83108711446913,0.48513713780234347,cubic_speed,0.0,0.0,0.0,-144.2169523600898,-0.0,0.0,-0.0
0.05,0.01,5.0,50263.42950271208,50538.42984254642,-275.0003398343397,-0.005471181384857581,36.31244354224711,-7.573170875003085,-311.3127833765868,-1867.876700259521,-1939.487082615476,-1795.8288312701732,True,-286.93540356033225,-262.9923616694484,True,23.94304189088382,0.08706549928377222,cubic_gamma_sigma,3557.370977402232,9.61641207600766,26.69603146623945,-144.2169523600898,-155.59560742204079,1.6209861694784886,-1.1132315990434398
0.05,0.03,5.0,57332.905706369595,57653.17179735089,-320.2660909812985,-0.005586078134981347,269.11351942417804,-1.1900780446354815,-589.3796104054766,-3536.2776624328594,-3758.8329136504713,-2734.312102395829,True,-357.3586328509005,-186.60516430846008,True,170.7534685424404,0.5331612473217195,cubic_gamma_sigma,10672.112932206695,28.849236228022978,240.26428319615505,-144.2169523600898,-466.78682226612233,14.588875525306396,-30.057253174172867
0.05,0.06,5.0,68282.975098598,68325.28472955758,-42.30963095957122,-0.0006196219613817021,1018.7556052406661,-0.04153069759019995,-1061.0652362002375,-6366.391417201425,-7559.35872110695,-3489.748120033977,True,-241.13751494382552,437.1309185683366,False,678.2684335121621,16.03106475119763,quadratic_volga,21344.22586441339,57.698472456045955,961.0571327846202,-144.2169523600898,-933.5736445322447,58.35550210122558,-240.45802539338294
0.05,0.1,5.0,83370.78063932595,82554.76863916652,816.0120001594332,0.009787745705412297,2765.767267384022,0.2950400092525686,-1949.7552672245888,-11698.531603347532,-15907.836052056533,-4245.512547179359,True,114.46125870793321,2058.1818428541287,True,1943.7205841461957,2.3819754902702774,quadratic_volga,35573.70977402232,96.1641207600766,2669.6031466239456,-144.2169523600898,-1555.9560742204078,162.09861694784888,-1113.23159904344
0.05,0.15,5.0,102776.57497379273,100341.62352617766,2434.9514476150653,0.02369169675323351,6150.853261043991,0.39587214070552845,-3715.9018134289254,-22295.410880573552,-35223.5149339779,-5222.17050795486,True,280.26743871434064,5280.49150971818,True,5000.22407100384,2.053521057227385,quadratic_volga,53360.56466103347,144.24618114011489,6006.607079903876,-144.2169523600898,-2333.9341113306114,364.72188813265984,-3757.156646771608
0.05,0.2,5.0,122585.29008448673,118128.47841318883,4456.811671297895,0.03635682281476209,10870.740828015936,0.4099823316375878,-6413.929156718041,-38483.574940308245,-69081.52455214217,-6309.792660861578,True,-642.846597341093,9819.10871787234,False,10461.955315213432,2.3474079873262275,quadratic_volga,71147.41954804464,192.3282415201532,10678.412586495782,-144.2169523600898,-3111.9121484408156,648.3944677913955,-8905.85279234752
0.1,-0.1,10.0,76018.32455346482,67281.83539977163,8736.489153693183,0.1149260945306507,2477.274905103792,3.5266530717660274,6259.214248589391,37555.28549153634,11871.467072128069,40775.2491060304,True,4455.852750458471,9273.14975610886,True,4817.297005650388,0.5513996435987067,cubic_gamma_sigma,-35573.70977402232,-192.3282415201532,2669.6031466239456,-1153.7356188807184,6223.824296881631,324.19723389569776,1113.23159904344
0.1,-0.06,10.0,84811.90526296153,81511.31930938057,3300.5859535809577,0.038916540588817154,845.6601878725282,3.9029695389638897,2454.9257657084295,14729.554594250578,-2745.4596405807956,17626.367933064565,True,388.0835811090623,3783.388176716622,True,3395.3045956075603,1.028697523215185,cubic_gamma_sigma,-21344.22586441339,-115.39694491209191,961.0571327846202,-1153.7356188807184,3734.2945781289786,116.71100420245116,240.45802539338294
0.1,-0.03,10.0,92628.50353324933,92183.43224158726,445.0712916620687,0.0048049064238882885,182.5658107401091,2.437867691972449,262.5054809219596,1575.0328855317575,-8603.706194449282,4635.880046451338,True,-1251.3852216681046,955.2124851486655,False,2206.59770681677,4.957852254582583,cubic_gamma_sigma,-10672.112932206695,-57.698472456045955,240.26428319615505,-1153.7356188807184,1867.1472890644893,29.17775105061279,30.057253174172867
0.1,-0.01,10.0,98353.52079527608,99298.17419639173,-944.6534011156473,-0.009604672954026257,7.463207314224132,-126.57472335188007,-952.1166084298715,-5712.699650579229,-11318.507705444958,-3161.9879115273297,True,-1878.9547435932689,-519.5347779403307,True,1359.419965652938,1.4390674548436984,cubic_speed,-3557.370977402232,-19.23282415201532,26.69603146623945,-1153.7356188807184,622.3824296881631,3.2419723389569772,1.1132315990434398
0.1,0.0,10.0,101353.0493503794,102855.54517379396,-1502.4958234145597,-0.014824377096148368,0.0,,-1502.4958234145597,-9014.974940487358,-12285.352166747994,-6922.413713284311,True,-2047.558694457999,-1153.7356188807184,True,893.8230755772806,0.5948922197640361,cubic_speed,0.0,0.0,0.0,-1153.7356188807184,-0.0,0.0,-0.0
0.1,0.01,10.0,104436.06301001694,106412.91615119619,-1976.85314117925,-0.01892883630618708,45.92885561825477,-43.041637214090194,-2022.781996797505,-12136.69198078503,-13442.539662798079,-10643.935846973809,True,-2194.4944215147584,-1728.0604522107133,True,466.433969304045,0.23594770880441004,cubic_speed,3557.370977402232,19.23282415201532,26.69603146623945,-1153.7356188807184,-622.3824296881631,3.2419723389569772,-1.1132315990434398
0.1,0.03,10.0,110829.78470252115,113527.65810600066,-2697.873403479505,-0.02434249430981827,297.962755652201,-9.054398082653712,-2995.836159131706,-17975.016954790237,-18377.179799920206,-13810.139595200222,True,-2764.9005443345,-2003.7271768811693,True,761.1733674533307,0.2821382821268148,cubic_gamma_sigma,10672.112932206695,57.698472456045955,240.26428319615505,-1153.7356188807184,-1867.1472890644893,29.17775105061279,-30.057253174172867
0.1,0.06,10.0,120911.05725746836,124199.77103820734,-3288.713780738981,-0.02719944606667349,1076.4540776967121,-3.055136163147655,-4365.167858435693,-26191.00715061416,-30070.66330920377,-13928.479438454113,True,-3935.323140503916,-1244.9591620456401,True,2690.363978458276,0.8180596299425442,cubic_gamma_sigma,21344.22586441339,115.39694491209191,961.0571327846202,-1153.7356188807184,-3734.2945781289786,116.71100420245116,-240.45802539338294
0.1,0.1,10.0,135081.12326585385,138429.25494781628,-3348.1316819624335,-0.024786081141574153,2861.931388144099,-1.1698853773477864,-6210.063070106533,-37260.3784206392,-48999.565685460555,-13189.935803385803,True,-5304.662892765993,663.6087542464652,False,5968.271647012459,1.7825677762812149,cubic_gamma_sigma,35573.70977402232,192.3282415201532,2669.6031466239456,-1153.7356188807184,-6223.824296881631,324.19723389569776,-1113.23159904344
0.1,0.15,10.0,153654.7564403647,156216.10983482742,-2561.353394462727,-0.016669535351851082,6295.099442184106,-0.4068805295272757,-8856.452836646833,-53138.717019881,-81103.10960825672,-12144.148364921377,True,-7222.085492525348,4271.07471469721,False,11493.160207222558,4.4871434890902195,cubic_gamma_sigma,53360.56466103347,288.49236228022977,6006.607079903876,-1153.7356188807184,-9335.736445322445,729.4437762653197,-3757.156646771608
0.1,0.2,10.0,172899.54756515496,174002.9647218386,-1103.4171566836303,-0.006381839468190753,11063.069069536088,-0.09973879307343964,-12166.486226219718,-72998.9173573183,-127262.68841645226,-11536.369981484526,True,-10147.378999872622,9140.340739288667,False,19287.71973916129,17.479988979989578,cubic_gamma_sigma,71147.41954804464,384.6564830403064,10678.412586495782,-1153.7356188807184,-12447.648593763262,1296.788935582791,-8905.85279234752
0.15,-0.1,15.0,143022.92517580022,132049.74915192695,10973.176023873268,0.0767231967209824,2381.1107843437157,4.608427334009033,8592.065239529551,51552.391437177306,-84307.5034818388,70255.6464248894,True,-11670.13979596275,14090.38518849195,False,25760.524984454696,2.3475906089914202,cubic_gamma_sigma,-35573.70977402232,-288.49236228022977,2669.6031466239456,-3893.8577137224243,14003.60466798367,486.29585084354653,1113.23159904344
0.15,-0.06,15.0,149126.489625333,146279.23306153587,2847.2565637971275,0.019092896043825653,787.9617154164823,3.613445308433788,2059.294848380645,12355.76909028387,-55786.118738305886,29542.977712589025,True,-8509.724740967831,5711.79133418132,False,14221.516075149151,4.994813693987312,cubic_gamma_sigma,-21344.22586441339,-173.09541736813787,961.0571327846202,-3893.8577137224243,8402.162800790202,175.0665063036767,240.45802539338294
0.15,-0.03,15.0,155107.98852725682,156951.34599374258,-1843.3574664857588,-0.01188434898800734,153.7165745120861,-11.991923918008094,-1997.0740409978448,-11982.44424598707,-45324.341192471846,2286.2853985366132,True,-7400.340290899888,534.7641409348549,False,7935.104431834744,4.304701923584309,cubic_gamma_sigma,-10672.112932206695,-86.54770868406894,240.26428319615505,-3893.8577137224243,4201.081400395101,43.766626575919176,30.057253174172867
0.15,-0.01,15.0,159707.13712317502,164066.08794854704,-4358.950825372012,-0.02729340030690142,-2.1532047617835275,2024.4014423233193,-4356.7976206102285,-26140.78572366137,-41320.59636687172,-14925.12634089947,True,-6888.919265907071,-2489.6742615783614,True,4399.245004328709,1.009244008609172,cubic_speed,-3557.370977402232,-28.849236228022978,26.69603146623945,-3893.8577137224243,1400.360466798367,4.862958508435465,1.1132315990434398
0.15,0.0,15.0,162175.77960602415,167623.45892594926,-5447.6793199251115,-0.03359120167733575,0.0,,-5447.6793199251115,-32686.07591955067,-41549.287661049326,-23363.146282334546,True,-6924.881276841555,-3893.8577137224243,True,3031.02356311913,0.5563880296758725,cubic_speed,0.0,0.0,0.0,-3893.8577137224243,-0.0,0.0,-0.0
0.15,0.01,15.0,164750.03044211067,171180.8299033515,-6430.799461240822,-0.03903367692244801,55.54526769426243,-115.77582984454847,-6486.344728935084,-38918.068373610506,-43700.093299632455,-31742.810721668397,True,-7227.803615577814,-5234.923185917137,True,1992.8804296606766,0.3098962176743342,cubic_speed,3557.370977402232,28.849236228022978,26.69603146623945,-3893.8577137224243,-1400.360466798367,4.862958508435465,-1.1132315990434398
0.15,0.03,15.0,170193.328311435,178295.57185815595,-8102.243546720943,-0.04760611727326192,326.811991880224,-24.791757181573683,-8429.055538601167,-50574.333231607,-52366.148657193335,-35611.66160537971,True,-8400.879450985332,-5608.464942349728,True,2792.414508635604,0.34464707121346916,cubic_gamma_sigma,10672.112932206695,86.54770868406894,240.26428319615505,-3893.8577137224243,-4201.081400395101,43.766626575919176,-30.057253174172867
0.15,0.06,15.0,179013.8053021364,188967.68479036266,-9953.87948822626,-0.05560397686327193,1134.152550152758,-8.776490858205609,-11088.032038379017,-66528.1922302741,-74168.47220161399,-32112.313387265403,True,-11227.259483449574,-4217.899681058143,True,7009.359802391431,0.7041837115551085,cubic_gamma_sigma,21344.22586441339,173.09541736813787,961.0571327846202,-3893.8577137224243,-8402.162800790202,175.0665063036767,-240.45802539338294
0.15,0.1,15.0,191787.61804974434,203197.16869997157,-11409.550650227233,-0.059490548796888,2958.0955089041754,-3.85705958982166,-14367.646159131407,-86205.87695478844,-111146.38877943595,-27789.268995897408,True,-15566.302621001818,-1673.4493237453926,True,13892.853297256423,1.2176512224852372,cubic_gamma_sigma,35573.70977402232,288.49236228022977,2669.6031466239456,-3893.8577137224243,-14003.60466798367,486.29585084354653,-1113.23159904344
0.15,0.15,15.0,209006.3240965819,220984.02358698274,-11977.699490400846,-0.05730783287143956,6439.3456233242205,-1.8600802303600423,-18417.045113725067,-110502.27068235041,-165373.53418842936,-23287.324262775976,True,-21122.91007474734,2558.1249128615577,False,23681.0349876089,1.9770937655087544,cubic_gamma_sigma,53360.56466103347,432.7385434203447,6006.607079903876,-3893.8577137224243,-21005.407001975505,1094.1656643979795,-3757.156646771608
0.15,0.2,15.0,227242.79085923947,238770.87847399391,-11528.087614754448,-0.05073026770690942,11255.397311056242,-1.024227514690249,-22783.48492581069,-136700.90955486416,-233170.41863197862,-20050.50628494522,True,-27606.339127606858,7913.646263565372,False,35519.98539117224,3.08116893089113,cubic_gamma_sigma,71147.41954804464,576.9847245604595,10678.412586495782,-3893.8577137224243,-28007.20933596734,1945.1834033741861,-8905.85279234752
0.2,-0.1,20.0,214795.4498812622,205711.09034758792,9084.359533674287,0.042293072496163556,2284.9466635836393,3.975742488197366,6799.412870090648,40796.477220543886,-303666.72567494074,104562.22981989369,True,-48326.17428223982,19711.984966899254,False,68038.15924913908,7.489593404678927,cubic_gamma_sigma,-35573.70977402232,-384.6564830403064,2669.6031466239456,-9229.884951045748,24895.297187526525,648.3944677913955,1113.23159904344
0.2,-0.06,20.0,218334.2046491793,219940.57425719683,-1606.3696080175287,-0.0073573886904191345,730.2632429604364,-2.199713080868507,-2336.632850977965,-14019.79710586779,-149003.1899497849,37087.0403716107,True,-24103.60174867038,6911.436638228887,False,31015.038386899265,19.30753559585574,cubic_gamma_sigma,-21344.22586441339,-230.79388982418382,961.0571327846202,-9229.884951045748,14937.178312515915,233.42200840490233,240.45802539338294
0.2,-0.03,20.0,222460.5198675756,230612.68718940354,-8152.167321827932,-0.03664545658115285,124.86733828406314,-65.28662686220162,-8277.034660111995,-49662.20796067196,-105590.76486647251,-10037.298237074358,True,-17473.593472794688,-1548.0157012283298,True,15925.577771566359,1.9535391194590228,cubic_speed,-10672.112932206695,-115.39694491209191,240.26428319615505,-9229.884951045748,7468.589156257957,58.35550210122558,30.057253174172867
0.2,-0.01,20.0,225879.82938103017,237727.429144208,-11847.59976317783,-0.052450897433574985,-11.769616837791187,1006.6257828492978,-11835.830146340038,-71014.98087804022,-97589.41494770252,-40396.54833609683,True,-16276.672108121546,-6744.527672853929,True,9532.144435267615,0.8045633399005749,cubic_speed,-3557.370977402232,-38.46564830403064,26.69603146623945,-9229.884951045748,2489.5297187526526,6.4839446779139545,1.1132315990434398
0.2,0.0,20.0,227780.01556306385,241284.80012161023,-13504.78455854638,-0.059288715584477625,0.0,,-13504.78455854638,-81028.70735127828,-98487.20038174654,-55379.309706274486,True,-16414.53339695776,-9229.884951045748,True,7184.64844591201,0.5320076314260986,cubic_speed,0.0,0.0,0.0,-9229.884951045748,-0.0,0.0,-0.0
0.2,0.01,20.0,229801.76336112415,244842.17109901246,-15040.407737888308,-0.06544948793213966,65.16167977027008,-230.81675903558386,-15105.569417658578,-90633.41650595146,-101940.65033892427,-70284.26374031717,True,-16924.94671005044,-11648.882276949258,True,5276.064433101184,0.35079264638619095,cubic_speed,3557.370977402232,38.46564830403064,26.69603146623945,-9229.884951045748,-2489.5297187526526,6.4839446779139545,-1.1132315990434398
0.2,0.03,20.0,234191.61883643677,251956.9130538169,-17765.294217380142,-0.07585794190947419,355.661228108247,-49.950044630597745,-18120.955445488387,-108725.73267293032,-114997.50434434395,-65185.37512336132,True,-18810.58949594908,-10508.56795911864,True,8302.021536830438,0.46731686147412094,cubic_speed,10672.112932206695,115.39694491209191,240.26428319615505,-9229.884951045748,-7468.589156257957,58.35550210122558,-30.057253174172867
0.2,0.06,20.0,241568.9726645532,262629.0259860236,-21060.05332147039,-0.08718029095033963,1191.851022608804,-17.670038387325224,-22251.904344079194,-133511.42606447515,-147017.24214286957,-55443.380124966316,True,-23311.022667869456,-8048.712331552249,True,15262.310336317207,0.7247042589753333,cubic_gamma_sigma,21344.22586441339,230.79388982418382,961.0571327846202,-9229.884951045748,-14937.178312515915,233.42200840490233,-240.45802539338294
0.2,0.1,20.0,252677.75540635624,276858.50989563257,-24180.754489276325,-0.09569799466672026,3054.259629664252,-7.917059261898591,-27235.014118940577,-163410.08471364347,-207540.11561894589,-45848.88944030487,True,-31535.75964016006,-4587.221943719893,True,26948.53769644017,1.1144622351792746,cubic_gamma_sigma,35573.70977402232,384.6564830403064,2669.6031466239456,-9229.884951045748,-24895.297187526525,648.3944677913955,-1113.23159904344
0.2,0.15,20.0,268201.8900640858,294645.3647826437,-26443.474718557904,-0.09859540778120296,6583.591804464336,-4.016572640579961,-33027.06652302224,-198162.39913813342,-293226.598959459,-36959.195710509215,True,-42287.50802211217,423.7258527127997,False,42711.23387482497,1.615189922255203,cubic_gamma_sigma,53360.56466103347,576.9847245604595,6006.607079903876,-9229.884951045748,-37342.94578128978,1458.8875525306394,-3757.156646771608
0.2,0.2,20.0,285111.2807620799,312432.21966965485,-27320.93890757492,-0.09582552761345749,11447.725552576396,-2.3865822762868505,-38768.66446015132,-232611.98676090792,-391996.52548368444,-30580.23841623276,True,-53885.02869470434,6351.0191498709355,False,60236.04784457528,2.2047576054523668,cubic_gamma_sigma,71147.41954804464,769.3129660806128,10678.412586495782,-9229.884951045748,-49790.59437505305,2593.577871165582,-8905.85279234752
0.3,-0.1,30.0,363487.90839971113,379714.0550694264,-16226.146669715294,-0.044640127758726264,2092.618422063486,-7.753992079318044,-18318.76509177878,-109912.59055067267,-575062.5456630171,161696.28157731498,True,-93751.13918843935,29041.998684949314,False,122793.13787338867,7.567609265024794,cubic_gamma_sigma,-35573.70977402232,-576.9847245604595,2669.6031466239456,-31150.861709779394,56014.41867193468,972.5917016870931,1113.23159904344
0.3,-0.06,30.0,364223.0002802182,393943.5389790354,-29720.538698817196,-0.08159984041631482,614.8662980483444,-48.33658763401664,-30335.40499686554,-182012.42998119324,-390495.7800613273,18290.283188292906,True,-64467.76371217288,3663.2468294304954,False,68131.01054160338,2.2923881438365323,cubic_gamma_sigma,-21344.22586441339,-346.19083473627575,961.0571327846202,-31150.861709779394,33608.65120316081,350.1330126073534,240.45802539338294
0.3,-0.03,30.0,365696.9187401452,404615.65191124205,-38918.73317109683,-0.10642346483305065,67.16886582801718,-579.4162621525645,-38985.90203692485,-233915.41222154908,-336703.40399185306,-85373.67361123787,True,-56050.06513281416,-14161.776736044962,True,41888.288396769196,1.076301435933627,cubic_speed,-10672.112932206695,-173.09541736813787,240.26428319615505,-31150.861709779394,16804.325601580404,87.53325315183835,30.057253174172867
0.3,-0.01,30.0,367228.60599980404,411730.3938660465,-44501.78786624246,-0.12118279224213326,-31.002440989806505,1435.42851612473,-44470.78542525266,-266824.71255151596,-329314.1890851114,-153231.48416382007,True,-54916.7006218417,-25569.58313495982,True,29347.11748688188,0.6594592912781287,cubic_speed,-3557.370977402232,-57.698472456045955,26.69603146623945,-31150.861709779394,5601.441867193468,9.72591701687093,1.1132315990434398
0.3,0.0,30.0,368169.8623610625,415287.76484344876,-47117.90248238627,-0.12797870575342737,0.0,,-47117.90248238627,-282707.4148943176,-332394.3012883946,-148794.4930548961,True,-55399.05021473244,-24799.082175816016,True,30599.968038916417,0.649434003356906,cubic_speed,0.0,0.0,0.0,-31150.861709779394,-0.0,0.0,-0.0
0.3,0.01,30.0,369230.16491193377,418845.135820851,-49614.970908917254,-0.13437409947464904,84.39450392228541,-587.8933888231057,-49699.36541283954,-298196.19247703726,-339299.8177682107,-137873.10096444265,True,-56465.57512411283,-22894.455656818158,True,33571.11946729468,0.6766328560168716,cubic_speed,3557.370977402232,57.698472456045955,26.69603146623945,-31150.861709779394,-5601.441867193468,9.72591701687093,-1.1132315990434398
0.3,0.03,30.0,371708.71642199566,425959.8777756555,-54251.161353659816,-0.1459507376525151,413.3597005642929,-131.2444374224181,-54664.52105422411,-327987.12632534467,-362947.87233389326,-119759.2778697213,True,-60077.952355084584,-19546.51994438926,True,40531.43241069533,0.7471071844245608,cubic_speed,10672.112932206695,173.09541736813787,240.26428319615505,-31150.861709779394,-16804.325601580404,87.53325315183835,-30.057253174172867
0.3,0.06,30.0,376305.2534127237,436631.99070786213,-60326.73729513842,-0.1603133008323254,1307.247967520896,-46.14789144368978,-61633.98526265931,-369803.91157595586,-418929.1892575467,-99584.15718862151,True,-68514.28357540356,-15290.111563916023,True,53224.17201148753,0.8822650519138341,cubic_gamma_sigma,21344.22586441339,346.19083473627575,961.0571327846202,-31150.861709779394,-33608.65120316081,350.1330126073534,-240.45802539338294
0.3,0.1,30.0,383974.60930124373,450861.4746174711,-66886.86531622737,-0.174196063218732,3246.5878711844052,-20.602203904564583,-70133.45318741177,-420800.7191244706,-526401.1371031278,-80742.45633532199,True,-84486.93497933689,-10210.488184702592,True,74276.44679463429,1.1104788128950356,cubic_gamma_sigma,35573.70977402232,576.9847245604595,2669.6031466239456,-31150.861709779394,-56014.41867193468,972.5917016870931,-1113.23159904344
0.3,0.15,30.0,395737.90489785536,468648.3295044822,-72910.42460662685,-0.1842391737163664,6872.084166744566,-10.60965244859128,-79782.50877337142,-478695.05264022853,-700447.8902139425,-64206.59197664527,True,-109869.23086891252,-3829.0144960296457,True,106040.21637288287,1.4543903282006787,cubic_gamma_sigma,53360.56466103347,865.4770868406894,6006.607079903876,-31150.861709779394,-84021.62800790202,2188.331328795959,-3757.156646771608
0.3,0.2,30.0,409501.82389963325,486435.1843914934,-76933.36049186013,-0.18787061742297903,11832.382035616702,-6.501933445039445,-88765.74252747683,-532594.4551648609,-889171.1102354876,-52260.536200385424,True,-136362.80300363124,3122.292668885797,False,139485.09567251703,1.8130638617726198,cubic_gamma_sigma,71147.41954804464,1153.969449120919,10678.412586495782,-31150.861709779394,-112028.83734386937,3890.3668067483723,-8905.85279234752
