book,radius_cubic,radius_quartic,delta,abs_delta,measured_zero_count,cubic_zero_count,quartic_zero_count,cubic_within_tolerance,quartic_within_tolerance,cubic_nearest_zero_distance,quartic_nearest_zero_distance
published ladder,0.05,0.15,-0.3,0.3,1,1,1,False,False,0.09341752441547391,0.03227468405949802
published ladder,0.05,0.15,-0.2,0.2,1,1,1,False,False,0.0348587364364816,0.005479350133031397
published ladder,0.05,0.15,-0.15,0.15,1,1,1,False,True,0.018873008297375794,0.0016208684077405958
published ladder,0.05,0.15,-0.1,0.1,1,1,1,False,True,0.008429113338523931,0.0002783754541479614
published ladder,0.05,0.15,-0.05,0.05,2,1,2,True,True,0.0024326646741319596,3.9026723058430135e-07
published ladder,0.05,0.15,-0.02,0.02,0,0,0,False,False,,
published ladder,0.05,0.15,0.02,0.02,2,2,2,True,True,0.00018167485029671297,4.079183925937563e-07
published ladder,0.05,0.15,0.05,0.05,2,3,2,True,True,0.0014966152357359895,1.1496688844848946e-05
published ladder,0.05,0.15,0.1,0.1,1,1,2,False,True,0.006658374439378528,0.0002859752397795928
published ladder,0.05,0.15,0.15,0.15,1,1,1,False,True,0.01607311885255295,0.0015956971226373864
published ladder,0.05,0.15,0.2,0.2,1,1,1,False,False,0.030873804598333235,0.005419577614849749
published ladder,0.05,0.15,0.3,0.3,0,1,0,False,False,,
long-dated wide,0.1,0.3,-0.3,0.3,1,1,1,True,True,0.0014476634994783563,0.0003272088077240151
long-dated wide,0.1,0.3,-0.2,0.2,1,1,1,True,True,0.0005062442962865052,0.00011963523643411522
long-dated wide,0.1,0.3,-0.15,0.15,1,1,1,True,True,0.00022006956346821809,5.504127281619545e-05
long-dated wide,0.1,0.3,-0.1,0.1,1,1,1,True,True,5.7787976179868826e-05,1.6554537928508382e-05
long-dated wide,0.1,0.3,-0.05,0.05,1,1,1,True,True,2.639799428069342e-06,1.646870548719162e-06
long-dated wide,0.1,0.3,-0.02,0.02,1,1,1,True,True,3.013438406888544e-07,5.650786802466768e-08
long-dated wide,0.1,0.3,0.02,0.02,2,2,2,True,True,1.8137108735235977e-06,8.213325337512109e-08
long-dated wide,0.1,0.3,0.05,0.05,2,2,2,True,True,6.961975324716726e-05,3.921858828289347e-06
long-dated wide,0.1,0.3,0.1,0.1,2,1,2,True,True,0.0020606407199528914,3.283129796082668e-05
long-dated wide,0.1,0.3,0.15,0.15,2,1,2,False,True,0.023474675800179083,0.0010741080208380785
long-dated wide,0.1,0.3,0.2,0.2,2,0,2,False,True,,1.9221189154428053e-05
long-dated wide,0.1,0.3,0.3,0.3,0,0,1,False,False,,
short-dated tight,0.02,0.05,-0.3,0.3,0,1,0,False,False,,
short-dated tight,0.02,0.05,-0.2,0.2,0,1,0,False,False,,
short-dated tight,0.02,0.05,-0.15,0.15,0,1,1,False,False,,
short-dated tight,0.02,0.05,-0.1,0.1,1,1,1,False,False,0.06184337768142578,0.007787410977237431
short-dated tight,0.02,0.05,-0.05,0.05,2,1,1,False,True,0.014277908960165234,0.0005666792803906539
short-dated tight,0.02,0.05,-0.02,0.02,2,2,2,True,True,0.0027280748483932793,3.278316014288917e-05
short-dated tight,0.02,0.05,0.02,0.02,2,2,2,True,True,0.0016006054503744519,1.7880496035019983e-05
short-dated tight,0.02,0.05,0.05,0.05,2,1,1,False,True,0.011410886539828056,0.0002851767332621505
short-dated tight,0.02,0.05,0.1,0.1,1,1,1,False,True,0.05369063731382422,0.00033795408486586576
short-dated tight,0.02,0.05,0.15,0.15,0,1,0,False,False,,
short-dated tight,0.02,0.05,0.2,0.2,0,1,0,False,False,,
short-dated tight,0.02,0.05,0.3,0.3,0,1,0,False,False,,
deep out of the money,0.15,0.2,-0.3,0.3,1,1,1,False,True,0.020157179538720545,0.0025806340713798795
deep out of the money,0.15,0.2,-0.2,0.2,1,1,1,False,True,0.005663931149543574,0.00043309150137715163
deep out of the money,0.15,0.2,-0.15,0.15,1,1,1,True,True,0.002362621722366198,0.00013098775024204118
deep out of the money,0.15,0.2,-0.1,0.1,1,1,1,True,True,0.0006990343108202192,2.5448319678084315e-05
deep out of the money,0.15,0.2,-0.05,0.05,1,1,1,True,True,8.811536560728939e-05,1.6153578699605034e-06
deep out of the money,0.15,0.2,-0.02,0.02,2,2,2,True,True,5.694907254064576e-06,4.2461165003276815e-08
deep out of the money,0.15,0.2,0.02,0.02,2,2,2,True,True,5.802727454192678e-06,4.497402287598749e-08
deep out of the money,0.15,0.2,0.05,0.05,1,1,1,True,True,9.235750476714575e-05,1.868165512769319e-06
deep out of the money,0.15,0.2,0.1,0.1,1,1,1,True,True,0.0007686834080221127,3.445127884423515e-05
deep out of the money,0.15,0.2,0.15,0.15,1,1,1,True,True,0.002730858471151081,0.00021293133880963066
deep out of the money,0.15,0.2,0.2,0.2,1,1,1,False,True,0.006901436157542173,0.0008818791968393728
deep out of the money,0.15,0.2,0.3,0.3,1,1,1,False,False,0.027633227090470357,0.010604366387410304
in the money,0.05,0.1,-0.3,0.3,0,0,0,False,False,,
in the money,0.05,0.1,-0.2,0.2,0,1,0,False,False,,
in the money,0.05,0.1,-0.15,0.15,1,1,1,False,False,0.035187507464716536,0.015806925167341904
in the money,0.05,0.1,-0.1,0.1,1,1,1,False,True,0.005967485559509128,0.0009048619251613779
in the money,0.05,0.1,-0.05,0.05,1,1,1,True,True,0.0005356193341896362,1.4367617036391105e-05
in the money,0.05,0.1,-0.02,0.02,2,2,2,True,True,2.8641770475402702e-05,6.1951072008892966e-09
in the money,0.05,0.1,0.02,0.02,2,2,2,True,True,2.231674787940639e-05,3.7941309761070196e-07
in the money,0.05,0.1,0.05,0.05,2,2,2,True,True,0.0002813578338209848,2.4485347807014397e-05
in the money,0.05,0.1,0.1,0.1,1,1,1,True,True,0.001370624759864457,0.0006883619465043525
in the money,0.05,0.1,0.15,0.15,1,1,1,True,False,0.0013798003609906614,0.0062982592357838305
in the money,0.05,0.1,0.2,0.2,1,1,0,False,False,0.005735881985585431,
in the money,0.05,0.1,0.3,0.3,0,0,0,False,False,,
