absolute_error,arithmetic_minus_geometric,barrier_level,clamped_variance_steps,control_beta,direction,dividend_yield,error_in_standard_errors,family,feller_satisfied,kappa,maturity_days,monitoring_points,note,oracle_fixing_dates,oracle_price,our_price,our_standard_error,paths,rate,relative_error,rho,spot,steps,strike,theta,v0,volatility,xi
3.239419e-02,,,13036,,,0.02,-1.0306,heston_analytic,True,2.0,365,,"full-truncation Euler on variance; discretisation bias is present and measured by step refinement, this is not an exact simulation",,10.8026209715,10.7702267836,3.143178e-02,200000,0.05,2.998734e-03,-0.7,100.0,250,100.0,0.0625,0.0625,,0.4
2.009916e-02,,,,,,0.02,-0.5121,heston_degenerate,,,365,,xi = 0: the scheme must collapse to Black-Scholes,,11.1237619281,11.1036627682,3.924951e-02,200000,0.05,1.806867e-03,,100.0,250,100.0,,0.0625,,
4.135430e-02,,,13036,,,0.02,-1.0851,heston_analytic,True,2.0,365,,"full-truncation Euler on variance; discretisation bias is present and measured by step refinement, this is not an exact simulation",,16.8789066753,16.8375523792,3.811055e-02,200000,0.05,2.450058e-03,-0.7,100.0,250,90.0,0.0625,0.0625,,0.4
3.484900e-02,,,,,,0.02,-0.7633,heston_degenerate,,,365,,xi = 0: the scheme must collapse to Black-Scholes,,16.6358101243,16.6009611289,4.565400e-02,200000,0.05,2.094818e-03,,100.0,250,90.0,,0.0625,,
1.987422e-02,,,13036,,,0.02,-0.8241,heston_analytic,True,2.0,365,,"full-truncation Euler on variance; discretisation bias is present and measured by step refinement, this is not an exact simulation",,6.21456989932,6.19469568034,2.411638e-02,200000,0.05,3.198004e-03,-0.7,100.0,250,110.0,0.0625,0.0625,,0.4
1.012881e-02,,,,,,0.02,-0.3126,heston_degenerate,,,365,,xi = 0: the scheme must collapse to Black-Scholes,,7.11210234813,7.10197354027,3.240529e-02,200000,0.05,1.424165e-03,,100.0,250,110.0,,0.0625,,
8.356099e-02,,,4207334,,,0.0,-1.3450,heston_analytic,False,1.5,730,,"full-truncation Euler on variance; discretisation bias is present and measured by step refinement, this is not an exact simulation",,18.7049445777,18.6213835922,6.212901e-02,200000,0.05,4.467321e-03,-0.3,100.0,250,100.0,0.09,0.04,,0.8
3.300093e-02,,,,,,0.0,-0.6546,heston_degenerate,,,730,,xi = 0: the scheme must collapse to Black-Scholes,,16.126779725,16.0937787947,5.041638e-02,200000,0.05,2.046343e-03,,100.0,250,100.0,,0.04,,
1.368831e-02,,,1249578,,,0.01,-0.8411,heston_analytic,False,6.0,180,,"full-truncation Euler on variance; discretisation bias is present and measured by step refinement, this is not an exact simulation",,6.53296680816,6.51927849633,1.627454e-02,200000,0.03,2.095267e-03,-0.9,100.0,250,100.0,0.04,0.09,,0.9
1.575323e-02,,,,,,0.01,-0.4961,heston_degenerate,,,180,,xi = 0: the scheme must collapse to Black-Scholes,,8.80430815413,8.78855492021,3.175276e-02,200000,0.03,1.789264e-03,,100.0,250,100.0,,0.09,,
2.182914e-01,,130.0,,,up,0.0,,barrier_continuous_discrete_monitoring,,,365,,discrete monitoring over 250 dates,,2.22353899135,2.44183036132,1.229727e-02,200000,0.05,9.817294e-02,,100.0,250,100.0,,,0.25,
1.904668e-02,,130.0,,,up,0.0,,barrier_continuous_bgk_corrected,,,365,,"discrete monitoring over 250 dates, barrier shifted by exp(beta sigma sqrt(dt)) to approximate continuous monitoring (BGK correction, an approximation)",,2.22353899135,2.20449231097,1.151729e-02,200000,0.05,8.565930e-03,,100.0,250,100.0,,,0.25,
4.293962e-02,,70.0,,,down,0.0,,barrier_continuous_discrete_monitoring,,,365,,discrete monitoring over 250 dates,,12.3191137045,12.2761740814,4.127764e-02,200000,0.05,3.485610e-03,,100.0,250,100.0,,,0.25,
4.613681e-02,,70.0,,,down,0.0,,barrier_continuous_bgk_corrected,,,365,,"discrete monitoring over 250 dates, barrier shifted by exp(beta sigma sqrt(dt)) to approximate continuous monitoring (BGK correction, an approximation)",,12.3191137045,12.2729768905,4.127949e-02,200000,0.05,3.745141e-03,,100.0,250,100.0,,,0.25,
2.352913e-01,,140.0,,,up,0.02,,barrier_continuous_discrete_monitoring,,,182,,discrete monitoring over 100 dates,,1.67729951364,1.91259079852,1.126319e-02,200000,0.05,1.402798e-01,,100.0,100,110.0,,,0.35,
1.672446e-02,,140.0,,,up,0.02,,barrier_continuous_bgk_corrected,,,182,,"discrete monitoring over 100 dates, barrier shifted by exp(beta sigma sqrt(dt)) to approximate continuous monitoring (BGK correction, an approximation)",,1.67729951364,1.66057504953,1.020863e-02,200000,0.05,9.971066e-03,,100.0,100,110.0,,,0.35,
2.291434e-03,n/a,,,n/a,,0.02,,asian_geometric_closed_form,,,365,12,"geometric Asian, discrete fixing dates at t_i = i T / M",12,6.38803883215,6.39033026606,n/a,200000,0.05,3.587069e-04,,100.0,,100.0,,,0.25,
8.984433e-03,n/a,,,n/a,,0.02,,asian_geometric_simulated,,,365,12,"geometric Asian, discrete fixing dates at t_i = i T / M",12,6.38803883215,6.37905439871,2.182683e-02,200000,0.05,1.406446e-03,,100.0,,100.0,,,0.25,
n/a,2.840032e-01,,,0.612827839,,0.02,,asian_arithmetic_control_variate,,,365,12,"arithmetic Asian: AM >= GM ordering check, the geometric analytic value is not an oracle for it",12,6.38803883215,6.6743334891,1.013403e-02,200000,0.05,n/a,,100.0,,100.0,,,0.25,
3.034903e-03,n/a,,,n/a,,0.0,,asian_geometric_closed_form,,,365,52,"geometric Asian, discrete fixing dates at t_i = i T / M",52,5.47318383813,5.47621874089,n/a,200000,0.05,5.545041e-04,,100.0,,105.0,,,0.3,
8.935109e-03,n/a,,,n/a,,0.0,,asian_geometric_simulated,,,365,52,"geometric Asian, discrete fixing dates at t_i = i T / M",52,5.47318383813,5.48211894736,2.248112e-02,200000,0.05,1.632525e-03,,100.0,,105.0,,,0.3,
n/a,4.049869e-01,,,0.534188159,,0.0,,asian_arithmetic_control_variate,,,365,52,"arithmetic Asian: AM >= GM ordering check, the geometric analytic value is not an oracle for it",52,5.47318383813,5.88120565096,1.233407e-02,200000,0.05,n/a,,100.0,,105.0,,,0.3,
1.385558e-13,n/a,,,n/a,,0.01,,asian_geometric_closed_form,,,182,26,"geometric Asian, discrete fixing dates at t_i = i T / M",26,6.51901290398,6.51901290398,n/a,200000,0.03,2.125411e-14,,100.0,,95.0,,,0.2,
1.501268e-02,n/a,,,n/a,,0.01,,asian_geometric_simulated,,,182,26,"geometric Asian, discrete fixing dates at t_i = i T / M",26,6.51901290398,6.50400022217,1.495849e-02,200000,0.03,2.302907e-03,,100.0,,95.0,,,0.2,
n/a,1.120706e-01,,,0.780432685,,0.01,,asian_arithmetic_control_variate,,,182,26,"arithmetic Asian: AM >= GM ordering check, the geometric analytic value is not an oracle for it",26,6.51901290398,6.63108355237,4.593614e-03,200000,0.03,n/a,,100.0,,95.0,,,0.2,
