origin,objective,covariance_estimator,forward_volatility,realised_volatility,realised_worst_loss,in_sample_variance
0,min_variance,shrinkage,0.013568367292854778,0.009956667894690126,0.012026740008259583,4.4194910418257714e-05
0,risk_parity,shrinkage,0.013007624459582012,0.010567028630190479,0.012855254767900701,4.787489916283533e-05
0,min_cvar,shrinkage,0.013296770394142685,0.009726431747642723,0.01559723640352132,5.415110677705383e-05
0,max_sharpe,shrinkage,0.01912521241807857,0.015222705035926407,0.01938089537859468,0.00021783336454739988
5,min_variance,shrinkage,0.012798395070970187,0.009022492770588619,0.010961986416821948,4.7098899921481446e-05
5,risk_parity,shrinkage,0.012555276859955047,0.009381491777127486,0.012684181647170093,5.082921386202315e-05
5,min_cvar,shrinkage,0.012546981361836266,0.009045428936478722,0.013167723139807772,5.5316001393401735e-05
5,max_sharpe,shrinkage,0.016758920381806052,0.013197369197634779,0.021478134356863684,0.00015952194370793307
10,min_variance,shrinkage,0.012733289344997836,0.009301207972800608,0.01103057961690231,4.664917207869914e-05
10,risk_parity,shrinkage,0.012499499554254065,0.009491465424843054,0.012635492851811033,5.1143090584858755e-05
10,min_cvar,shrinkage,0.012813565233461124,0.009349460846199614,0.013623806981136067,5.6110800835470885e-05
10,max_sharpe,shrinkage,0.01581335032014482,0.013313290299510656,0.021213454024852713,0.00013799206357613733
15,min_variance,shrinkage,0.01319161289687002,0.008042519766031798,0.011363525162088514,4.938387458034354e-05
15,risk_parity,shrinkage,0.012680399674651567,0.008847353522571877,0.012528266895298602,5.344747504058394e-05
15,min_cvar,shrinkage,0.012813565233484802,0.009075717378655588,0.013623806981147615,5.685238710031695e-05
15,max_sharpe,shrinkage,0.015433407002459024,0.012472226414397092,0.022646614309255714,0.00013245772696642098
20,min_variance,shrinkage,0.013237968224500482,0.006989091343164737,0.008881202907530404,4.944743099112308e-05
20,risk_parity,shrinkage,0.012745956105433977,0.0069813263671593745,0.007332903424118929,5.4378316491312934e-05
20,min_cvar,shrinkage,0.012880826224697868,0.006358984336292681,0.008969525209922728,5.3032963195383224e-05
20,max_sharpe,shrinkage,0.015408261199873895,0.01077709964588527,0.021601348472057295,0.00012154761372290311
25,min_variance,shrinkage,0.013436933976234071,0.006772373745617731,0.008779820885846897,4.7137929074059635e-05
25,risk_parity,shrinkage,0.012814412035518275,0.007283590242310833,0.008923351707527727,5.1376159985674425e-05
25,min_cvar,shrinkage,0.012880826224701908,0.007091598811905084,0.01121630914903296,5.120654310443512e-05
25,max_sharpe,shrinkage,0.016332416999608263,0.011743826076735964,0.022255595182647237,0.0001432772320941327
30,min_variance,shrinkage,0.013546770800179884,0.006553071772268377,0.008741932856896461,4.68407208542737e-05
30,risk_parity,shrinkage,0.012942847122788611,0.006767632431072072,0.008834762621096788,5.1784788042922954e-05
30,min_cvar,shrinkage,0.012880826224704595,0.0067745783713786525,0.011216309149040024,5.073442304451093e-05
30,max_sharpe,shrinkage,0.015500095898266921,0.011707969887845993,0.024322801660472626,0.00013693469872932718
35,min_variance,shrinkage,0.013743098181880794,0.0062834245730616686,0.008717957355538507,4.5996214561099964e-05
35,risk_parity,shrinkage,0.013180534413181736,0.006570302136776883,0.008844545519893096,5.052595746401176e-05
35,min_cvar,shrinkage,0.01293763819366877,0.006491778417776011,0.011568164529821373,4.998718857212422e-05
35,max_sharpe,shrinkage,0.014958626270774567,0.007994044425606051,0.014539629602842413,0.00010137673450825618
40,min_variance,shrinkage,0.013670474959846812,0.005994520391071476,0.012237963424510872,4.682528551952349e-05
40,risk_parity,shrinkage,0.013129086508943838,0.006774935497088044,0.01328092491507098,5.1391596496486194e-05
40,min_cvar,shrinkage,0.012937638193665363,0.006883621801550283,0.013449748479422277,4.962661293981332e-05
40,max_sharpe,shrinkage,0.014207335816393114,0.009517934336395572,0.016959123207770446,8.920415234789261e-05
45,min_variance,shrinkage,0.01381378475057962,0.00561127643126768,0.011063158023983524,4.629420685979409e-05
45,risk_parity,shrinkage,0.013247648285713865,0.0060954576872721536,0.011601682404733365,5.1250583688606135e-05
45,min_cvar,shrinkage,0.01274588038013774,0.006222563854407736,0.013572859500959017,5.0365994752682986e-05
45,max_sharpe,shrinkage,0.01430281317490554,0.008579076970509796,0.01671709474732843,7.954211396849013e-05
50,min_variance,shrinkage,0.013837263911753729,0.00595145967069616,0.010794280991658651,4.522331588620466e-05
50,risk_parity,shrinkage,0.01323834579929627,0.006616574170396715,0.011463017999559495,4.9882056228420914e-05
50,min_cvar,shrinkage,0.012990721607668418,0.005832945162327908,0.011209044069414826,4.6935972413742705e-05
50,max_sharpe,shrinkage,0.014307825917289423,0.00845597994368909,0.016001904967825373,6.829640744577156e-05
55,min_variance,shrinkage,0.013671790167284776,0.006222914353563896,0.010748860613115965,4.4702102780865355e-05
55,risk_parity,shrinkage,0.013118931121927127,0.006965434203102126,0.012289603407024174,4.930802972907405e-05
55,min_cvar,shrinkage,0.012990721607659402,0.006290211858594647,0.011209044069405335,4.6096347277993445e-05
55,max_sharpe,shrinkage,0.013947983557192487,0.008259314081466214,0.016803619109104127,6.55412331167788e-05
60,min_variance,shrinkage,0.013653588163842855,0.004966196707682854,0.005820153314754555,4.647787061990769e-05
60,risk_parity,shrinkage,0.013162196838137229,0.005322314988708503,0.0065110330169682856,5.174912465019916e-05
60,min_cvar,shrinkage,0.012951203862477896,0.005229366312056527,0.006363314838117337,4.764880941653921e-05
60,max_sharpe,shrinkage,0.01463008775977053,0.006788581077541303,0.010199084863472117,7.225109895551549e-05
65,min_variance,shrinkage,0.013619100955047933,0.006278324149562568,0.009860893717520755,4.7052448468968006e-05
65,risk_parity,shrinkage,0.013135068507492175,0.006670568386105792,0.010985388864888715,5.2351123945662125e-05
65,min_cvar,shrinkage,0.012951203862481366,0.0065082635490852445,0.010123156714759895,4.854578216640504e-05
65,max_sharpe,shrinkage,0.014192944078625206,0.009071106108035238,0.01480760880090575,6.424462428508927e-05
70,min_variance,shrinkage,0.013390568904738049,0.006358700666169992,0.010084869459252473,4.724766520917365e-05
70,risk_parity,shrinkage,0.012923658952745132,0.006518814530338603,0.011270771167282343,5.266246932026054e-05
70,min_cvar,shrinkage,0.012471440338577933,0.006658663006896788,0.010449599369058853,4.8595698090528395e-05
70,max_sharpe,shrinkage,0.013397779204176214,0.009023867325134037,0.013793854173372548,6.732340630226772e-05
75,min_variance,shrinkage,0.013527921438360152,0.0066449480698477,0.010154460450314762,4.716638246758582e-05
75,risk_parity,shrinkage,0.013070103061859184,0.006710034748823736,0.011509933557514633,5.2869299695493857e-05
75,min_cvar,shrinkage,0.01247144033857918,0.00670414882579023,0.010455680560244627,4.883837762268237e-05
75,max_sharpe,shrinkage,0.01340163404588768,0.008363046146602864,0.014422919351954763,6.651132066892749e-05
80,min_variance,shrinkage,0.013580445239558387,0.008302868760841128,0.013382630997518848,4.50295597573426e-05
80,risk_parity,shrinkage,0.013132655852686075,0.008333963193812891,0.015051899908461699,5.030142630443167e-05
80,min_cvar,shrinkage,0.013088853017799607,0.008542355977873369,0.013792099992538727,4.6136863401834206e-05
80,max_sharpe,shrinkage,0.0137692963381585,0.00940187743293663,0.015751820516142843,6.056294500828018e-05
85,min_variance,shrinkage,0.013559705302881116,0.007713487926266149,0.010818509192632782,4.62194556667864e-05
85,risk_parity,shrinkage,0.01313550004109651,0.00762728792532879,0.01109004993175823,5.1579174413783656e-05
85,min_cvar,shrinkage,0.01426449593380776,0.007434753243933642,0.009627147420843859,4.900803920797071e-05
85,max_sharpe,shrinkage,0.01408251511772284,0.007871142507802959,0.01144809455500189,6.417249954352946e-05
90,min_variance,shrinkage,0.013519093001574023,0.007331119618554835,0.01082169296977509,4.607010466617343e-05
90,risk_parity,shrinkage,0.013088720691941676,0.0074002842037413225,0.011063868601699152,5.128058394296523e-05
90,min_cvar,shrinkage,0.01261578064148813,0.007643832336327351,0.01219201975695821,5.187696418733062e-05
90,max_sharpe,shrinkage,0.015164166403117938,0.007330426796887413,0.010982409000105256,6.311561992131777e-05
95,min_variance,shrinkage,0.013584154104453943,0.007595578469295598,0.010615802928504099,4.616608841356153e-05
95,risk_parity,shrinkage,0.013114998154157774,0.007736292465056283,0.010941999939061049,5.1912750697213295e-05
95,min_cvar,shrinkage,0.013192998866226078,0.007956781132927224,0.011084988268736131,4.744127565370308e-05
95,max_sharpe,shrinkage,0.015768817979885615,0.007195524680719416,0.010209594864826553,6.33439888089309e-05
100,min_variance,shrinkage,0.013659564539974009,0.006993779369965944,0.009788558907464003,4.755508381928971e-05
100,risk_parity,shrinkage,0.013118906633103123,0.007399823856591683,0.010162078056008793,5.3350296918420713e-05
100,min_cvar,shrinkage,0.012850061536097272,0.00791773756823234,0.01025256726664306,5.18632971353333e-05
100,max_sharpe,shrinkage,0.015179189595384937,0.007241346155893741,0.010031570593232203,5.911441267150171e-05
105,min_variance,shrinkage,0.013687530653034349,0.007606467616102685,0.015184602013105657,4.918089992273945e-05
105,risk_parity,shrinkage,0.01312250260526379,0.008127941820441464,0.015750032802640992,5.4893257301234434e-05
105,min_cvar,shrinkage,0.013442916582410041,0.007850999750097813,0.014052020469059217,5.159909346152094e-05
105,max_sharpe,shrinkage,0.015560208218272522,0.007700141289468874,0.01302693366450551,6.91776432957062e-05
110,min_variance,shrinkage,0.013639672323255293,0.009436542177435859,0.015313232198302875,4.83660851523636e-05
110,risk_parity,shrinkage,0.013134008447444105,0.009736655098809544,0.01580223282079879,5.394451001184664e-05
110,min_cvar,shrinkage,0.013442916582414947,0.008634465607376152,0.014052020469056292,5.1512977061293964e-05
110,max_sharpe,shrinkage,0.015657189472940338,0.007301793126877965,0.012708947226131395,7.171293696871234e-05
115,min_variance,shrinkage,0.013952369706163847,0.008960625361641512,0.015184814390875117,4.8356235295218465e-05
115,risk_parity,shrinkage,0.01333139781914227,0.009092178756590668,0.015695937101871244,5.3886195024133255e-05
115,min_cvar,shrinkage,0.013309442947361751,0.008962046669885803,0.014380862072535215,5.25441338488954e-05
115,max_sharpe,shrinkage,0.01642697293335983,0.007828693479372912,0.012466136270677136,7.08320707831968e-05
120,min_variance,shrinkage,0.013923197649916707,0.008739977358531053,0.014235399915618447,5.023404097592716e-05
120,risk_parity,shrinkage,0.013410254950914812,0.009010108573640228,0.015384317455606079,5.596107563883362e-05
120,min_cvar,shrinkage,0.01330211866667034,0.008399252916315254,0.014364013382088765,5.571537814841939e-05
120,max_sharpe,shrinkage,0.018010591289028318,0.008941974635035215,0.013661750002608964,9.67699657261385e-05
125,min_variance,shrinkage,0.013800950644604942,0.0076870424046907235,0.010040846736628946,5.413718578906759e-05
125,risk_parity,shrinkage,0.013262279370957671,0.008110910176519175,0.011633428109201788,6.02649978128785e-05
125,min_cvar,shrinkage,0.013540846807336677,0.007774239360544242,0.0104271284111089,5.9452522022841565e-05
125,max_sharpe,shrinkage,0.02155270063526158,0.008832039394669184,0.011497897038408249,0.00013361564122709149
130,min_variance,shrinkage,0.014305039215701459,0.006148639536722868,0.009978348755874465,5.2470519745514135e-05
130,risk_parity,shrinkage,0.013588429734970956,0.006621392361261892,0.011415781365134554,5.786696599130023e-05
130,min_cvar,shrinkage,0.013540846807320239,0.006944403114508018,0.010427128411102386,5.9662569591097364e-05
130,max_sharpe,shrinkage,0.019992091231713863,0.008408291086671172,0.009280892372500476,9.84955463176724e-05
135,min_variance,shrinkage,0.014199688523153033,0.0061254505811098306,0.01001757085108518,5.220018484021396e-05
135,risk_parity,shrinkage,0.013507058905193515,0.006705492458887411,0.011590842176859448,5.7077078357909336e-05
135,min_cvar,shrinkage,0.013540846807345772,0.00670560635103462,0.010871952459431592,6.042939237602856e-05
135,max_sharpe,shrinkage,0.020551940289694096,0.00947215154990125,0.014953563499989,0.00010566940744343348
140,min_variance,shrinkage,0.014174831623079451,0.005969562545892283,0.009109998157068592,5.1432317022052623e-05
140,risk_parity,shrinkage,0.01360413010135169,0.006429961904729969,0.009142698856742982,5.7030947585265436e-05
140,min_cvar,shrinkage,0.013520907731496619,0.0072149909355744704,0.010981060555758555,5.947283151375792e-05
140,max_sharpe,shrinkage,0.02347821159925888,0.01108107827905955,0.018812735330332883,0.0001314855263974509
145,min_variance,shrinkage,0.014206235205267438,0.0062517044803308535,0.010260466696922694,4.737360564959855e-05
145,risk_parity,shrinkage,0.013647808476372935,0.006346843994459563,0.009032207111649242,5.2018265781057165e-05
145,min_cvar,shrinkage,0.016394097350737026,0.00795613698506837,0.014186757594259502,5.724890748476166e-05
145,max_sharpe,shrinkage,0.023893250189537838,0.012359416876743034,0.019931295390556526,0.00013340515772976188
150,min_variance,shrinkage,0.014316846775182586,0.0058971238313361525,0.00991112352227588,4.6746086874260535e-05
150,risk_parity,shrinkage,0.013714073235803145,0.006014740392329465,0.008666551399024836,5.171388135012122e-05
150,min_cvar,shrinkage,0.015890057980662967,0.007998217613844576,0.01359534205851433,5.677131030471464e-05
150,max_sharpe,shrinkage,0.025158469868800822,0.013126821733763193,0.01848538095111583,0.00014330533976450102
155,min_variance,shrinkage,0.014222938621558415,0.006230644074605139,0.011315004964894838,4.613091712375194e-05
155,risk_parity,shrinkage,0.01359559544030034,0.006092543152567998,0.008326229547526012,5.094204338366411e-05
155,min_cvar,shrinkage,0.014563970281215867,0.0077044454209282695,0.013601046369467965,5.69647238609666e-05
155,max_sharpe,shrinkage,0.025527965564852456,0.012943765851897519,0.02233362318983562,0.00013875409368899902
160,min_variance,shrinkage,0.014179585780444147,0.007537898245466784,0.011315304949210975,4.631766933847162e-05
160,risk_parity,shrinkage,0.013435718098056661,0.007044719722387513,0.010020585963880734,5.150122746077078e-05
160,min_cvar,shrinkage,0.014563970281224884,0.008917346966845784,0.013601046369456195,5.6233852657161946e-05
160,max_sharpe,shrinkage,0.024487542772797778,0.01654136052438085,0.024357390353919477,0.00012806015869186799
165,min_variance,shrinkage,0.014103723613035612,0.011118484420936567,0.021503561322142983,4.612929441130101e-05
165,risk_parity,shrinkage,0.013405080034523845,0.010595629295177508,0.02121439125388358,5.052788391064028e-05
165,min_cvar,shrinkage,0.01505312111532558,0.011967292570985425,0.020107076200764955,5.13642575767315e-05
165,max_sharpe,shrinkage,0.024295144815499728,0.019839080873786333,0.028898183765592722,0.00014946968266173994
170,min_variance,shrinkage,0.014113637377477608,0.012259099820776158,0.021203173679526878,4.548233314039084e-05
170,risk_parity,shrinkage,0.013439988499451458,0.011992013913558178,0.021027140202729964,4.980150382590441e-05
170,min_cvar,shrinkage,0.017494643679720742,0.013532653771669503,0.021265694538735135,7.624991541884313e-05
170,max_sharpe,shrinkage,0.022140664155675498,0.01710970285346807,0.027113089125135555,0.00012342292619036866
175,min_variance,shrinkage,0.014176024624881111,0.01335457757434004,0.021518857474416002,4.633342245303218e-05
175,risk_parity,shrinkage,0.013485582500394028,0.012300652537813542,0.021173169801114486,5.078387092782636e-05
175,min_cvar,shrinkage,0.014146175107950763,0.013123135607873588,0.02079297571931562,5.4847705019174346e-05
175,max_sharpe,shrinkage,0.02069992035856654,0.01975201823358508,0.027639122776834633,0.00012045900368126382
180,min_variance,shrinkage,0.01352661468178677,0.013990036960739628,0.02122026795916713,4.9827621228711724e-05
180,risk_parity,shrinkage,0.013160648200848443,0.0129610656757076,0.021050537321179716,5.4195943827494355e-05
180,min_cvar,shrinkage,0.012988548189531803,0.01380553362551305,0.019460046163238334,6.167898488653397e-05
180,max_sharpe,shrinkage,0.01902249042501927,0.019683753650419054,0.026419747486248226,0.00013249478051723787
185,min_variance,shrinkage,0.012680394016321104,0.011523663717009084,0.014378114802943586,5.745634233609507e-05
185,risk_parity,shrinkage,0.012659281210116459,0.01048907222862171,0.011387867952878916,6.1014952801853274e-05
185,min_cvar,shrinkage,0.011731093188089766,0.011011912698736347,0.013218190034545375,6.955875949849232e-05
185,max_sharpe,shrinkage,0.01992219225741675,0.02467785147041666,0.04788825515751231,0.00017829256523792543
190,min_variance,shrinkage,0.012522637212834486,0.011687941192144044,0.01539923001704804,6.0902111181726295e-05
190,risk_parity,shrinkage,0.01254163315368992,0.01055469087172061,0.013455716009737302,6.500188091380445e-05
190,min_cvar,shrinkage,0.011731093188081429,0.011781021644902514,0.013218190034540618,6.997626848253739e-05
190,max_sharpe,shrinkage,0.01985708380851671,0.025612940784169296,0.046461332846655684,0.0001680864576589396
195,min_variance,shrinkage,0.012262753468907905,0.010317041728275404,0.014132657621828987,6.27685955423515e-05
195,risk_parity,shrinkage,0.012458037350718956,0.009926585806295518,0.01306740015761619,6.571072688134506e-05
195,min_cvar,shrinkage,0.011731093188085493,0.011116986682381197,0.012929626766628906,7.309151781792172e-05
195,max_sharpe,shrinkage,0.018648776696510605,0.021023040493834893,0.04012314777562648,0.00016682722398869644
200,min_variance,shrinkage,0.011778165376326751,0.009168039924105791,0.012743525997162584,6.6000640701381e-05
200,risk_parity,shrinkage,0.01217478170052287,0.00825711964233151,0.012385893477486344,6.944449063289062e-05
200,min_cvar,shrinkage,0.011731093188083512,0.010527108802392954,0.01292962676661916,7.721639597332486e-05
200,max_sharpe,shrinkage,0.016834588318716894,0.0157982544018941,0.03341653712926096,0.00016135056366535546
205,min_variance,shrinkage,0.011380667567950276,0.010664604553978661,0.019899553105420013,7.003271230673113e-05
205,risk_parity,shrinkage,0.011975807586492885,0.01049758897619473,0.021115007768839986,7.369063130844577e-05
205,min_cvar,shrinkage,0.010925290296947348,0.011369810577288659,0.020279435269068932,8.266249312994945e-05
205,max_sharpe,shrinkage,0.016087586930521026,0.01643236265665738,0.028903706245791697,0.00017395204034247044
210,min_variance,shrinkage,0.011333387901231532,0.0112514570644164,0.019640641478923075,6.973581461617246e-05
210,risk_parity,shrinkage,0.01187974729595916,0.011182467157263109,0.020860705606193804,7.371475070873696e-05
210,min_cvar,shrinkage,0.010925290296949724,0.011561525027960833,0.020279435269084548,8.244470704114545e-05
210,max_sharpe,shrinkage,0.015812096758521594,0.01578595627566713,0.024509515102380044,0.00018670620834402798
215,min_variance,shrinkage,0.01133206365224516,0.011540251690225182,0.019529128586785724,6.86991686774825e-05
215,risk_parity,shrinkage,0.011869700099599917,0.011707745051743722,0.020753828370413605,7.264824993499413e-05
215,min_cvar,shrinkage,0.010925290296948728,0.011742931702532055,0.020279435269082012,8.310882376975378e-05
215,max_sharpe,shrinkage,0.015480880993181524,0.015674570645392467,0.02386508566104925,0.00017879933462567254
220,min_variance,shrinkage,0.011376768960761445,0.011381553568877663,0.01968501674977736,7.11832163969529e-05
220,risk_parity,shrinkage,0.011931727310463595,0.011814026380687938,0.020846241446356915,7.412185569096248e-05
220,min_cvar,shrinkage,0.010925290296954592,0.01149373548525939,0.02027943526909487,8.783000435303763e-05
220,max_sharpe,shrinkage,0.01472167598194117,0.01596632275771112,0.02692108036185439,0.00015805542233860933
225,min_variance,shrinkage,0.011182490465608768,0.008355027283738015,0.010829397264970422,7.66800081776687e-05
225,risk_parity,shrinkage,0.011759172438148308,0.00875695974828753,0.012521216342359604,8.108956995796828e-05
225,min_cvar,shrinkage,0.010510352881696085,0.007509266738213382,0.010472423920111693,9.416750731417852e-05
225,max_sharpe,shrinkage,0.015084450080916398,0.011030629168580525,0.016115799415929062,0.00019366412055775412
230,min_variance,shrinkage,0.010853678155816433,0.008473071714782,0.011753913411129932,7.778543258712769e-05
230,risk_parity,shrinkage,0.01160060915935911,0.00883102415664864,0.013315319465814431,8.28126501717928e-05
230,min_cvar,shrinkage,0.010510352881719608,0.008136353018705753,0.01152630939930685,9.281448022721456e-05
230,max_sharpe,shrinkage,0.015551314606930714,0.012491486070774046,0.0197545559355465,0.0001815214616454692
235,min_variance,shrinkage,0.010745201974513029,0.007645269835141433,0.011835757699112076,7.902789222726898e-05
235,risk_parity,shrinkage,0.011550433642041951,0.008205028596170633,0.013295758676776364,8.423038737644155e-05
235,min_cvar,shrinkage,0.010788980594392882,0.007829523570366856,0.012059873112132939,9.744558986977583e-05
235,max_sharpe,shrinkage,0.015694148031558428,0.011068813660815136,0.020847884615019893,0.0001742892106680993
240,min_variance,shrinkage,0.010653460301761427,0.008828124428782272,0.016886938819653863,7.696321794095299e-05
240,risk_parity,shrinkage,0.011472165819547039,0.009431372537073525,0.018674593004377647,8.173028174283831e-05
240,min_cvar,shrinkage,0.010788980594415376,0.009235111574799231,0.018773936632001498,9.498934350233515e-05
240,max_sharpe,shrinkage,0.017231809816477588,0.014201203127496415,0.028821821420099113,0.0001996564966998578
245,min_variance,shrinkage,0.010591295382582251,0.010729280068380802,0.01695881751289656,7.519219384404465e-05
245,risk_parity,shrinkage,0.011382987747287139,0.011285121490809876,0.01880864390614487,8.008500008867512e-05
245,min_cvar,shrinkage,0.010788980594436209,0.011806943819514403,0.019528053581029728,9.140045522513516e-05
245,max_sharpe,shrinkage,0.017330315812037936,0.016028863138312567,0.03214426448989633,0.00019342551408755375
250,min_variance,shrinkage,0.010639327771554831,0.011422857480691084,0.01894850335462204,7.489757095419973e-05
250,risk_parity,shrinkage,0.011364832848196886,0.011927086228944131,0.019908327766986002,8.008156049704821e-05
250,min_cvar,shrinkage,0.010644788641760689,0.011984761882245874,0.01852599904505882,9.080733133636393e-05
250,max_sharpe,shrinkage,0.017286246978554215,0.01588241559364629,0.029597739233412475,0.0001825108799584456
255,min_variance,shrinkage,0.010478405276150498,0.012554248593294492,0.018591285733899267,7.110419146887559e-05
255,risk_parity,shrinkage,0.011286583375412041,0.013229750186265819,0.019759049472186988,7.744848682967988e-05
255,min_cvar,shrinkage,0.010644788641886168,0.013055071089387799,0.0185259990453241,8.747510937371343e-05
255,max_sharpe,shrinkage,0.016050470724880618,0.01713666360287214,0.031483504820858405,0.00020598103403403562
260,min_variance,shrinkage,0.010447158143957063,0.012218483280743757,0.015041244660781737,7.51275094572215e-05
260,risk_parity,shrinkage,0.011301945331654623,0.012770706207391812,0.016253060274796602,8.261477345692221e-05
260,min_cvar,shrinkage,0.010955921182488441,0.012984458072966186,0.01676228365583135,9.185271799943962e-05
260,max_sharpe,shrinkage,0.015684386473823676,0.013873896423633089,0.018363152165838538,0.0002101217053440402
265,min_variance,shrinkage,0.010243609475627866,0.011341983251131315,0.014990199575920172,7.666002692344774e-05
265,risk_parity,shrinkage,0.011227846579281007,0.01194258113792382,0.016279334306460374,8.429840923765558e-05
265,min_cvar,shrinkage,0.010724188523343397,0.010767881373415998,0.014536403533943837,9.132019203190662e-05
265,max_sharpe,shrinkage,0.013889557066589018,0.014708165132060245,0.01524570257574404,0.0001654956915636661
270,min_variance,shrinkage,0.010055059501406971,0.010309793217875968,0.012283122629506881,7.888725371035435e-05
270,risk_parity,shrinkage,0.011117761962386981,0.011259671048684233,0.012707582864153542,8.700827435529254e-05
270,min_cvar,shrinkage,0.010668150959631499,0.009748760964164289,0.012873220342653119,9.875570551882187e-05
270,max_sharpe,shrinkage,0.011583910821004928,0.0123101919006183,0.012596572296552026,0.00011207180890328235
275,min_variance,shrinkage,0.010008022807326338,0.008188787574468523,0.009100811720854675,8.32180023248061e-05
275,risk_parity,shrinkage,0.01108885180840898,0.00886035280812196,0.009838600959774364,9.214339548727851e-05
275,min_cvar,shrinkage,0.01066815095963057,0.008258800412942812,0.01002187687466843,0.00010210142925720882
275,max_sharpe,shrinkage,0.01362572140541135,0.00992645453025988,0.008315475437644777,0.00016264306453423605
280,min_variance,shrinkage,0.010037084569854563,0.007217062808844369,0.007878204824366342,8.486497541899706e-05
280,risk_parity,shrinkage,0.011076963351659414,0.008005206811359817,0.009772771869670918,9.389502723509057e-05
280,min_cvar,shrinkage,0.010668150959628772,0.007627713360070827,0.008312511707436169,0.00010387199478204107
280,max_sharpe,shrinkage,0.015510563275257813,0.011839861812004436,0.01309537446228361,0.00021664298937561772
285,min_variance,shrinkage,0.009955083952726478,0.009930697880818372,0.01975865457782653,8.773889542718163e-05
285,risk_parity,shrinkage,0.011080797862219325,0.01032118774617527,0.018073308548303007,9.73990743333666e-05
285,min_cvar,shrinkage,0.010668150959631296,0.012287110555135533,0.025417033253253077,0.00010367862693008999
285,max_sharpe,shrinkage,0.015125458127782378,0.012319230619029502,0.018556522175742513,0.00021254884776702437
290,min_variance,shrinkage,0.009874351987509807,0.009721973667795161,0.020064294290774526,8.769126158100733e-05
290,risk_parity,shrinkage,0.011003598746236949,0.009981911203673036,0.01821944492201533,9.838821957863813e-05
290,min_cvar,shrinkage,0.010668150959628876,0.01203744391956691,0.025417033253254513,0.0001028540613735346
290,max_sharpe,shrinkage,0.015021414507951367,0.013116248741195416,0.023296879349808224,0.0002106160074707399
295,min_variance,shrinkage,0.009866297896740754,0.011286999662907726,0.020095287635796245,8.542311376452858e-05
295,risk_parity,shrinkage,0.010985611210295617,0.011119452454109446,0.01833919852796391,9.627143689597536e-05
295,min_cvar,shrinkage,0.010668150959616726,0.012936967387134596,0.025417033253288354,0.00010289719989619507
295,max_sharpe,shrinkage,0.01518838922915085,0.013889348075652952,0.023823889843138248,0.00021612072736279433
300,min_variance,shrinkage,0.009846455350477106,0.012119767289559552,0.01994676034324936,8.362246197710256e-05
300,risk_parity,shrinkage,0.010966904814630295,0.012046934833535182,0.018300051727327085,9.436531533141332e-05
300,min_cvar,shrinkage,0.010668150959627707,0.014103338139059398,0.02541703325325068,0.00010131538062135024
300,max_sharpe,shrinkage,0.015267770803165912,0.01426732731003873,0.023318983092534662,0.0002169594563609444
305,min_variance,shrinkage,0.009913426153407809,0.009678631193195932,0.013160530961015805,9.07470992227497e-05
305,risk_parity,shrinkage,0.011002598174005656,0.01001117885204404,0.015922949981363715,0.00010230385888871095
305,min_cvar,shrinkage,0.011402360330307854,0.01089477260195974,0.017114094337219242,0.0001177147090541152
305,max_sharpe,shrinkage,0.019097005908528267,0.014566865093170131,0.022283839642832495,0.0003574636961373249
310,min_variance,shrinkage,0.00992683549118449,0.00976711471553391,0.01340434163733001,8.824087596984729e-05
310,risk_parity,shrinkage,0.011003721070197483,0.010196790536063866,0.014818228086726656,9.944093527546533e-05
310,min_cvar,shrinkage,0.010820950820605229,0.010208975421750048,0.013639143919507313,0.00010606492761433426
310,max_sharpe,shrinkage,0.020415560909200207,0.01646719206259867,0.023872447449713945,0.0003927520652096095
315,min_variance,shrinkage,0.009965889928072798,0.009314944660043156,0.016595191165958794,8.93986140278623e-05
315,risk_parity,shrinkage,0.011117444199645677,0.010206077287270382,0.019971456033578625,9.913341738998793e-05
315,min_cvar,shrinkage,0.010771131413957776,0.00952663480128753,0.01669266130759746,0.00011047972881593916
315,max_sharpe,shrinkage,0.01796871291066144,0.015169439763183348,0.022134324779596835,0.00030117663374650737
320,min_variance,shrinkage,0.009868119132226611,0.008708706885333166,0.016384379566924828,9.228579769876287e-05
320,risk_parity,shrinkage,0.011108425914810373,0.00940282357450896,0.019974818928109535,0.00010343168655118898
320,min_cvar,shrinkage,0.010450975671684078,0.00891407201637466,0.015252090391433736,0.00010500504265645618
320,max_sharpe,shrinkage,0.016217150735789932,0.012213741878250901,0.01754699182466394,0.00023379054742876226
325,min_variance,shrinkage,0.0098652990244159,0.01036574249033166,0.01643320902658052,9.164118210664465e-05
325,risk_parity,shrinkage,0.011106376235606055,0.011722558476497277,0.017042262907586238,0.00010267619354269037
325,min_cvar,shrinkage,0.010450975671696974,0.0108902486903615,0.015252090391457975,0.00010362577441644106
325,max_sharpe,shrinkage,0.01664475018649587,0.014218106140382198,0.015141342344624002,0.00024119213264021938
330,min_variance,shrinkage,0.009897066480727672,0.011586534335683142,0.018722758695626195,9.214306753392205e-05
330,risk_parity,shrinkage,0.011094494428863278,0.01327376384017482,0.02229929789900053,0.00010306525273579928
330,min_cvar,shrinkage,0.0104509756716846,0.012212202168580674,0.018709101209354605,0.00010452636528211384
330,max_sharpe,shrinkage,0.01818204024898957,0.018959102076819855,0.029594978973815682,0.00028042782200212357
335,min_variance,shrinkage,0.009854373510814477,0.011925765876042712,0.02060596531469313,9.4541801528846e-05
335,risk_parity,shrinkage,0.01111151571126457,0.013645874758640684,0.020857478720717026,0.00010598041316456426
335,min_cvar,shrinkage,0.011036168731678161,0.014524367707146513,0.021324818483117403,0.00011489432480032273
335,max_sharpe,shrinkage,0.01897272394919849,0.020264725766126545,0.031011918663317026,0.00029071424627865705
340,min_variance,shrinkage,0.009836743205929225,0.012229767204974889,0.02019611765090496,9.599974781123172e-05
340,risk_parity,shrinkage,0.011114158022181554,0.014901818415188532,0.021480542315449026,0.00010737936048686627
340,min_cvar,shrinkage,0.011306436585790532,0.015644051973084223,0.022405695270908996,0.00012155385622229401
340,max_sharpe,shrinkage,0.020790558221571942,0.02555726018337908,0.041686927380922494,0.0003311107534361142
345,min_variance,shrinkage,0.009739847663890557,0.0100402597077286,0.020593455913049306,9.677850151873309e-05
345,risk_parity,shrinkage,0.011010158598428481,0.011853191165573543,0.021284018001723786,0.0001124163707676924
345,min_cvar,shrinkage,0.011306436585785182,0.011756262818728361,0.02240569527090758,0.00012488918543080782
345,max_sharpe,shrinkage,0.020543463489893426,0.025013443232197535,0.041552479199650355,0.0003232240559490735
350,min_variance,shrinkage,0.00974203699913678,0.010305521010457543,0.01974320959932656,9.660887966156476e-05
350,risk_parity,shrinkage,0.011007390180324116,0.011590286926517028,0.019714015957970323,0.00011317237448628964
350,min_cvar,shrinkage,0.010832862223722175,0.010741862324097634,0.019511127265464917,0.00011559927128432369
350,max_sharpe,shrinkage,0.022307025857745653,0.02619036227452128,0.04399932388764856,0.0003750991232515163
355,min_variance,shrinkage,0.009776074293650995,0.011149614159659708,0.016746054466039346,9.997333143311248e-05
355,risk_parity,shrinkage,0.011056406946063328,0.012227435195151105,0.019561892079321522,0.00011673198086878628
355,min_cvar,shrinkage,0.010869994406315751,0.011377964574561686,0.018859798822882447,0.00012012500523307665
355,max_sharpe,shrinkage,0.02440733197432001,0.027216189336258908,0.04786661482390732,0.0004590674856463589
360,min_variance,shrinkage,0.009755804916833583,0.011804342945748017,0.016523011186557492,0.00010063929313679185
360,risk_parity,shrinkage,0.01100217146281371,0.012314862649186447,0.01830442990847439,0.00012010527037197507
360,min_cvar,shrinkage,0.010879015010151408,0.012843326268414345,0.014812771007145828,0.00012352219399253177
360,max_sharpe,shrinkage,0.026318175268068674,0.02608068775814403,0.04422271701395031,0.0005518035878129261
365,min_variance,shrinkage,0.009707133945312514,0.012443760273295225,0.016063430805884925,0.00010177681021210296
365,risk_parity,shrinkage,0.010997721107027406,0.013438363480903655,0.017342293789877866,0.00012237435659192127
365,min_cvar,shrinkage,0.010879015010151817,0.013885585195864988,0.015699683950621164,0.00012547752032903797
365,max_sharpe,shrinkage,0.02690436539891103,0.024353758824990582,0.04512716036144289,0.0005848507048725545
370,min_variance,shrinkage,0.009739403528783068,0.012547569977299089,0.013752671283816964,0.00010331842097216211
370,risk_parity,shrinkage,0.011071325228734831,0.013666268640498282,0.015156746608448025,0.00012503706727520032
370,min_cvar,shrinkage,0.010879015010151875,0.014414412694320198,0.015699683950622302,0.00012572183295536885
370,max_sharpe,shrinkage,0.025406887255578818,0.021636361225174754,0.042435754325685054,0.000554969818499346
375,min_variance,shrinkage,0.00969844655192254,0.012774628100474437,0.01817807144647592,0.00010646296829068114
375,risk_parity,shrinkage,0.011056855536427114,0.013925037529379888,0.01912434435095565,0.00012786098478211
375,min_cvar,shrinkage,0.010879015010150055,0.014648890435100684,0.018395817542713633,0.00013227113704616234
375,max_sharpe,shrinkage,0.02457812410553475,0.026319212378215565,0.045620938710000405,0.0005416872379985516
380,min_variance,shrinkage,0.009681125144298308,0.012435717184716887,0.018720719038267705,0.00011090036605468789
380,risk_parity,shrinkage,0.011036176154027669,0.013407663927244554,0.02207345669644877,0.00013276890733965037
380,min_cvar,shrinkage,0.010879015010152511,0.013206653330142015,0.018395817542719524,0.00014007509357191666
380,max_sharpe,shrinkage,0.024473703643917984,0.02943948369483233,0.04698052638589004,0.0005076655906169835
385,min_variance,shrinkage,0.009715740873648066,0.012100582977297407,0.01856681283493483,0.00011166714201672482
385,risk_parity,shrinkage,0.01098447873819193,0.013132857310408757,0.021813056706712575,0.00013505880699983842
385,min_cvar,shrinkage,0.010876028390512774,0.012450963909473466,0.018385776268895784,0.00013972165875418828
385,max_sharpe,shrinkage,0.024786206720642624,0.035718036219159026,0.05808372997308211,0.0005023095212422141
390,min_variance,shrinkage,0.009690356426946321,0.011053195810173421,0.018360113289909583,0.00011135937439911662
390,risk_parity,shrinkage,0.010973191727576043,0.012381445408146098,0.021784387301733876,0.00013376532791280294
390,min_cvar,shrinkage,0.010876028390516213,0.010816802238604024,0.018385776268900325,0.00014059391125147142
390,max_sharpe,shrinkage,0.023722915500679995,0.03452698187415047,0.05552044778439014,0.0004736191059297281
395,min_variance,shrinkage,0.009689786590777617,0.008621504867762482,0.015501643737896875,0.00011471851668076819
395,risk_parity,shrinkage,0.011022759995705874,0.010632134799457505,0.020429820617113764,0.00013758193805102787
395,min_cvar,shrinkage,0.010710693894710946,0.008218576799852936,0.015046325958281303,0.00014025456043389778
395,max_sharpe,shrinkage,0.024804978537213092,0.03143632591345616,0.05806135502944172,0.0005660556932081907
400,min_variance,shrinkage,0.009711716830160196,0.008959820621397054,0.014212148061955887,0.00011267098003107713
400,risk_parity,shrinkage,0.011042081882592852,0.011342001430876698,0.019075493156502442,0.0001351066403581007
400,min_cvar,shrinkage,0.010710693894716187,0.009002546372292761,0.015046325958297479,0.0001377392517908712
400,max_sharpe,shrinkage,0.024867925724452573,0.034366033009699405,0.05813535567552808,0.000591152392887567
405,min_variance,shrinkage,0.00978349716670614,0.008461587058499241,0.01412058347665947,0.00011264039319376428
405,risk_parity,shrinkage,0.01108854534071353,0.011660458615750859,0.020344957836563395,0.00013673820785175877
405,min_cvar,shrinkage,0.01071069389472015,0.010395965021317373,0.021655567749117102,0.0001378966158821075
405,max_sharpe,shrinkage,0.025514364654832252,0.02999093165843485,0.04653008152567655,0.0006766450608065306
410,min_variance,shrinkage,0.00975820236221387,0.009567441816376906,0.014243060445911577,0.00010939895617172292
410,risk_parity,shrinkage,0.011021331972915608,0.012653412424857497,0.020370079052760275,0.0001336197258351029
410,min_cvar,shrinkage,0.010710693894718654,0.011540799585023588,0.021655567749111614,0.00013368135114355433
410,max_sharpe,shrinkage,0.02677279914591137,0.030564205688557645,0.04296860656891733,0.0006957904193152006
415,min_variance,shrinkage,0.00975289179730117,0.00935725953900646,0.014664014442008384,0.00010917229548160509
415,risk_parity,shrinkage,0.011028508193039544,0.011928755655538493,0.020391256008849556,0.0001328775034961663
415,min_cvar,shrinkage,0.010710693894709432,0.011563550592181228,0.021655567749088646,0.00013211486900998576
415,max_sharpe,shrinkage,0.028969672433918556,0.02972114036164433,0.04632191379711472,0.0008165190932545311
420,min_variance,shrinkage,0.009843981797202316,0.00877949753025918,0.014940531233050065,0.0001123470362280404
420,risk_parity,shrinkage,0.011095455955095215,0.010599806470803233,0.020515114270759117,0.00013799844470195887
420,min_cvar,shrinkage,0.010710693894714782,0.010741465561878074,0.02165556774909886,0.00013441426479078158
420,max_sharpe,shrinkage,0.02467531315389811,0.02245842888035914,0.04781659017850147,0.0006500466441271672
425,min_variance,shrinkage,0.009855566974039987,0.007742759226270536,0.00747388686636466,0.00011557595177674267
425,risk_parity,shrinkage,0.011080562247804073,0.0077600041948589155,0.004207003517714387,0.00014478911220821764
425,min_cvar,shrinkage,0.009990897146037502,0.007531488147769318,0.0061928411257853545,0.0001220703574840647
425,max_sharpe,shrinkage,0.026154233700094606,0.022458673238211185,0.04531213819657323,0.0007361491186867044
430,min_variance,shrinkage,0.009893029847936592,0.00786950053965286,0.007573452749854535,0.0001079028366035887
430,risk_parity,shrinkage,0.01105341958661547,0.007745016184008672,0.004039779449584574,0.00013833377465126127
430,min_cvar,shrinkage,0.009993244548659092,0.007718343887077566,0.007697744239629876,0.00011083552407392519
430,max_sharpe,shrinkage,0.016873188290992377,0.020764938395803373,0.03620264665691169,0.0003253773520553989
435,min_variance,shrinkage,0.009924929550674545,0.008337883591696321,0.0076300991081268464,0.00010598400794902191
435,risk_parity,shrinkage,0.011068930893638562,0.008205065862495215,0.003942333887907195,0.00013730047682230655
435,min_cvar,shrinkage,0.010183426863156061,0.008735230465271589,0.00797653729954421,0.00011042235697456527
435,max_sharpe,shrinkage,0.019276902401374574,0.024491357104544104,0.042396927770463055,0.000417163052734448
440,min_variance,shrinkage,0.009902246780569031,0.009585001594309335,0.013468074392176534,0.0001033907593612537
440,risk_parity,shrinkage,0.011031153826786759,0.01127611999273648,0.018105226066423362,0.00013280001987294398
440,min_cvar,shrinkage,0.010183426863157001,0.00967786670217411,0.012963613190820587,0.0001078764395339976
440,max_sharpe,shrinkage,0.023171273442537114,0.02608551942479638,0.04110522423908334,0.0005787836624507957
445,min_variance,shrinkage,0.00995183577760273,0.008990068410889084,0.013403296522044823,0.00010113170380344915
445,risk_parity,shrinkage,0.010989306894610713,0.010854350547656008,0.01805002132316547,0.00013107232175167718
445,min_cvar,shrinkage,0.010183426863155653,0.009393417020739722,0.012963613190826846,0.00010493715116524987
445,max_sharpe,shrinkage,0.014823865018680457,0.018100798911760984,0.026069750661677403,0.0002293816859991438
450,min_variance,shrinkage,0.01001072218859331,0.011914388238794137,0.025872850369074846,0.00010292547255232262
450,risk_parity,shrinkage,0.011043857455892194,0.012780880989426603,0.026210222015407077,0.0001347599230631156
450,min_cvar,shrinkage,0.010183426863156287,0.012300590091026698,0.02636098672805775,0.00010760927815932643
450,max_sharpe,shrinkage,0.012526961464196922,0.01478586571443919,0.028039836584211282,0.00018021507933223662
455,min_variance,shrinkage,0.009965412091116867,0.011927214249266623,0.025514347860153497,0.00010441134091686898
455,risk_parity,shrinkage,0.011011443504297348,0.012189838031824647,0.026116214970477575,0.0001365970220175177
455,min_cvar,shrinkage,0.010183426863157163,0.012605654293318643,0.02667065697238675,0.00010820374219847603
455,max_sharpe,shrinkage,0.012568433051278544,0.014093421759469524,0.027699111601128267,0.00016382229514358299
