case,estimator,observations,condition_number,smallest_eigenvalue,solve_succeeded,solve_note,forward_volatility_under_truth,realised_volatility,worst_realised_loss,max_weight,effective_assets,estimator_note
well_conditioned_full_sample,sample,600,15.89884550370353,0.00014209635836240578,True,solved by Cholesky factorisation (matrix is positive definite),0.007351297853365155,0.008470079862292224,0.019306933510654947,0.20741093310922357,6.240841637987424,"unbiased sample covariance, divisor n - 1, per-asset means subtracted"
well_conditioned_full_sample,ewma,600,17.231005375570998,0.00011708050408689233,True,solved by Cholesky factorisation (matrix is positive definite),0.007564799378110812,0.006254681195603313,0.018532564967684573,0.20516545272174092,6.338750683276805,"exponentially weighted second moment about zero (no mean subtracted), newest observation weight 1, normalised to sum to 1"
well_conditioned_full_sample,shrinkage,600,15.093227121500478,0.0001479129559460109,True,solved by Cholesky factorisation (matrix is positive definite),0.007347418056412758,0.007878012568574202,0.020363702245337963,0.20582195743002962,6.263019941541445,"Ledoit-Wolf (2004) linear shrinkage toward tr(S)/p * I, divisor T as in the paper's own derivation, intensity solved in closed form (not cross-validated)"
singular_short_window,sample,5,6.740102728401322e+17,6.984663262861369e-21,False,"not solved: the matrix is singular or indefinite, so no unique solution exists; the robustness suite covers the alternatives this call refuses to guess",0.011141003114294517,0.010309127571036537,0.03030315138691333,0.30814967901235846,3.9273439324957855,"unbiased sample covariance, divisor n - 1, per-asset means subtracted; singular or numerically rank-deficient (smallest eigenvalue within tolerance of zero): do not invert this matrix, the optimisers report failure rather than guess"
singular_short_window,ewma,5,4.5864919844708456e+16,-1.4425233199151695e-19,False,"not solved: the matrix is singular or indefinite, so no unique solution exists; the robustness suite covers the alternatives this call refuses to guess",0.012046888470203217,0.012636130313657826,0.026987769283626135,0.3772157439507673,3.659732156753152,"exponentially weighted second moment about zero (no mean subtracted), newest observation weight 1, normalised to sum to 1; singular or numerically rank-deficient (smallest eigenvalue within tolerance of zero): do not invert this matrix, the optimisers report failure rather than guess"
singular_short_window,shrinkage,5,7.988579798063586,0.00025202337179061846,True,solved by Cholesky factorisation (matrix is positive definite),0.008649404500751046,0.0074981785435041665,0.016044151067008534,0.20777860743439336,5.8787040038623255,"Ledoit-Wolf (2004) linear shrinkage toward tr(S)/p * I, divisor T as in the paper's own derivation, intensity solved in closed form (not cross-validated)"
near_collinear_twins,sample,600,420221775.1418326,1.914487905653763e-12,True,solved by Cholesky factorisation (matrix is positive definite),0.00839008088998935,0.008872805782441148,0.01835368037482867,0.19364175010249557,7.15164344073412,"unbiased sample covariance, divisor n - 1, per-asset means subtracted; condition number 420221813.21098483 exceeds 100000000, so weights on this estimate are unstable under small perturbations of the sample"
near_collinear_twins,ewma,600,633922256.3383598,1.6424652176502654e-12,True,solved by Cholesky factorisation (matrix is positive definite),0.008770421255174203,0.008780522524457482,0.01989186596304788,0.327353303981154,5.577422904802948,"exponentially weighted second moment about zero (no mean subtracted), newest observation weight 1, normalised to sum to 1; condition number 633922266.3885833 exceeds 100000000, so weights on this estimate are unstable under small perturbations of the sample"
near_collinear_twins,shrinkage,600,56.87674456002875,1.3852249605396945e-05,True,solved by Cholesky factorisation (matrix is positive definite),0.008402808708970316,0.009299224952889765,0.021060367124238397,0.19130674884600563,7.203531789190262,"Ledoit-Wolf (2004) linear shrinkage toward tr(S)/p * I, divisor T as in the paper's own derivation, intensity solved in closed form (not cross-validated)"
sample_only_zero_variance_asset,sample,600,1.2975624314421317e+17,4.9330905580086514e-20,False,"not solved: the matrix is singular or indefinite, so no unique solution exists; the robustness suite covers the alternatives this call refuses to guess",0.025846353897018823,0.023060216350925578,0.06808834374404546,0.999999999999882,1.000000000000236,"unbiased sample covariance, divisor n - 1, per-asset means subtracted; singular or numerically rank-deficient (smallest eigenvalue within tolerance of zero): do not invert this matrix, the optimisers report failure rather than guess"
sample_only_zero_variance_asset,ewma,600,4.9710664153623917e+17,-2.4470839128320693e-20,False,"not solved: the matrix is singular or indefinite, so no unique solution exists; the robustness suite covers the alternatives this call refuses to guess",0.0258463538970248,0.02396295851341023,0.05798110555671696,1.0000000000001177,0.9999999999997646,"exponentially weighted second moment about zero (no mean subtracted), newest observation weight 1, normalised to sum to 1; singular or numerically rank-deficient (smallest eigenvalue within tolerance of zero): do not invert this matrix, the optimisers report failure rather than guess"
sample_only_zero_variance_asset,shrinkage,600,86.39621589602244,7.582720211816027e-06,True,solved by Cholesky factorisation (matrix is positive definite),0.02274406288698728,0.020032976450405412,0.05439483725982045,0.8837836748317345,1.2768572152378526,"Ledoit-Wolf (2004) linear shrinkage toward tr(S)/p * I, divisor T as in the paper's own derivation, intensity solved in closed form (not cross-validated)"
