member,kind,metric,value,value_json,source_keys,artifact,artifact_sha256,generated_at_utc
pricing_vs_quantlib,correctness_benchmark,worst relative price error,3.462e-11,3.4620945917602674e-11,worst_relative_error_above_floor / black_scholes_price,benchmarks/quantlib/results/pricing_vs_quantlib.json,6294d01f464558f8a7e808be4c78cbf266fa2f1527a26a61034bfcd01a607a5f,2026-10-04T04:27:20+00:00
pricing_vs_quantlib,correctness_benchmark,worst relative delta error,9.995e-11,9.99542143813424e-11,worst_relative_error_above_floor / greek_delta,benchmarks/quantlib/results/pricing_vs_quantlib.json,6294d01f464558f8a7e808be4c78cbf266fa2f1527a26a61034bfcd01a607a5f,2026-10-04T04:27:20+00:00
pricing_vs_quantlib,correctness_benchmark,worst relative gamma error,3.172e-13,3.1717488194024223e-13,worst_relative_error_above_floor / greek_gamma,benchmarks/quantlib/results/pricing_vs_quantlib.json,6294d01f464558f8a7e808be4c78cbf266fa2f1527a26a61034bfcd01a607a5f,2026-10-04T04:27:20+00:00
pricing_vs_quantlib,correctness_benchmark,worst relative vega error,3.287e-13,3.2870574815178305e-13,worst_relative_error_above_floor / greek_vega,benchmarks/quantlib/results/pricing_vs_quantlib.json,6294d01f464558f8a7e808be4c78cbf266fa2f1527a26a61034bfcd01a607a5f,2026-10-04T04:27:20+00:00
pricing_vs_quantlib,correctness_benchmark,worst relative rho error,1.073e-07,1.0726686374534694e-07,worst_relative_error_above_floor / greek_rho,benchmarks/quantlib/results/pricing_vs_quantlib.json,6294d01f464558f8a7e808be4c78cbf266fa2f1527a26a61034bfcd01a607a5f,2026-10-04T04:27:20+00:00
pricing_vs_quantlib,correctness_benchmark,worst relative theta error,2.526e-10,2.5264702069338426e-10,worst_relative_error_above_floor / greek_theta,benchmarks/quantlib/results/pricing_vs_quantlib.json,6294d01f464558f8a7e808be4c78cbf266fa2f1527a26a61034bfcd01a607a5f,2026-10-04T04:27:20+00:00
pricing_vs_quantlib,correctness_benchmark,CRR 800-step gap to the analytic oracle (absolute),0.114295,0.11429487744889855,worst_absolute_error / lattice[steps=800],benchmarks/quantlib/results/pricing_vs_quantlib.json,6294d01f464558f8a7e808be4c78cbf266fa2f1527a26a61034bfcd01a607a5f,2026-10-04T04:27:20+00:00
pricing_vs_quantlib,correctness_benchmark,worst american call relative error,0.0196127,0.01961272864184868,worst_relative_error_above_floor / lattice_american_call,benchmarks/quantlib/results/pricing_vs_quantlib.json,6294d01f464558f8a7e808be4c78cbf266fa2f1527a26a61034bfcd01a607a5f,2026-10-04T04:27:20+00:00
monte_carlo_vs_analytic,correctness_benchmark,plain MC z mean,0.0309556,0.03095561077884958,z_score_vs_quantlib_analytic / plain / mean,benchmarks/quantlib/results/monte_carlo_validation.json,902f6dcb90aa6e8c62ecb66a3b52e1470a81b503127e707a6b3aca814e7384d0,2026-10-04T04:27:23+00:00
monte_carlo_vs_analytic,correctness_benchmark,plain MC z std dev,0.930436,0.9304356360557189,z_score_vs_quantlib_analytic / plain / std,benchmarks/quantlib/results/monte_carlo_validation.json,902f6dcb90aa6e8c62ecb66a3b52e1470a81b503127e707a6b3aca814e7384d0,2026-10-04T04:27:23+00:00
monte_carlo_vs_analytic,correctness_benchmark,antithetic MC z mean,-0.0227871,-0.022787123782423514,z_score_vs_quantlib_analytic / antithetic / mean,benchmarks/quantlib/results/monte_carlo_validation.json,902f6dcb90aa6e8c62ecb66a3b52e1470a81b503127e707a6b3aca814e7384d0,2026-10-04T04:27:23+00:00
monte_carlo_vs_analytic,correctness_benchmark,antithetic MC z std dev,1.01385,1.0138512198218503,z_score_vs_quantlib_analytic / antithetic / std,benchmarks/quantlib/results/monte_carlo_validation.json,902f6dcb90aa6e8c62ecb66a3b52e1470a81b503127e707a6b3aca814e7384d0,2026-10-04T04:27:23+00:00
monte_carlo_vs_analytic,correctness_benchmark,control-variate MC z mean,0.0503312,0.050331186730374435,z_score_vs_quantlib_analytic / control_variate / mean,benchmarks/quantlib/results/monte_carlo_validation.json,902f6dcb90aa6e8c62ecb66a3b52e1470a81b503127e707a6b3aca814e7384d0,2026-10-04T04:27:23+00:00
monte_carlo_vs_analytic,correctness_benchmark,control-variate MC z std dev,0.923189,0.9231888363749086,z_score_vs_quantlib_analytic / control_variate / std,benchmarks/quantlib/results/monte_carlo_validation.json,902f6dcb90aa6e8c62ecb66a3b52e1470a81b503127e707a6b3aca814e7384d0,2026-10-04T04:27:23+00:00
path_dependent_vs_quantlib,correctness_benchmark,worst geometric-Asian error,5.545e-04,0.0005545041,worst_relative_error / asian_geometric_closed_form,benchmarks/quantlib/results/path_dependent_vs_quantlib.json,05a5cac675553501c3e141a838bfd0b76c8d9fcb717aa2640873c3565a4b0c12,2026-10-04T04:27:48+00:00
path_dependent_vs_quantlib,correctness_benchmark,worst arithmetic-Asian error,0.00230291,0.002302907,worst_relative_error / asian_geometric_simulated,benchmarks/quantlib/results/path_dependent_vs_quantlib.json,05a5cac675553501c3e141a838bfd0b76c8d9fcb717aa2640873c3565a4b0c12,2026-10-04T04:27:48+00:00
path_dependent_vs_quantlib,correctness_benchmark,worst discrete-barrier error,0.14028,0.1402798,worst_relative_error / barrier_discrete,benchmarks/quantlib/results/path_dependent_vs_quantlib.json,05a5cac675553501c3e141a838bfd0b76c8d9fcb717aa2640873c3565a4b0c12,2026-10-04T04:27:48+00:00
path_dependent_vs_quantlib,correctness_benchmark,worst barrier (Broadie-Glasky-Kou) error,0.00997107,0.009971066,worst_relative_error / barrier_bgk_corrected,benchmarks/quantlib/results/path_dependent_vs_quantlib.json,05a5cac675553501c3e141a838bfd0b76c8d9fcb717aa2640873c3565a4b0c12,2026-10-04T04:27:48+00:00
path_dependent_vs_quantlib,correctness_benchmark,worst Heston error,0.00446732,0.004467321,worst_relative_error / heston_analytic,benchmarks/quantlib/results/path_dependent_vs_quantlib.json,05a5cac675553501c3e141a838bfd0b76c8d9fcb717aa2640873c3565a4b0c12,2026-10-04T04:27:48+00:00
path_dependent_vs_quantlib,correctness_benchmark,worst Heston xi=0 degenerate error,0.00209482,0.002094818,worst_relative_error / heston_degenerate,benchmarks/quantlib/results/path_dependent_vs_quantlib.json,05a5cac675553501c3e141a838bfd0b76c8d9fcb717aa2640873c3565a4b0c12,2026-10-04T04:27:48+00:00
optimisation_vs_oracles,correctness_benchmark,problems solved,75,75,agreement / problems_solved,benchmarks/pyportfolioopt/results/optimisation_vs_oracles.json,3eafc21fad365aecc7626c55b8c70ee2409fef0291340c6a64cb632502f459c5,2026-10-04T04:27:53+00:00
optimisation_vs_oracles,correctness_benchmark,worst relative objective gap vs PyPortfolioOpt,"4.484e-09 (assets=12, problem=min_cvar, seed=7)","{""assets"": 12, ""problem"": ""min_cvar"", ""seed"": 7, ""value"": 4.484265322230011e-09}",agreement / worst_relative_objective_gap_pypfopt,benchmarks/pyportfolioopt/results/optimisation_vs_oracles.json,3eafc21fad365aecc7626c55b8c70ee2409fef0291340c6a64cb632502f459c5,2026-10-04T04:27:53+00:00
optimisation_vs_oracles,correctness_benchmark,worst relative objective gap vs cvxpy,"4.484e-09 (assets=12, problem=min_cvar, seed=7)","{""assets"": 12, ""problem"": ""min_cvar"", ""seed"": 7, ""value"": 4.484265322230011e-09}",agreement / worst_relative_objective_gap_cvxpy,benchmarks/pyportfolioopt/results/optimisation_vs_oracles.json,3eafc21fad365aecc7626c55b8c70ee2409fef0291340c6a64cb632502f459c5,2026-10-04T04:27:53+00:00
optimisation_vs_oracles,correctness_benchmark,worst weight difference vs cvxpy,"4.663e-07 (assets=12, problem=min_cvar, seed=7)","{""assets"": 12, ""problem"": ""min_cvar"", ""seed"": 7, ""value"": 4.662630543883495e-07}",agreement / worst_weight_difference_cvxpy,benchmarks/pyportfolioopt/results/optimisation_vs_oracles.json,3eafc21fad365aecc7626c55b8c70ee2409fef0291340c6a64cb632502f459c5,2026-10-04T04:27:53+00:00
optimisation_vs_oracles,correctness_benchmark,worst budget residual,1.450e-12,1.4495071809506044e-12,agreement / worst_budget_residual,benchmarks/pyportfolioopt/results/optimisation_vs_oracles.json,3eafc21fad365aecc7626c55b8c70ee2409fef0291340c6a64cb632502f459c5,2026-10-04T04:27:53+00:00
optimisation_vs_oracles,correctness_benchmark,worst bound violation,0,0.0,agreement / worst_bound_violation,benchmarks/pyportfolioopt/results/optimisation_vs_oracles.json,3eafc21fad365aecc7626c55b8c70ee2409fef0291340c6a64cb632502f459c5,2026-10-04T04:27:53+00:00
mc_speed,performance_benchmark,speedup vs pure Python (mean),8.50741,8.507414305291832,speedup_vs_pure_python,benchmarks/performance/results/monte_carlo_speed.json,6bfb307f78fd7a8843c32f41feebcc2e9e0535249e1e14b8f1f6a3fe542c5c94,2026-10-04T04:27:54+00:00
mc_speed,performance_benchmark,speedup vs NumPy (mean),0.456401,0.4564010504908999,speedup_vs_numpy,benchmarks/performance/results/monte_carlo_speed.json,6bfb307f78fd7a8843c32f41feebcc2e9e0535249e1e14b8f1f6a3fe542c5c94,2026-10-04T04:27:54+00:00
mc_speed,performance_benchmark,"standard error vs analytic, C++",0.537019,0.5370189339461992,z_score_vs_analytic / cpp,benchmarks/performance/results/monte_carlo_speed.json,6bfb307f78fd7a8843c32f41feebcc2e9e0535249e1e14b8f1f6a3fe542c5c94,2026-10-04T04:27:54+00:00
pricing_grid,statistical_experiment,worst put-call parity residual,7.994e-15,7.993606e-15,worst_put_call_parity_residual,experiments/pricing_validation/results/summary.json,34c12feacf2ec434c6e50b1db349ef175c856cc01af4ec1014b2a90a0b34fdb4,2026-10-04T04:27:55+00:00
pricing_grid,statistical_experiment,worst analytic-vs-finite-difference delta,1.170e-04,0.0001169601,worst_analytic_vs_finite_difference_delta,experiments/pricing_validation/results/summary.json,34c12feacf2ec434c6e50b1db349ef175c856cc01af4ec1014b2a90a0b34fdb4,2026-10-04T04:27:55+00:00
pricing_grid,statistical_experiment,"CRR convergence slope, ATM call","deviation_from_theory=0.00594957, deviations_in_standard_errors=1.90298, expected_slope=-1, slope=-0.99405, standard_error=0.00312645","{""deviation_from_theory"": 0.005949572201087161, ""deviations_in_standard_errors"": 1.9029798278458296, ""expected_slope"": -1.0, ""slope"": -0.9940504277989128, ""standard_error"": 0.0031264504825687343}",crr_convergence_slope / atm_call,experiments/pricing_validation/results/summary.json,34c12feacf2ec434c6e50b1db349ef175c856cc01af4ec1014b2a90a0b34fdb4,2026-10-04T04:27:55+00:00
pricing_grid,statistical_experiment,lattice rows,32,32,lattice_rows,experiments/pricing_validation/results/summary.json,34c12feacf2ec434c6e50b1db349ef175c856cc01af4ec1014b2a90a0b34fdb4,2026-10-04T04:27:55+00:00
mc_convergence,statistical_experiment,coverage intervals inside the binomial band,12/12,"""12/12""",coverage_intervals_inside_binomial_band,experiments/monte_carlo_convergence/results/summary.json,6dd41f3ada8368c20a7b421bad54e02440a6e50fddeabebbe4e32619baadaf63,2026-10-04T04:27:59+00:00
mc_convergence,statistical_experiment,"fitted convergence slope, ATM call",-0.614095,-0.6140945056079952,convergence_slope_fit / atm_call / slope,experiments/monte_carlo_convergence/results/summary.json,6dd41f3ada8368c20a7b421bad54e02440a6e50fddeabebbe4e32619baadaf63,2026-10-04T04:27:59+00:00
mc_convergence,statistical_experiment,coverage rows,12,12,coverage_rows,experiments/monte_carlo_convergence/results/summary.json,6dd41f3ada8368c20a7b421bad54e02440a6e50fddeabebbe4e32619baadaf63,2026-10-04T04:27:59+00:00
mc_convergence,statistical_experiment,convergence rows,24,24,convergence_rows,experiments/monte_carlo_convergence/results/summary.json,6dd41f3ada8368c20a7b421bad54e02440a6e50fddeabebbe4e32619baadaf63,2026-10-04T04:27:59+00:00
variance_reduction,statistical_experiment,worst MSE reduction among the variance-reduced cells,1.1155,1.1155,worst_mse_reduction_vs_plain,experiments/variance_reduction/results/summary.json,ff21e61b0454f4520efdb8a129b024705415756f92a1f90a844c4cee1d8ebea0,2026-10-04T04:28:01+00:00
variance_reduction,statistical_experiment,replications per cell,40,40,seeds,experiments/variance_reduction/results/summary.json,ff21e61b0454f4520efdb8a129b024705415756f92a1f90a844c4cee1d8ebea0,2026-10-04T04:28:01+00:00
var_backtesting,statistical_experiment,"Kupiec reject rate, calibrated, 95%",0.0505,0.0505,headline / calibrated_kupiec_reject_rate,experiments/var_backtesting/results/var_backtesting_validation.json,9f68c26af4e33c22df487006b2276b7068b456e029529224f12f392d3a867933,2026-10-04T04:28:32+00:00
var_backtesting,statistical_experiment,Kupiec reject rate on clustered data,0.12,0.12,headline / clustered_kupiec_reject_rate,experiments/var_backtesting/results/var_backtesting_validation.json,9f68c26af4e33c22df487006b2276b7068b456e029529224f12f392d3a867933,2026-10-04T04:28:32+00:00
var_backtesting,statistical_experiment,Gaussian 95% VaR bias at n=250,-8.228e-05,-8.227841055168106e-05,headline / gaussian_95_var_bias_at_n250,experiments/var_backtesting/results/var_backtesting_validation.json,9f68c26af4e33c22df487006b2276b7068b456e029529224f12f392d3a867933,2026-10-04T04:28:32+00:00
var_backtesting,statistical_experiment,"bootstrap coverage, block design on clustered data",0.6925,0.6925,headline / block_design_clustered_data_coverage,experiments/var_backtesting/results/var_backtesting_validation.json,9f68c26af4e33c22df487006b2276b7068b456e029529224f12f392d3a867933,2026-10-04T04:28:32+00:00
portfolio_estimation_cost,statistical_experiment,portfolios evaluated,"1,119",1119,data / portfolios_evaluated,experiments/portfolio_optimization/results/portfolio_optimisation_study.json,5a587e512edf2127481cbb366912f7b32a7eadfae10093426c7a016d6d086df3,2026-10-04T04:28:35+00:00
portfolio_estimation_cost,statistical_experiment,windows solved,373,373,data / windows_solved,experiments/portfolio_optimization/results/portfolio_optimisation_study.json,5a587e512edf2127481cbb366912f7b32a7eadfae10093426c7a016d6d086df3,2026-10-04T04:28:35+00:00
portfolio_estimation_cost,statistical_experiment,worst cell,window_40/ewma / 1.25597,"[""window_40/ewma"", 1.2559687119351408]",headline / worst_cell,experiments/portfolio_optimization/results/portfolio_optimisation_study.json,5a587e512edf2127481cbb366912f7b32a7eadfae10093426c7a016d6d086df3,2026-10-04T04:28:35+00:00
portfolio_estimation_cost,statistical_experiment,best cell,window_125/sample / 1.13261,"[""window_125/sample"", 1.1326097624215163]",headline / best_cell,experiments/portfolio_optimization/results/portfolio_optimisation_study.json,5a587e512edf2127481cbb366912f7b32a7eadfae10093426c7a016d6d086df3,2026-10-04T04:28:35+00:00
linearisation_error_bound,statistical_experiment,all predictions held,true,true,headline / all_predictions_held,experiments/linearisation_error_bound/results/linearisation_error_bound.json,e6c8916e2470019c6489b018c614d92296c826866d2371e4a8db3aa211838de2,2026-10-04T04:28:42+00:00
linearisation_error_bound,statistical_experiment,tightest |R|/bound away from the remainder zero,0.284154,0.28415443429907494,headline / bound_tightest_ratio_away_from_the_remainder_zero,experiments/linearisation_error_bound/results/linearisation_error_bound.json,e6c8916e2470019c6489b018c614d92296c826866d2371e4a8db3aa211838de2,2026-10-04T04:28:42+00:00
linearisation_error_bound,statistical_experiment,loosest |R|/bound,0.996241,0.9962407108335503,headline / bound_loosest_ratio,experiments/linearisation_error_bound/results/linearisation_error_bound.json,e6c8916e2470019c6489b018c614d92296c826866d2371e4a8db3aa211838de2,2026-10-04T04:28:42+00:00
linearisation_error_bound,statistical_experiment,dense shocks tested,600,600,headline / dense_shocks_tested,experiments/linearisation_error_bound/results/linearisation_error_bound.json,e6c8916e2470019c6489b018c614d92296c826866d2371e4a8db3aa211838de2,2026-10-04T04:28:42+00:00
linearisation_error_bound,statistical_experiment,"Lagrange inclusion violations, dense sweep",0,0,headline / lagrange_inclusion_violations_dense,experiments/linearisation_error_bound/results/linearisation_error_bound.json,e6c8916e2470019c6489b018c614d92296c826866d2371e4a8db3aa211838de2,2026-10-04T04:28:42+00:00
linearisation_error_bound,statistical_experiment,"cubic slope, widest window, down",2.97102,2.97101650088727,headline / fitted_cubic_slope_widest_window_down,experiments/linearisation_error_bound/results/linearisation_error_bound.json,e6c8916e2470019c6489b018c614d92296c826866d2371e4a8db3aa211838de2,2026-10-04T04:28:42+00:00
linearisation_error_bound,statistical_experiment,"cubic slope, narrowest window, down",2.99879,2.9987851879029637,headline / fitted_cubic_slope_narrowest_window_down,experiments/linearisation_error_bound/results/linearisation_error_bound.json,e6c8916e2470019c6489b018c614d92296c826866d2371e4a8db3aa211838de2,2026-10-04T04:28:42+00:00
linearisation_error_bound,statistical_experiment,"cubic slope, narrowest window, up",3.00121,3.0012094238933376,headline / fitted_cubic_slope_narrowest_window_up,experiments/linearisation_error_bound/results/linearisation_error_bound.json,e6c8916e2470019c6489b018c614d92296c826866d2371e4a8db3aa211838de2,2026-10-04T04:28:42+00:00
linearisation_error_bound,statistical_experiment,leading-term error at the smallest swept move,0.00375929,0.003759289166449742,headline / leading_term_relative_error_at_smallest_move,experiments/linearisation_error_bound/results/linearisation_error_bound.json,e6c8916e2470019c6489b018c614d92296c826866d2371e4a8db3aa211838de2,2026-10-04T04:28:42+00:00
linearisation_error_bound,statistical_experiment,quartic correction predicted by the closed forms,3.75236,3.7523607134282404,headline / quartic_correction_predicted_S_V4_over_4_V3,experiments/linearisation_error_bound/results/linearisation_error_bound.json,e6c8916e2470019c6489b018c614d92296c826866d2371e4a8db3aa211838de2,2026-10-04T04:28:42+00:00
linearisation_error_bound,statistical_experiment,book third derivative at the base spot,-6.92241,-6.92241371328431,headline / book_speed_at_base_spot,experiments/linearisation_error_bound/results/linearisation_error_bound.json,e6c8916e2470019c6489b018c614d92296c826866d2371e4a8db3aa211838de2,2026-10-04T04:28:42+00:00
linearisation_error_bound,statistical_experiment,third derivative crosses zero at down move,0.0545126,0.05451264134239392,headline / aggregate_speed_crosses_zero_at_move,experiments/linearisation_error_bound/results/linearisation_error_bound.json,e6c8916e2470019c6489b018c614d92296c826866d2371e4a8db3aa211838de2,2026-10-04T04:28:42+00:00
linearisation_error_bound,statistical_experiment,remainder crosses zero at down move,0.211447,0.21144665599988494,headline / predicted_remainder_zero_at_move,experiments/linearisation_error_bound/results/linearisation_error_bound.json,e6c8916e2470019c6489b018c614d92296c826866d2371e4a8db3aa211838de2,2026-10-04T04:28:42+00:00
two_factor_error_bound,statistical_experiment,joint shocks swept,132,132,headline / joint_shocks_swept,experiments/two_factor_error_bound/results/two_factor_bound.json,682f286664abf393b12e81f86dcfca6038f5476b3f2914116772f5615239961d,2026-10-04T04:28:51+00:00
two_factor_error_bound,statistical_experiment,Lagrange inclusion violations,0,0,headline / inclusions_violated,experiments/two_factor_error_bound/results/two_factor_bound.json,682f286664abf393b12e81f86dcfca6038f5476b3f2914116772f5615239961d,2026-10-04T04:28:51+00:00
two_factor_error_bound,statistical_experiment,"error-vs-shock-size slope, crash ray, narrowest window",1.99754,1.997543839843275,"headline / slope_of_error_against_shock_size / crash (equity down, vol up)",experiments/two_factor_error_bound/results/two_factor_bound.json,682f286664abf393b12e81f86dcfca6038f5476b3f2914116772f5615239961d,2026-10-04T04:28:51+00:00
two_factor_error_bound,statistical_experiment,"error-vs-shock-size slope, aligned ray, narrowest window",1.99571,1.9957085476116714,"headline / slope_of_error_against_shock_size / aligned (equity up, vol up)",experiments/two_factor_error_bound/results/two_factor_bound.json,682f286664abf393b12e81f86dcfca6038f5476b3f2914116772f5615239961d,2026-10-04T04:28:51+00:00
two_factor_error_bound,statistical_experiment,slope for a pure spot shock,3.00092,3.000915211275971,headline / slope_for_a_pure_spot_shock,experiments/two_factor_error_bound/results/two_factor_bound.json,682f286664abf393b12e81f86dcfca6038f5476b3f2914116772f5615239961d,2026-10-04T04:28:51+00:00
two_factor_error_bound,statistical_experiment,published risk_off error,-5320.79,-5320.792367571179,headline / published_error,experiments/two_factor_error_bound/results/two_factor_bound.json,682f286664abf393b12e81f86dcfca6038f5476b3f2914116772f5615239961d,2026-10-04T04:28:51+00:00
two_factor_error_bound,statistical_experiment,risk_off interval excludes zero,true,true,headline / published_interval_excludes_zero,experiments/two_factor_error_bound/results/two_factor_bound.json,682f286664abf393b12e81f86dcfca6038f5476b3f2914116772f5615239961d,2026-10-04T04:28:51+00:00
two_factor_error_bound,statistical_experiment,largest cubic over the NET quadratic at risk_off,10.6632,10.663161212533256,headline / largest_cubic_over_net_quadratic,experiments/two_factor_error_bound/results/two_factor_bound.json,682f286664abf393b12e81f86dcfca6038f5476b3f2914116772f5615239961d,2026-10-04T04:28:51+00:00
two_factor_error_bound,statistical_experiment,largest cubic over the quadratic MAGNITUDES at risk_off,7.40832,7.408318042981539,headline / largest_cubic_over_quadratic_magnitudes,experiments/two_factor_error_bound/results/two_factor_bound.json,682f286664abf393b12e81f86dcfca6038f5476b3f2914116772f5615239961d,2026-10-04T04:28:51+00:00
two_factor_error_bound,statistical_experiment,dominant omitted term,cubic_gamma_sigma,"""cubic_gamma_sigma""",headline / dominant_omitted_term,experiments/two_factor_error_bound/results/two_factor_bound.json,682f286664abf393b12e81f86dcfca6038f5476b3f2914116772f5615239961d,2026-10-04T04:28:51+00:00
two_factor_error_bound,statistical_experiment,error over the closed-form quadratic at risk_off,-6.7526,-6.752602649938188,headline / quadratic_prediction_ratio_at_published_size,experiments/two_factor_error_bound/results/two_factor_bound.json,682f286664abf393b12e81f86dcfca6038f5476b3f2914116772f5615239961d,2026-10-04T04:28:51+00:00
stress_testing,statistical_experiment,worst factor attribution residual,0,0.0,attribution_closure / worst_factor_residual,experiments/stress_testing/results/stress_testing_study.json,e4f99d724bb0e63736f1fb488fbf60f228f44fd55ce9456d92ed454901ed3569,2026-10-04T04:28:56+00:00
stress_testing,statistical_experiment,worst position attribution residual,0,0.0,attribution_closure / worst_position_residual,experiments/stress_testing/results/stress_testing_study.json,e4f99d724bb0e63736f1fb488fbf60f228f44fd55ce9456d92ed454901ed3569,2026-10-04T04:28:56+00:00
stress_testing,statistical_experiment,relative linearisation error after a 40% equity fall,0.488486,0.4884858574397606,linearisation / error_at_40pct,experiments/stress_testing/results/stress_testing_study.json,e4f99d724bb0e63736f1fb488fbf60f228f44fd55ce9456d92ed454901ed3569,2026-10-04T04:28:56+00:00
stress_testing,statistical_experiment,worst VaR decomposition residual,0,0.0,decomposition / worst_residual,experiments/stress_testing/results/stress_testing_study.json,e4f99d724bb0e63736f1fb488fbf60f228f44fd55ce9456d92ed454901ed3569,2026-10-04T04:28:56+00:00
real_data_risk_study,statistical_experiment,out-of-sample evaluation rows,586,586,headline / evaluation_rows,experiments/real_data_risk_study/results/real_data_risk_study.json,27abd90c8d6a112d9b69192e72c1549211af9568e6503d45e9ed9ff0be7c3a0a,2026-10-04T04:28:59+00:00
real_data_risk_study,statistical_experiment,Gaussian 99% realised violation rate,0.0204778,0.020477815699658702,headline / gaussian_99_realised_violation_rate,experiments/real_data_risk_study/results/real_data_risk_study.json,27abd90c8d6a112d9b69192e72c1549211af9568e6503d45e9ed9ff0be7c3a0a,2026-10-04T04:28:59+00:00
real_data_risk_study,statistical_experiment,Gaussian 99% exact interval excludes nominal,true,true,headline / gaussian_99_exact_interval_excludes_nominal,experiments/real_data_risk_study/results/real_data_risk_study.json,27abd90c8d6a112d9b69192e72c1549211af9568e6503d45e9ed9ff0be7c3a0a,2026-10-04T04:28:59+00:00
real_data_risk_study,statistical_experiment,historical 99% realised violation rate,0.0136519,0.013651877133105802,headline / historical_99_realised_violation_rate,experiments/real_data_risk_study/results/real_data_risk_study.json,27abd90c8d6a112d9b69192e72c1549211af9568e6503d45e9ed9ff0be7c3a0a,2026-10-04T04:28:59+00:00
real_data_risk_study,statistical_experiment,violations,37,37,headline / violations,experiments/real_data_risk_study/results/real_data_risk_study.json,27abd90c8d6a112d9b69192e72c1549211af9568e6503d45e9ed9ff0be7c3a0a,2026-10-04T04:28:59+00:00
real_data_risk_study,statistical_experiment,Kupiec p-value,0.160083,0.16008251975226917,headline / kupiec_p_value,experiments/real_data_risk_study/results/real_data_risk_study.json,27abd90c8d6a112d9b69192e72c1549211af9568e6503d45e9ed9ff0be7c3a0a,2026-10-04T04:28:59+00:00
real_data_risk_study,statistical_experiment,Christoffersen independence p-value,0.286533,0.2865326755746017,headline / christoffersen_independence_p_value,experiments/real_data_risk_study/results/real_data_risk_study.json,27abd90c8d6a112d9b69192e72c1549211af9568e6503d45e9ed9ff0be7c3a0a,2026-10-04T04:28:59+00:00
real_data_risk_study,statistical_experiment,Christoffersen conditional coverage p-value,0.211265,0.21126454823489627,headline / christoffersen_conditional_coverage_p_value,experiments/real_data_risk_study/results/real_data_risk_study.json,27abd90c8d6a112d9b69192e72c1549211af9568e6503d45e9ed9ff0be7c3a0a,2026-10-04T04:28:59+00:00
real_data_risk_study,statistical_experiment,violation run-test z,-1.1694,-1.1694010458450064,headline / run_test_z,experiments/real_data_risk_study/results/real_data_risk_study.json,27abd90c8d6a112d9b69192e72c1549211af9568e6503d45e9ed9ff0be7c3a0a,2026-10-04T04:28:59+00:00
real_data_risk_study,statistical_experiment,block/iid bootstrap SE ratio,1.07203,1.0720316821453646,headline / block_over_iid_bootstrap_se_ratio,experiments/real_data_risk_study/results/real_data_risk_study.json,27abd90c8d6a112d9b69192e72c1549211af9568e6503d45e9ed9ff0be7c3a0a,2026-10-04T04:28:59+00:00
real_data_risk_study,statistical_experiment,"covariance ranking, best to worst",ewma / sample / shrinkage,"[""ewma"", ""sample"", ""shrinkage""]",headline / covariance_ranking_best_to_worst,experiments/real_data_risk_study/results/real_data_risk_study.json,27abd90c8d6a112d9b69192e72c1549211af9568e6503d45e9ed9ff0be7c3a0a,2026-10-04T04:28:59+00:00
restrike_gamma_map,statistical_experiment,grid cells with a volatility move,120,120,headline / cells_with_a_volatility_move,experiments/restrike_gamma_map/results/restrike_gamma_map.json,ce8df93d8b8ed3da930c6463c1025b7e9a6e48167fd6887f2017352d5f858f4c,2026-10-04T04:29:00+00:00
restrike_gamma_map,statistical_experiment,cells the re-strike improves,75,75,headline / cells_where_restrike_reduces_abs_error,experiments/restrike_gamma_map/results/restrike_gamma_map.json,ce8df93d8b8ed3da930c6463c1025b7e9a6e48167fd6887f2017352d5f858f4c,2026-10-04T04:29:00+00:00
restrike_gamma_map,statistical_experiment,share of cells improved,0.625,0.625,headline / share_improved,experiments/restrike_gamma_map/results/restrike_gamma_map.json,ce8df93d8b8ed3da930c6463c1025b7e9a6e48167fd6887f2017352d5f858f4c,2026-10-04T04:29:00+00:00
restrike_gamma_map,statistical_experiment,value-weighted error reduction,0.370417,0.37041748011367315,headline / value_weighted_reduction,experiments/restrike_gamma_map/results/restrike_gamma_map.json,ce8df93d8b8ed3da930c6463c1025b7e9a6e48167fd6887f2017352d5f858f4c,2026-10-04T04:29:00+00:00
restrike_gamma_map,statistical_experiment,worst error factor after over before,141.977,141.97742681157987,headline / worst_error_factor_after_over_before,experiments/restrike_gamma_map/results/restrike_gamma_map.json,ce8df93d8b8ed3da930c6463c1025b7e9a6e48167fd6887f2017352d5f858f4c,2026-10-04T04:29:00+00:00
restrike_gamma_map,statistical_experiment,"published risk_off error, shipped map",-5320.79,-5320.792367571179,headline / published_error_base,experiments/restrike_gamma_map/results/restrike_gamma_map.json,ce8df93d8b8ed3da930c6463c1025b7e9a6e48167fd6887f2017352d5f858f4c,2026-10-04T04:29:00+00:00
restrike_gamma_map,statistical_experiment,"published risk_off error, re-struck gamma",1937.72,1937.722509756888,headline / published_error_gamma_restrike,experiments/restrike_gamma_map/results/restrike_gamma_map.json,ce8df93d8b8ed3da930c6463c1025b7e9a6e48167fd6887f2017352d5f858f4c,2026-10-04T04:29:00+00:00
restrike_gamma_map,statistical_experiment,fraction of the named cubic removed,0.863886,0.8638864836855366,headline / published_fraction_of_local_term_removed,experiments/restrike_gamma_map/results/restrike_gamma_map.json,ce8df93d8b8ed3da930c6463c1025b7e9a6e48167fd6887f2017352d5f858f4c,2026-10-04T04:29:00+00:00
restrike_gamma_map,statistical_experiment,doubled-error cells explained by cancellation,20,20,headline / of_those_the_base_error_was_smaller_than_the_removed_term,experiments/restrike_gamma_map/results/restrike_gamma_map.json,ce8df93d8b8ed3da930c6463c1025b7e9a6e48167fd6887f2017352d5f858f4c,2026-10-04T04:29:00+00:00
restrike_gamma_map,statistical_experiment,"nearest-zero prediction error, worst column",0.0934175,0.09341752441547391,headline / nearest_zero_distance_max,experiments/restrike_gamma_map/results/restrike_gamma_map.json,ce8df93d8b8ed3da930c6463c1025b7e9a6e48167fd6887f2017352d5f858f4c,2026-10-04T04:29:00+00:00
restrike_gamma_map,statistical_experiment,cells where the naive full re-strike is worse,116,116,headline / all_restrike_worse_than_gamma_only,experiments/restrike_gamma_map/results/restrike_gamma_map.json,ce8df93d8b8ed3da930c6463c1025b7e9a6e48167fd6887f2017352d5f858f4c,2026-10-04T04:29:00+00:00
fourth_order_crossing_map,statistical_experiment,delta columns swept,12,12,headline / columns_swept,experiments/fourth_order_crossing_map/results/fourth_order_crossing_map.json,ac2da18ee2276707660e1a30717b02c6eab5e6e3090c0e414dd949cf0cde18f2,2026-10-04T04:29:00.992594+00:00
fourth_order_crossing_map,statistical_experiment,priced zeros across the columns,13,13,headline / measured_zeros_total,experiments/fourth_order_crossing_map/results/fourth_order_crossing_map.json,ac2da18ee2276707660e1a30717b02c6eab5e6e3090c0e414dd949cf0cde18f2,2026-10-04T04:29:00.992594+00:00
fourth_order_crossing_map,statistical_experiment,cubic truncation zeros,14,14,headline / cubic_zeros_total,experiments/fourth_order_crossing_map/results/fourth_order_crossing_map.json,ac2da18ee2276707660e1a30717b02c6eab5e6e3090c0e414dd949cf0cde18f2,2026-10-04T04:29:00.992594+00:00
fourth_order_crossing_map,statistical_experiment,quartic truncation zeros,14,14,headline / quartic_zeros_total,experiments/fourth_order_crossing_map/results/fourth_order_crossing_map.json,ac2da18ee2276707660e1a30717b02c6eab5e6e3090c0e414dd949cf0cde18f2,2026-10-04T04:29:00.992594+00:00
fourth_order_crossing_map,statistical_experiment,columns where the cubic mis-counts the crossings,3,3,headline / columns_where_the_cubic_zero_count_disagrees,experiments/fourth_order_crossing_map/results/fourth_order_crossing_map.json,ac2da18ee2276707660e1a30717b02c6eab5e6e3090c0e414dd949cf0cde18f2,2026-10-04T04:29:00.992594+00:00
fourth_order_crossing_map,statistical_experiment,columns where the quartic mis-counts the crossings,1,1,headline / columns_where_the_quartic_zero_count_disagrees,experiments/fourth_order_crossing_map/results/fourth_order_crossing_map.json,ac2da18ee2276707660e1a30717b02c6eab5e6e3090c0e414dd949cf0cde18f2,2026-10-04T04:29:00.992594+00:00
fourth_order_crossing_map,statistical_experiment,"worst crossing distance, cubic, |delta| <= 0.15",0.018873,0.018873008297375794,headline / fits / cubic_distance_max_within_the_widened_limit,experiments/fourth_order_crossing_map/results/fourth_order_crossing_map.json,ac2da18ee2276707660e1a30717b02c6eab5e6e3090c0e414dd949cf0cde18f2,2026-10-04T04:29:00.992594+00:00
fourth_order_crossing_map,statistical_experiment,"worst crossing distance, quartic, |delta| <= 0.15",0.00162087,0.0016208684077405958,headline / fits / quartic_distance_max_within_the_widened_limit,experiments/fourth_order_crossing_map/results/fourth_order_crossing_map.json,ac2da18ee2276707660e1a30717b02c6eab5e6e3090c0e414dd949cf0cde18f2,2026-10-04T04:29:00.992594+00:00
fourth_order_crossing_map,statistical_experiment,radius improvement factor at the widened limit,11.6438,11.643763434000027,headline / fits / improvement_factor_at_the_widened_limit,experiments/fourth_order_crossing_map/results/fourth_order_crossing_map.json,ac2da18ee2276707660e1a30717b02c6eab5e6e3090c0e414dd949cf0cde18f2,2026-10-04T04:29:00.992594+00:00
fourth_order_crossing_map,statistical_experiment,residual slope after the cubic,3.95712 / 4.36646,"[3.9571222893251297, 4.366457010912464]",headline / fits / residual_slope_cubic_span,experiments/fourth_order_crossing_map/results/fourth_order_crossing_map.json,ac2da18ee2276707660e1a30717b02c6eab5e6e3090c0e414dd949cf0cde18f2,2026-10-04T04:29:00.992594+00:00
fourth_order_crossing_map,statistical_experiment,residual slope after the quartic,4.72944 / 5.01441,"[4.72943587528355, 5.014405385241662]",headline / fits / residual_slope_quartic_span,experiments/fourth_order_crossing_map/results/fourth_order_crossing_map.json,ac2da18ee2276707660e1a30717b02c6eab5e6e3090c0e414dd949cf0cde18f2,2026-10-04T04:29:00.992594+00:00
fourth_order_crossing_map,statistical_experiment,"risk_off error, quartic truncation relative",-0.161908,-0.16190775137244204,headline / published_base_quartic_relative_error,experiments/fourth_order_crossing_map/results/fourth_order_crossing_map.json,ac2da18ee2276707660e1a30717b02c6eab5e6e3090c0e414dd949cf0cde18f2,2026-10-04T04:29:00.992594+00:00
second_book_crossing_map,statistical_experiment,books measured,5,5,headline / books_measured,experiments/second_book_crossing_map/results/second_book_crossing_map.json,19f4612f233af84d3b54098dcbe8078674e911a21dd2c8b68402542490ec832c,2026-10-04T04:29:28.592032+00:00
second_book_crossing_map,statistical_experiment,"published ladder, cubic radius",0.05,0.05,headline / published_control_cubic,experiments/second_book_crossing_map/results/second_book_crossing_map.json,19f4612f233af84d3b54098dcbe8078674e911a21dd2c8b68402542490ec832c,2026-10-04T04:29:28.592032+00:00
second_book_crossing_map,statistical_experiment,"published ladder, quartic radius",0.15,0.15,headline / published_control_quartic,experiments/second_book_crossing_map/results/second_book_crossing_map.json,19f4612f233af84d3b54098dcbe8078674e911a21dd2c8b68402542490ec832c,2026-10-04T04:29:28.592032+00:00
second_book_crossing_map,statistical_experiment,books the quartic widens,5,5,headline / books_where_the_quartic_radius_is_at_least_the_cubic,experiments/second_book_crossing_map/results/second_book_crossing_map.json,19f4612f233af84d3b54098dcbe8078674e911a21dd2c8b68402542490ec832c,2026-10-04T04:29:28.592032+00:00
second_book_crossing_map,statistical_experiment,books the quartic brings closer inside the cubic radius,5,5,headline / books_where_the_quartic_is_closer_inside_the_cubic_radius,experiments/second_book_crossing_map/results/second_book_crossing_map.json,19f4612f233af84d3b54098dcbe8078674e911a21dd2c8b68402542490ec832c,2026-10-04T04:29:28.592032+00:00
second_book_crossing_map,statistical_experiment,radius on the book least like the published one,0.05,0.05,headline / radii_quartic / short-dated tight,experiments/second_book_crossing_map/results/second_book_crossing_map.json,19f4612f233af84d3b54098dcbe8078674e911a21dd2c8b68402542490ec832c,2026-10-04T04:29:28.592032+00:00
second_book_crossing_map,statistical_experiment,fewest columns with a priced crossing,6,6,headline / columns_with_a_priced_crossing_minimum,experiments/second_book_crossing_map/results/second_book_crossing_map.json,19f4612f233af84d3b54098dcbe8078674e911a21dd2c8b68402542490ec832c,2026-10-04T04:29:28.592032+00:00
second_book_crossing_map,statistical_experiment,largest difference from v1.5.0's engine call,0,0.0,control / engine_pnl_largest_absolute_difference,experiments/second_book_crossing_map/results/second_book_crossing_map.json,19f4612f233af84d3b54098dcbe8078674e911a21dd2c8b68402542490ec832c,2026-10-04T04:29:28.592032+00:00
second_book_crossing_map,statistical_experiment,largest difference from v1.6.0's truncation,0,0.0,control / quartic_truncation_largest_absolute_difference,experiments/second_book_crossing_map/results/second_book_crossing_map.json,19f4612f233af84d3b54098dcbe8078674e911a21dd2c8b68402542490ec832c,2026-10-04T04:29:28.592032+00:00
fifth_order_crossing_map,statistical_experiment,books measured,5,5,headline / books_measured,experiments/fifth_order_crossing_map/results/fifth_order_crossing_map.json,ea2122e783e6c0f572c25e7c8be1416c24d595261c606d716f3448d3d196b027,2026-10-04T04:30:14.762799+00:00
fifth_order_crossing_map,statistical_experiment,"published ladder, quartic radius",0.15,0.15,headline / published_radius_quartic,experiments/fifth_order_crossing_map/results/fifth_order_crossing_map.json,ea2122e783e6c0f572c25e7c8be1416c24d595261c606d716f3448d3d196b027,2026-10-04T04:30:14.762799+00:00
fifth_order_crossing_map,statistical_experiment,"published ladder, quintic radius",0.2,0.2,headline / published_radius_quintic,experiments/fifth_order_crossing_map/results/fifth_order_crossing_map.json,ea2122e783e6c0f572c25e7c8be1416c24d595261c606d716f3448d3d196b027,2026-10-04T04:30:14.762799+00:00
fifth_order_crossing_map,statistical_experiment,books the quintic widens,2,2,headline / books_widening_at_order_five,experiments/fifth_order_crossing_map/results/fifth_order_crossing_map.json,ea2122e783e6c0f572c25e7c8be1416c24d595261c606d716f3448d3d196b027,2026-10-04T04:30:14.762799+00:00
fifth_order_crossing_map,statistical_experiment,books the quintic leaves unchanged,3,3,headline / books_unchanged_at_order_five,experiments/fifth_order_crossing_map/results/fifth_order_crossing_map.json,ea2122e783e6c0f572c25e7c8be1416c24d595261c606d716f3448d3d196b027,2026-10-04T04:30:14.762799+00:00
fifth_order_crossing_map,statistical_experiment,books sitting at the swept grid edge,2,2,headline / books_at_grid_edge,experiments/fifth_order_crossing_map/results/fifth_order_crossing_map.json,ea2122e783e6c0f572c25e7c8be1416c24d595261c606d716f3448d3d196b027,2026-10-04T04:30:14.762799+00:00
fifth_order_crossing_map,statistical_experiment,books the quintic brings closer inside the quartic radius,5,5,headline / books_with_quintic_closer_inside_the_quartic_radius,experiments/fifth_order_crossing_map/results/fifth_order_crossing_map.json,ea2122e783e6c0f572c25e7c8be1416c24d595261c606d716f3448d3d196b027,2026-10-04T04:30:14.762799+00:00
fifth_order_crossing_map,statistical_experiment,radius on the book least like the published one,0.05,0.05,headline / radii_quintic / short-dated tight,experiments/fifth_order_crossing_map/results/fifth_order_crossing_map.json,ea2122e783e6c0f572c25e7c8be1416c24d595261c606d716f3448d3d196b027,2026-10-04T04:30:14.762799+00:00
