abs_bound,abs_remainder,book_speed_at_base_spot,book_speed_at_shocked_spot,coefficient_inside_segment_range,cubic_prediction_at_base_spot,delta,direction,lagrange_coefficient,mapped_minus_revalued,mapped_pnl,move,quartic_prediction_at_base_spot,remainder_over_bound,remainder_over_cubic_prediction,remainder_signed,revalued_pnl,segment_speed_max,segment_speed_min
0.0011537356188807187,0.0011493983930677132,-6.92241371328431,-6.818028339802957,True,0.0011537356188807187,-0.001,down,-6.896390358406277,-0.0011493983930677132,-848.9082173791268,0.001,-4.329232209970826e-06,0.9962407108335503,0.9962407108335503,0.0011493983930677132,-848.9070679807337,-6.818028339802957,-6.92241371328431
0.1442169523600898,0.14148604524234543,-6.92241371328431,-6.39089004866226,True,0.1442169523600898,-0.005,down,-6.7913301716325805,-0.14148604524234543,-4208.967377121611,0.005,-0.002705770131231766,0.9810638966289783,0.9810638966289783,0.14148604524234543,-4208.825891076369,-6.39089004866226,-6.92241371328431
1.1537356188807184,1.109642282654022,-6.92241371328431,-5.835760433110858,True,1.1537356188807184,-0.01,down,-6.657853695924132,-1.109642282654022,-8329.000479808166,0.01,-0.04329232209970826,0.9617821141125269,0.9617821141125269,1.109642282654022,-8327.890837525512,-5.835760433110858,-6.92241371328431
9.229884951045747,8.51180617058526,-6.92241371328431,-4.657637665163631,True,9.229884951045747,-0.02,down,-6.383854627938945,-8.51180617058526,-16302.26386187611,0.02,-0.6926771535953321,0.9222006791775742,0.9222006791775742,8.51180617058526,-16293.752055705525,-4.657637665163631,-6.92241371328431
144.2169523600898,114.75827880125144,-6.92241371328431,-0.6520744292914149,True,144.2169523600898,-0.05,down,-5.5083973824600685,-114.75827880125144,-38087.63142163861,0.05,-27.05770131231766,0.7957336285592547,0.7957336285592547,114.75827880125144,-37972.87314283736,-0.6520744292914149,-6.92241371328431
1153.7356188807184,649.5414143996022,-6.92241371328431,6.880709460831487,True,1153.7356188807184,-0.1,down,-3.897248486397613,-649.5414143996022,-67281.83539977163,0.1,-432.9232209970826,0.5629898251990749,0.5629898251990749,649.5414143996022,-66632.29398537203,6.880709460831487,-6.92241371328431
23097.815752355476,528.5351299153845,-6.92241371328431,17.323361814266608,True,9229.884951045748,-0.2,down,-0.3964013474365383,-528.5351299153845,-98989.96102552096,0.2,-6926.771535953321,0.022882472333406043,0.057263458073277644,528.5351299153845,-98461.42589560557,17.323361814266608,-6.92241371328431
78951.9541554173,12526.894261857014,-6.92241371328431,11.733473682654255,True,31150.861709779398,-0.3,down,2.78375428041267,12526.894261857014,-95124.37687724794,0.3,-35066.78090076369,0.15866477778621874,-0.40213636394926316,-12526.894261857014,-107651.27113910495,17.544878701203846,-6.92241371328431
187145.23858230427,53178.149401120085,-6.92241371328431,2.1669450597467144,True,73839.07960836598,-0.4,down,4.985451506355008,53178.149401120085,-55685.08295495267,0.4,-110828.34457525314,0.28415443429907494,-0.7201897651375248,-53178.149401120085,-108863.23235607275,17.544866117091026,-6.92241371328431
0.001170971663300934,0.0011580567960436383,-6.92241371328431,-7.025829979805603,True,-0.0011537356188807187,0.001,up,-6.948340776261828,0.0011580567960436383,852.4655883565291,0.001,-4.329232209970826e-06,0.9889708114533796,1.0037453790038238,-0.0011580567960436383,852.4644302997331,-6.92241371328431,-7.025829979805603
0.15478578090563846,0.1468973895007366,-6.92241371328431,-7.429717483470638,True,-0.1442169523600898,0.005,up,-7.051074696035357,0.1468973895007366,4297.901651556667,0.005,-0.002705770131231766,0.9490367179805047,1.0185861446714954,-0.1468973895007366,4297.7547541671665,-6.92241371328431,-7.429717483470646
1.3187141046289568,1.1962143727087096,-6.92241371328431,-7.912284627773741,True,-1.1537356188807184,0.01,up,-7.177286236252257,1.1962143727087096,8684.73757754839,0.01,-0.04329232209970826,0.9071066795370976,1.036818447079931,-1.1962143727087096,8683.541363175682,-6.92241371328431,-7.912284627773741
11.7354849567584,9.896356328456022,-6.92241371328431,-8.8016137175688,True,-9.229884951045747,0.02,up,-7.422267246342017,9.896356328456022,17725.212252837002,0.02,-0.6926771535953321,0.8432848207740036,1.0722079831921159,-9.896356328456022,17715.315896508546,-6.92241371328431,-8.8016137175688
226.04803947455895,168.6761963537865,-6.92241371328431,-10.85030589477883,True,-144.2169523600898,0.05,up,-8.096457424981752,168.6761963537865,46981.05886514418,0.05,-27.05770131231766,0.7461962366312428,1.1696003388882144,-168.6761963537865,46812.38266879039,-6.92241371328431,-10.85030589477883
2047.558694457999,1502.4958234143996,-6.92241371328431,-12.285352166748003,True,-1153.7356188807184,0.1,up,-9.014974940486399,1502.4958234143996,102855.54517379394,0.1,-432.9232209970826,0.7337986586079864,1.3022878021847208,-1502.4958234143996,101353.04935037954,-6.92241371328431,-12.285352166747995
16414.53339695776,13504.784558546351,-6.92241371328431,-9.94001624283904,True,-9229.884951045748,0.2,up,-10.128588418909763,13504.784558546351,241284.8001216102,0.2,-6926.771535953321,0.8227333809591751,1.4631584933262094,-13504.784558546351,227780.01556306385,-6.92241371328431,-12.310900047718318
55399.05021473243,47117.90248238627,-6.92241371328431,-5.510907150181337,True,-31150.861709779398,0.3,up,-10.470644996085838,47117.90248238627,415287.76484344876,0.3,-35066.78090076369,0.8505182363190781,1.512571399191639,-47117.90248238627,368169.8623610625,-5.510907150181337,-12.310900047718318
131316.26717566207,110050.69109140069,-6.92241371328431,-2.3508473150835147,True,-73839.07960836598,0.4,up,-10.317252289818814,110050.69109140069,624864.4393393097,0.4,-110828.34457525314,0.8380583263472272,1.4904125522026677,-110050.69109140069,514813.748247909,-2.3508473150835147,-12.310900047718318
