absolute_error,analytic_price,error_in_standard_errors,mc_price,note,paths,paths_per_second,relative_error,runtime_seconds,scenario,seed,standard_error
4.814615e-01,11.1237619280581,0.776984,11.6052233792106,"exact GBM terminal transition, no variance reduction",1000,2.94837e+07,4.328225e-02,0.000033917,atm_call,42,6.196542e-01
9.599500e-01,11.1237619280581,2.645877,12.0837119073742,"exact GBM terminal transition, no variance reduction",3000,3.86269e+07,8.629724e-02,0.000077666,atm_call,42,3.628097e-01
2.090224e-01,11.1237619280581,1.124920,11.3327843000431,"exact GBM terminal transition, no variance reduction",10000,3.95582e+07,1.879062e-02,0.000252792,atm_call,42,1.858109e-01
1.340314e-01,11.1237619280581,1.251244,11.2577933534643,"exact GBM terminal transition, no variance reduction",30000,3.97241e+07,1.204911e-02,0.000755209,atm_call,42,1.071185e-01
8.230368e-02,11.1237619280581,1.400809,11.2060656072312,"exact GBM terminal transition, no variance reduction",100000,3.54751e+07,7.398907e-03,0.002818875,atm_call,42,5.875438e-02
4.769704e-02,11.1237619280581,1.410641,11.1714589720752,"exact GBM terminal transition, no variance reduction",300000,3.09831e+07,4.287852e-03,0.009682708,atm_call,42,3.381232e-02
2.594707e-02,11.1237619280581,1.403314,11.1497089968975,"exact GBM terminal transition, no variance reduction",1000000,3.27967e+07,2.332580e-03,0.030490875,atm_call,42,1.848985e-02
2.702691e-03,11.1237619280581,-0.253648,11.1210592367288,"exact GBM terminal transition, no variance reduction",3000000,3.30237e+07,2.429656e-04,0.090843958,atm_call,42,1.065528e-02
2.620021e-02,1.32040346334362,-0.221790,1.2942032506115,"exact GBM terminal transition, no variance reduction",1000,2.89503e+07,1.984258e-02,0.000034542,otm_put,42,1.181309e-01
1.248229e-01,1.32040346334362,-1.906865,1.19558054555751,"exact GBM terminal transition, no variance reduction",3000,3.84413e+07,9.453392e-02,0.000078041,otm_put,42,6.545976e-02
5.231306e-02,1.32040346334362,-1.399388,1.26809039969003,"exact GBM terminal transition, no variance reduction",10000,4.04518e+07,3.961900e-02,0.000247208,otm_put,42,3.738283e-02
2.668277e-02,1.32040346334362,-1.224163,1.29372069513096,"exact GBM terminal transition, no variance reduction",30000,3.84267e+07,2.020804e-02,0.000780708,otm_put,42,2.179674e-02
9.183291e-03,1.32040346334362,-0.760957,1.3112201718699,"exact GBM terminal transition, no variance reduction",100000,3.38553e+07,6.954913e-03,0.002953750,otm_put,42,1.206808e-02
1.389374e-03,1.32040346334362,-0.197775,1.31901408886705,"exact GBM terminal transition, no variance reduction",300000,3.34779e+07,1.052235e-03,0.008961125,otm_put,42,7.025020e-03
3.441164e-03,1.32040346334362,-0.896579,1.31696229905935,"exact GBM terminal transition, no variance reduction",1000000,3.49415e+07,2.606146e-03,0.028619250,otm_put,42,3.838104e-03
1.746473e-03,1.32040346334362,0.786810,1.32214993623089,"exact GBM terminal transition, no variance reduction",3000000,3.53892e+07,1.322681e-03,0.084771584,otm_put,42,2.219689e-03
1.448269e+00,64.2818284856214,0.634322,65.7300978102239,"exact GBM terminal transition, no variance reduction",1000,3.24328e+07,2.253000e-02,0.000030833,deep_itm_call,42,2.283178e+00
3.284200e+00,64.2818284856214,2.461113,67.5660285554717,"exact GBM terminal transition, no variance reduction",3000,4.0404e+07,5.109064e-02,0.000074250,deep_itm_call,42,1.334437e+00
8.102719e-01,64.2818284856214,1.194210,65.0921003619379,"exact GBM terminal transition, no variance reduction",10000,4.0747e+07,1.260499e-02,0.000245417,deep_itm_call,42,6.785006e-01
4.910975e-01,64.2818284856214,1.257522,64.7729260078826,"exact GBM terminal transition, no variance reduction",30000,3.89147e+07,7.639757e-03,0.000770917,deep_itm_call,42,3.905279e-01
2.899554e-01,64.2818284856214,1.352135,64.5717838941285,"exact GBM terminal transition, no variance reduction",100000,3.60436e+07,4.510690e-03,0.002774417,deep_itm_call,42,2.144427e-01
1.992591e-01,64.2818284856214,1.614635,64.4810876317964,"exact GBM terminal transition, no variance reduction",300000,3.56169e+07,3.099774e-03,0.008422958,deep_itm_call,42,1.234082e-01
1.101867e-01,64.2818284856214,1.633102,64.3920152030868,"exact GBM terminal transition, no variance reduction",1000000,3.61292e+07,1.714119e-03,0.027678417,deep_itm_call,42,6.747083e-02
1.006781e-02,64.2818284856214,-0.258993,64.271760673476,"exact GBM terminal transition, no variance reduction",3000000,3.53181e+07,1.566199e-04,0.084942375,deep_itm_call,42,3.887291e-02
