band_high,band_low,confidence_level,covered,empirical_coverage,inside_band,paths,replications,scenario
197,181,0.95,191,0.9550,True,1000,200,atm_call
200,194,0.99,197,0.9850,True,1000,200,atm_call
197,181,0.95,190,0.9500,True,10000,200,atm_call
200,194,0.99,197,0.9850,True,10000,200,atm_call
197,181,0.95,190,0.9500,True,1000,200,otm_put
200,194,0.99,199,0.9950,True,1000,200,otm_put
197,181,0.95,192,0.9600,True,10000,200,otm_put
200,194,0.99,199,0.9950,True,10000,200,otm_put
197,181,0.95,194,0.9700,True,1000,200,deep_itm_call
200,194,0.99,199,0.9950,True,1000,200,deep_itm_call
197,181,0.95,191,0.9550,True,10000,200,deep_itm_call
200,194,0.99,198,0.9900,True,10000,200,deep_itm_call
