date,pnl
2014-01-03,4396.644899
2014-01-06,15844.821295
2014-01-07,19902.512243
2014-01-08,-25030.630813
2014-01-09,11611.801164
2014-01-10,54986.507830
2014-01-13,-2438.339604
2014-01-14,5571.805332
2014-01-15,-12000.000000
2014-01-16,16961.538453
2014-01-17,7802.170399
2014-01-21,-12495.483574
2014-01-22,-5416.569163
2014-01-23,38518.246380
2014-01-24,-54906.782987
2014-01-27,-1874.881684
2014-01-28,26402.257848
2014-01-29,10604.358410
2014-01-30,-13133.948326
2014-01-31,6308.576113
2014-02-03,-14091.085239
2014-02-04,18761.644488
2014-02-05,-36754.346271
2014-02-06,20644.273199
2014-02-07,33863.257650
2014-02-10,2490.998521
2014-02-11,-7400.760260
2014-02-12,-20355.367592
2014-02-13,38812.969199
2014-02-14,4286.546655
2014-02-18,14533.309880
2014-02-19,-33777.947400
2014-02-20,-277.813199
2014-02-21,15866.313384
2014-02-24,-8216.597229
2014-02-25,32037.190341
2014-02-26,-2136.572867
2014-02-27,13459.885902
2014-02-28,-5286.732754
2014-03-03,-7382.848156
2014-03-04,-12396.518786
2014-03-05,3751.410154
2014-03-06,-27694.196336
2014-03-07,-26234.455939
2014-03-10,4410.450314
2014-03-11,1653.695959
2014-03-12,23637.410032
2014-03-13,3458.122989
2014-03-14,-19519.093339
2014-03-17,10622.421731
2014-03-18,26576.181430
2014-03-19,-46122.840339
2014-03-20,12122.840339
2014-03-21,5869.202074
2014-03-24,504.482081
2014-03-25,16386.847793
2014-03-26,278.067514
2014-03-27,15245.539307
2014-03-28,-12382.988922
2014-03-31,9368.363733
2014-04-01,-3540.818782
2014-04-02,-19809.087429
2014-04-03,2708.797202
2014-04-04,15204.323445
2014-04-07,-13287.472128
2014-04-08,21164.034787
2014-04-09,4643.257089
2014-04-10,-10893.290552
2014-04-11,-7321.628531
2014-04-14,5884.074371
2014-04-15,9882.115665
2014-04-16,14019.803356
2014-04-17,-25108.161751
2014-04-21,4066.903919
2014-04-22,-865.353574
2014-04-23,10488.279596
2014-04-24,-940.204192
2014-04-25,-3516.805318
2014-04-28,-2394.571722
2014-04-29,696.669924
2014-04-30,21531.199070
2014-05-01,15000.786215
2014-05-02,20498.836893
2014-05-05,-17252.416967
2014-05-06,2585.820140
2014-05-07,-4646.528698
2014-05-08,5440.924105
2014-05-09,7678.628045
2014-05-12,-2278.862836
2014-05-13,26052.556686
2014-05-14,25176.953989
2014-05-15,-7741.902189
2014-05-16,8256.107111
2014-05-19,-5597.747299
2014-05-20,-2639.903605
2014-05-21,11122.326889
2014-05-22,-16506.286655
2014-05-23,20326.279173
2014-05-27,6720.547640
2014-05-28,26334.561333
2014-05-29,-3634.390951
2014-05-30,-6299.453549
2014-06-02,-27916.529186
2014-06-03,-24183.684119
2014-06-04,-4384.245971
2014-06-05,14418.303777
2014-06-06,13208.605189
2014-06-09,-19598.985316
2014-06-10,-4386.567627
2014-06-11,-19504.832424
2014-06-12,14121.984268
2014-06-13,-319.525310
2014-06-16,-15465.488223
2014-06-17,-14059.244031
2014-06-18,52024.309668
2014-06-19,-16235.515797
2014-06-20,-7356.516043
2014-06-23,-2977.589024
2014-06-24,-8901.571719
2014-06-25,19384.766401
2014-06-26,17138.672705
2014-06-27,4082.835955
2014-06-30,-789.729624
2014-07-01,-10755.989175
2014-07-02,-16489.193878
2014-07-03,3828.128341
2014-07-07,-13342.578747
2014-07-08,6053.870588
2014-07-09,6983.103169
2014-07-10,-9399.167011
2014-07-11,18337.913887
2014-07-14,-560.454868
2014-07-15,-2943.684136
2014-07-16,28918.118931
2014-07-17,-37752.049827
2014-07-18,32752.320202
2014-07-21,-11082.981152
2014-07-22,17379.209706
2014-07-23,15156.155454
2014-07-24,-30849.743547
2014-07-25,-3332.663068
2014-07-28,-5425.719828
2014-07-29,64.504248
2014-07-30,-42939.497536
2014-07-31,-66062.674909
2014-08-01,26822.834788
2014-08-04,37739.530981
2014-08-05,-17379.631452
2014-08-06,5521.626294
2014-08-07,21609.938661
2014-08-08,7725.308941
2014-08-11,25689.247218
2014-08-12,-4236.946149
2014-08-13,36768.221332
2014-08-14,25479.808716
2014-08-15,15721.579470
2014-08-18,-3700.549870
2014-08-19,242.167496
2014-08-20,-3036.972525
2014-08-21,8424.808938
2014-08-22,16242.252832
2014-08-25,-2963.477666
2014-08-26,3500.218818
2014-08-27,4796.197077
2014-08-28,8334.629572
2014-08-29,-543.483188
2014-09-02,-39571.836076
2014-09-03,-2234.878760
2014-09-04,-21600.234172
2014-09-05,11121.931023
2014-09-08,-15517.188022
2014-09-09,-20060.567182
2014-09-10,-2246.508808
2014-09-11,-2442.362562
2014-09-12,-43767.615370
2014-09-15,-6769.149915
2014-09-16,27907.704874
2014-09-17,5576.049349
2014-09-18,16563.421297
2014-09-19,12342.993105
2014-09-22,-14658.520434
2014-09-23,-15676.743063
2014-09-24,15466.690802
2014-09-25,-19081.471693
2014-09-26,14957.967467
2014-09-29,1665.481228
2014-09-30,-17110.119074
2014-10-01,35942.768506
2014-10-02,2367.072379
2014-10-03,26237.014869
2014-10-06,-7166.262385
2014-10-07,3336.664835
2014-10-08,28388.151884
2014-10-09,-52092.541823
2014-10-10,-17039.813199
2014-10-14,30391.088279
2014-10-15,663.963555
2014-10-16,-3794.501370
2014-10-17,8064.047488
2014-10-20,52260.107301
2014-10-21,25992.777903
2014-10-22,-36386.766355
2014-10-23,3486.604335
2014-10-24,8434.178661
2014-10-27,11088.648688
2014-10-28,11138.020385
2014-10-29,-30866.752764
2014-10-30,22618.380640
2014-10-31,-7417.721179
2014-11-03,-18172.084090
2014-11-04,3299.095945
2014-11-05,6390.698248
2014-11-06,-5019.149258
2014-11-07,38266.466805
2014-11-10,-15274.802704
2014-11-12,3187.589388
2014-11-13,-364.263756
2014-11-14,18857.014850
2014-11-17,-14456.789068
2014-11-18,14333.948729
2014-11-19,-15797.275893
2014-11-20,10899.493801
2014-11-21,22842.702691
2014-11-24,9486.113564
2014-11-25,21439.230031
2014-11-26,21700.725470
2014-11-28,5176.475230
2014-12-01,-33385.714438
2014-12-02,6554.045150
2014-12-03,-495.487088
2014-12-04,21810.873109
2014-12-05,-8427.686180
2014-12-08,-18038.232533
2014-12-09,314.023853
2014-12-10,-34675.298400
2014-12-11,-22083.313632
2014-12-12,35849.892788
2014-12-15,3952.477734
2014-12-16,-21864.976053
2014-12-17,20160.479479
2014-12-18,4339.712903
2014-12-19,18804.952712
2014-12-22,15543.658380
2014-12-23,-28511.919429
2014-12-24,7371.120170
2014-12-26,7748.512666
2014-12-29,6526.606764
2014-12-30,-3883.489511
2014-12-31,-42833.524654
2015-01-02,33068.444339
2015-01-05,17728.062380
2015-01-06,29375.948330
2015-01-07,24399.340599
2015-01-08,-6294.577492
2015-01-09,12186.864124
2015-01-12,6381.095919
2015-01-13,-1954.468588
2015-01-14,3056.292737
2015-01-15,23626.959758
2015-01-16,-11381.053939
2015-01-20,18980.388376
2015-01-21,-10573.955257
2015-01-22,22807.894766
2015-01-23,34067.674523
2015-01-26,7720.280496
2015-01-27,-35985.496061
2015-01-28,7144.433416
2015-01-29,3441.705439
2015-01-30,2158.524666
2015-02-02,19068.645381
2015-02-03,-25405.210085
2015-02-04,-24024.989531
2015-02-05,15047.101263
2015-02-06,-56444.410724
2015-02-09,-21585.372340
2015-02-10,454.434628
2015-02-11,11948.605044
2015-02-12,33098.458606
2015-02-13,-5175.798562
2015-02-17,-72210.737462
2015-02-18,33600.234172
2015-02-19,-19397.504149
2015-02-20,6734.870669
2015-02-23,29495.373624
2015-02-24,43403.100867
2015-02-25,9275.672278
2015-02-26,-43261.263936
2015-02-27,14460.241362
2015-03-02,-26313.629003
2015-03-03,-37246.359316
2015-03-04,-8586.354585
2015-03-05,13360.503376
2015-03-06,-69846.257314
2015-03-09,32313.301370
2015-03-10,4308.121175
2015-03-11,11318.210279
2015-03-12,28467.882106
2015-03-13,-17230.838526
2015-03-16,26169.246928
2015-03-17,17200.510991
2015-03-18,68549.379323
2015-03-19,-39783.174464
2015-03-20,45389.558586
2015-03-23,-1378.515128
2015-03-24,8115.349143
2015-03-25,-59355.560969
2015-03-26,-35762.098859
2015-03-27,43825.981849
2015-03-30,11466.986436
2015-03-31,-11090.238261
2015-04-01,22960.560914
2015-04-02,-14611.953968
2015-04-06,-9190.073652
2015-04-07,11322.492810
2015-04-08,3911.794679
2015-04-09,-3555.210779
2015-04-10,17935.082162
2015-04-13,-13663.538515
2015-04-14,20889.688649
2015-04-15,3659.588119
2015-04-16,6717.121076
2015-04-17,-20368.085702
2015-04-20,-1148.719615
2015-04-21,-1058.379301
2015-04-22,-19597.883192
2015-04-23,12565.430565
2015-04-24,15835.359841
2015-04-27,-24337.964984
2015-04-28,-6091.203925
2015-04-29,-49001.390122
2015-04-30,-20770.708479
2015-05-01,5997.250038
2015-05-04,-14935.454469
2015-05-05,-42903.695557
2015-05-06,-32260.484597
2015-05-07,34330.251039
2015-05-08,48639.452248
2015-05-11,-66540.878456
2015-05-12,-180.440282
2015-05-13,9810.290314
2015-05-14,33254.795590
2015-05-15,51166.095722
2015-05-18,-48969.786328
2015-05-19,-16345.599693
2015-05-20,-2582.977334
2015-05-21,51411.040778
2015-05-22,-14412.541348
2015-05-26,1086.959143
2015-05-27,18457.009510
2015-05-28,3247.553984
2015-05-29,-5761.829446
2015-06-01,-30337.305770
2015-06-02,-42785.683179
2015-06-03,-33604.237040
2015-06-04,13486.079882
2015-06-05,-41354.601874
2015-06-08,-8313.269458
2015-06-09,-219.630176
2015-06-10,-11413.323445
2015-06-11,59096.755771
2015-06-12,-19468.613561
2015-06-15,-17624.920566
2015-06-16,19603.829893
2015-06-17,1288.494713
2015-06-18,13672.420674
2015-06-19,27815.717349
2015-06-22,-29137.638202
2015-06-23,-11321.226855
2015-06-24,-2680.106798
2015-06-25,-23754.843898
2015-06-26,-38178.380314
2015-06-29,-7.008072
2015-06-30,361.081301
2015-07-01,-4782.343078
2015-07-02,-2646.377521
2015-07-06,44745.516170
2015-07-07,25900.861351
2015-07-08,-22097.038429
2015-07-09,-47911.258177
2015-07-10,-1232.965194
2015-07-13,41818.542017
2015-07-14,23718.862256
2015-07-15,24631.603247
2015-07-16,22113.855140
2015-07-17,13325.069797
2015-07-20,-20198.664653
2015-07-21,12612.995812
2015-07-22,14054.243276
2015-07-23,11497.647981
2015-07-24,-10861.224519
2015-07-27,-9739.906865
2015-07-28,21258.894790
2015-07-29,2126.672697
2015-07-30,11511.730338
2015-07-31,38206.185579
2015-08-03,15084.954900
2015-08-04,-38608.049105
2015-08-05,-8394.741754
2015-08-06,2009.002935
2015-08-07,28996.038259
2015-08-10,-7345.947499
2015-08-11,13441.614031
2015-08-12,13830.169228
2015-08-13,-17785.963389
2015-08-14,8540.622898
2015-08-17,20324.885462
2015-08-18,-30364.263756
2015-08-19,8841.047188
2015-08-20,-42800.220743
2015-08-21,-73373.744788
2015-08-24,-69483.761405
2015-08-25,-21215.982237
2015-08-26,19066.694743
2015-08-27,27468.061611
2015-08-28,-9520.613468
2015-08-31,-33856.789366
2015-09-01,3159.258187
2015-09-02,36313.948441
2015-09-03,16642.299734
2015-09-04,5486.719879
2015-09-08,-4457.945694
2015-09-09,-23008.997602
2015-09-10,4387.731560
2015-09-11,24300.147241
2015-09-14,2933.915322
2015-09-15,-21718.722807
2015-09-16,3559.942234
2015-09-17,36471.189808
2015-09-18,24869.391346
2015-09-21,-754.618058
2015-09-22,2965.701659
2015-09-23,-6522.268352
2015-09-24,3302.786050
2015-09-25,-11592.700227
2015-09-28,2797.917958
2015-09-29,27345.368624
2015-09-30,14711.886722
2015-10-01,14734.512900
2015-10-02,38518.465127
2015-10-05,-20700.610293
2015-10-06,7797.645136
2015-10-07,-4769.399636
2015-10-08,-8317.076702
2015-10-09,12927.695766
2015-10-13,19509.975507
2015-10-14,28957.812279
2015-10-15,7082.046910
2015-10-16,20082.714595
2015-10-19,7165.503276
2015-10-20,-34531.096796
2015-10-21,7357.911462
2015-10-22,32178.576216
2015-10-23,-28172.950543
2015-10-26,46.799197
2015-10-27,5721.338391
2015-10-28,489.606134
2015-10-29,-50837.745981
2015-10-30,2250.053281
2015-11-02,-4252.152863
2015-11-03,-24797.212004
2015-11-04,-22145.376271
2015-11-05,7526.746498
2015-11-06,-27744.312661
2015-11-09,-45554.131563
2015-11-10,45343.187038
2015-11-12,-43879.969822
2015-11-13,-2251.348899
2015-11-16,31125.730413
2015-11-17,-5190.223994
2015-11-18,13907.903087
2015-11-19,9931.430279
2015-11-20,7430.567775
2015-11-23,-412.369957
2015-11-24,-2912.994878
2015-11-25,17891.701829
2015-11-27,7154.736464
2015-11-30,-10165.630346
2015-12-01,51719.074996
2015-12-02,-30285.812549
2015-12-03,-102379.107386
2015-12-04,72290.410904
2015-12-07,11191.060473
2015-12-08,-30340.128914
2015-12-09,-13035.184541
2015-12-10,-533.962454
2015-12-11,-3999.430551
2015-12-14,-20378.106409
2015-12-15,-5613.252126
2015-12-16,35893.767730
2015-12-17,7321.871923
2015-12-18,-214.403128
2015-12-21,23402.544103
2015-12-22,11780.207125
2015-12-23,-5985.822621
2015-12-24,3285.185714
2015-12-28,-9924.979980
2015-12-29,-25417.775210
2015-12-30,-16138.008986
2015-12-31,3039.351489
2016-01-04,-22040.701633
2016-01-05,10989.552562
2016-01-06,18342.492246
2016-01-07,-34417.555952
2016-01-08,-3432.855739
2016-01-11,16432.704365
2016-01-12,43573.816037
2016-01-13,-12864.061085
2016-01-14,4917.251670
2016-01-15,11847.747831
2016-01-19,-6860.108917
2016-01-20,17641.094993
2016-01-21,12291.106203
2016-01-22,10477.542444
2016-01-25,-1476.396614
2016-01-26,21692.267722
2016-01-27,-18687.528769
2016-01-28,11578.001661
2016-01-29,52067.703309
2016-02-01,-7262.292203
2016-02-02,24149.706061
2016-02-03,-4218.126368
2016-02-04,5815.575893
2016-02-05,-7034.451292
2016-02-08,37446.104506
2016-02-09,2860.877279
2016-02-10,14366.097541
2016-02-11,20999.146764
2016-02-12,-32389.280585
2016-02-16,-2969.379542
2016-02-17,1397.920937
2016-02-18,39622.888617
2016-02-19,5164.055737
2016-02-22,411.406142
2016-02-23,-9831.999126
2016-02-24,-8882.453606
2016-02-25,30221.914785
2016-02-26,-32993.775615
2016-02-29,-3168.520058
2016-03-01,-10675.924659
2016-03-02,-1232.214387
2016-03-03,5771.194426
2016-03-04,-18383.808288
2016-03-07,-13162.138455
2016-03-08,17668.637210
2016-03-09,-33541.627319
2016-03-10,-2015.304488
2016-03-11,-9553.674032
2016-03-14,1716.006682
2016-03-15,5184.836341
2016-03-16,25093.424175
2016-03-17,23345.294662
2016-03-18,11379.312965
2016-03-21,-17864.702550
2016-03-22,-12795.840474
2016-03-23,20771.218499
2016-03-24,-6630.676764
2016-03-28,1660.334126
2016-03-29,46451.682980
2016-03-30,-11251.866043
2016-03-31,18911.193561
2016-04-01,11716.819515
2016-04-04,-18745.000464
2016-04-05,7981.715982
2016-04-06,10550.010556
2016-04-07,-8268.431796
2016-04-08,4693.081343
2016-04-11,-14235.344100
2016-04-12,-3322.940282
2016-04-13,27609.228765
2016-04-14,-9822.918027
2016-04-15,17828.830394
2016-04-18,-4994.271031
2016-04-19,-7931.541416
2016-04-20,-28754.148385
2016-04-21,-28305.091055
2016-04-22,9437.168461
2016-04-25,-25756.129077
2016-04-26,-13860.186651
2016-04-27,29425.946148
2016-04-28,-21029.509923
2016-04-29,-1762.589980
2016-05-02,2793.672292
2016-05-03,20803.777233
2016-05-04,2890.516170
2016-05-05,14190.251807
2016-05-06,11435.182262
2016-05-09,14560.623273
2016-05-10,10672.843625
2016-05-11,3276.563881
2016-05-12,-5188.854956
2016-05-13,9302.272872
2016-05-16,-13943.176166
2016-05-17,-20714.990665
2016-05-18,-50028.210846
2016-05-19,12113.730562
2016-05-20,17927.119783
2016-05-23,-1994.883622
2016-05-24,13164.707621
2016-05-25,-818.177070
2016-05-26,24599.457400
2016-05-27,-2161.693245
2016-05-31,-7599.926914
2016-06-01,-4176.118359
2016-06-02,26242.179725
2016-06-03,46952.063822
2016-06-06,-15318.632802
2016-06-07,-9220.718537
2016-06-08,-533.238738
2016-06-09,8249.460549
2016-06-10,-13804.746535
2016-06-13,-34029.087560
2016-06-14,9666.989692
2016-06-15,8429.249713
2016-06-16,31745.602468
2016-06-17,-20515.729941
2016-06-20,-8232.625512
2016-06-21,-17492.541747
2016-06-22,-27974.004733
2016-06-23,19193.235417
2016-06-24,-16252.689440
2016-06-27,79259.670975
2016-06-28,54147.616229
2016-06-29,7846.079256
2016-06-30,19654.322740
2016-07-01,20148.511973
2016-07-05,28652.514025
2016-07-06,152.016974
2016-07-07,-4635.211656
2016-07-08,39925.997395
2016-07-11,-28357.859473
2016-07-12,-48184.569960
2016-07-13,31591.247707
2016-07-14,-15746.223749
2016-07-15,-33057.635710
2016-07-18,8579.976756
2016-07-19,31628.391935
2016-07-20,-11787.600426
2016-07-21,-23798.182218
2016-07-22,16543.680259
2016-07-25,-19081.773125
2016-07-26,527.721960
2016-07-27,26250.488785
2016-07-28,-3847.344821
2016-07-29,47290.337323
2016-08-01,-25725.719672
2016-08-02,-30024.075951
2016-08-03,5722.918076
2016-08-04,22703.410576
2016-08-05,-16356.925238
2016-08-08,-4402.814478
2016-08-09,16545.713612
2016-08-10,21774.880246
2016-08-11,-26203.329366
2016-08-12,32798.135108
2016-08-15,-23565.298310
2016-08-16,-22979.939627
2016-08-17,7062.611306
2016-08-18,28093.616422
2016-08-19,-20023.705123
2016-08-22,-5705.240106
2016-08-23,-4231.252133
2016-08-24,-24724.209698
2016-08-25,-13323.534915
2016-08-26,-12366.568981
2016-08-29,35354.058140
2016-08-30,-3453.623611
2016-08-31,-11652.087007
2016-09-01,6884.756515
2016-09-02,13492.128199
2016-09-06,15166.665895
2016-09-07,1669.455286
2016-09-08,-41658.554129
2016-09-09,-103918.139113
2016-09-12,29885.125179
2016-09-13,-56835.782003
2016-09-14,7971.015885
2016-09-15,22738.584219
2016-09-16,14686.887566
2016-09-19,-589.019903
2016-09-20,-200.635814
2016-09-21,52953.036297
2016-09-22,29298.026530
2016-09-23,-5553.498618
2016-09-26,-23340.681462
2016-09-27,41384.104805
2016-09-28,1930.633642
2016-09-29,-22898.796491
2016-09-30,-14631.747780
2016-10-03,-23212.400280
2016-10-04,-23102.942965
2016-10-05,23.353756
2016-10-06,-13096.366895
2016-10-07,-2160.451806
2016-10-11,-50639.905559
2016-10-12,-16795.278658
2016-10-13,6034.526169
2016-10-14,-19312.749851
2016-10-17,8608.100333
2016-10-18,26770.888002
2016-10-19,6655.593432
2016-10-20,11720.896475
2016-10-21,17567.945906
2016-10-24,-3929.899073
2016-10-25,-16308.921859
2016-10-26,-24083.145442
2016-10-27,-44927.955434
2016-10-28,-19156.759993
2016-10-31,-5085.693593
2016-11-01,-15068.046324
2016-11-02,1966.974643
2016-11-03,-33382.848156
2016-11-04,7178.141623
2016-11-07,24225.378658
2016-11-08,-24400.534131
2016-11-09,-27794.518871
2016-11-10,-50181.633617
2016-11-14,-17550.875049
2016-11-15,21938.748961
2016-11-16,-4460.307796
2016-11-17,-29165.440637
2016-11-18,-16456.856624
2016-11-21,10508.933709
2016-11-22,10201.369322
2016-11-23,-24402.576577
2016-11-25,7816.721761
2016-11-28,8106.064963
2016-11-29,10798.611814
2016-11-30,-52197.455706
2016-12-01,-51506.934234
2016-12-02,31113.159765
2016-12-05,35771.611608
2016-12-06,5313.517771
2016-12-07,17044.440201
2016-12-08,-38448.108744
2016-12-09,-11746.712968
2016-12-12,-30253.287032
2016-12-13,8422.707702
2016-12-14,-31070.852204
2016-12-15,-8301.162215
2016-12-16,19806.915963
2016-12-19,34248.193532
2016-12-20,-14386.638098
2016-12-21,9961.350487
2016-12-22,-11524.287439
2016-12-23,-4218.627036
2016-12-27,-23739.245772
2016-12-28,12744.295223
2016-12-29,2020.599258
2016-12-30,1775.748129
2017-01-03,16141.646814
2017-01-04,14253.985940
2017-01-05,47826.605321
2017-01-06,-14387.406619
2017-01-09,12755.052383
2017-01-10,1518.442846
2017-01-11,-2944.882713
2017-01-12,3859.340408
2017-01-13,-11192.376918
2017-01-17,18143.640032
2017-01-18,-54528.288580
2017-01-19,-33938.521502
2017-01-20,21515.546967
2017-01-23,27066.334952
2017-01-24,-16671.206362
2017-01-25,-22058.221233
2017-01-26,12197.859824
2017-01-27,9178.691481
2017-01-30,-26972.721876
2017-01-31,17695.836224
2017-02-01,-8218.415292
2017-02-02,-2527.401475
2017-02-03,16972.990456
2017-02-06,25046.491631
2017-02-07,13765.232400
2017-02-08,28481.912040
2017-02-09,-17234.127857
2017-02-10,-7309.709640
2017-02-13,-11018.416684
2017-02-14,-10434.085590
2017-02-15,-53107.107622
2017-02-16,36424.894275
2017-02-17,19806.712652
2017-02-21,-9734.612336
2017-02-22,-1646.568299
2017-02-23,18639.659198
2017-02-24,39177.061617
2017-02-27,-35160.933371
2017-02-28,-18599.458432
2017-03-01,-34536.759213
2017-03-02,6994.226249
2017-03-03,12673.587172
2017-03-06,-306.640736
2017-03-07,-20627.721384
2017-03-08,-24795.415892
2017-03-09,-19106.967202
2017-03-10,19358.770364
2017-03-13,-9263.390751
2017-03-14,-8095.379613
2017-03-15,46002.823962
2017-03-16,-804.567638
2017-03-17,12443.747754
2017-03-20,12673.736943
2017-03-21,-3747.365348
2017-03-22,7274.910946
2017-03-23,-5977.916902
2017-03-24,1067.523148
2017-03-27,19034.761654
2017-03-28,4194.077507
2017-03-29,12396.532513
2017-03-30,-10613.264213
2017-03-31,-11363.731331
2017-04-03,21797.979787
2017-04-04,8207.638177
2017-04-05,-16300.025600
2017-04-06,13890.530328
2017-04-07,-23502.331492
2017-04-10,-15930.843543
2017-04-11,6479.095785
2017-04-12,6649.152916
2017-04-13,9005.952238
2017-04-17,21240.723891
2017-04-18,42126.641150
2017-04-19,-20689.119924
2017-04-20,1414.496865
2017-04-21,-6339.897736
2017-04-24,52957.804755
2017-04-25,-34148.139681
2017-04-26,11917.618687
2017-04-27,17553.210789
2017-04-28,-8861.009147
2017-05-01,967.810096
2017-05-02,12403.718355
2017-05-03,-16115.668480
2017-05-04,-4796.406276
2017-05-05,-2615.335311
2017-05-08,7675.833457
2017-05-09,-16815.151385
2017-05-10,-197.640145
2017-05-11,-7371.592235
2017-05-12,36762.048743
2017-05-15,-480.307544
2017-05-16,-1458.213958
2017-05-17,-43267.447729
2017-05-18,7376.746653
2017-05-19,45222.064144
2017-05-22,16180.784423
2017-05-23,-13149.963364
2017-05-24,32882.014996
2017-05-25,6749.625749
2017-05-26,2545.579771
2017-05-30,1880.348960
2017-05-31,-721.501222
2017-06-01,12810.684248
2017-06-02,31564.215156
2017-06-05,-20073.355430
2017-06-06,10739.682080
2017-06-07,-16560.456675
2017-06-08,1596.340740
2017-06-09,-20946.324829
2017-06-12,-11154.742455
2017-06-13,23783.918740
2017-06-14,26776.638103
2017-06-15,-2035.576330
2017-06-16,12220.477874
2017-06-19,-11759.036126
2017-06-20,2457.676934
2017-06-21,2545.139983
2017-06-22,4359.268920
2017-06-23,9221.395809
2017-06-26,5012.084629
2017-06-27,-55700.059738
2017-06-28,16438.598530
2017-06-29,-50883.845994
2017-06-30,-12252.620444
2017-07-03,-20892.858092
2017-07-05,11364.788344
2017-07-06,-49171.197121
2017-07-07,26475.753220
2017-07-10,7793.729668
2017-07-11,3000.166677
2017-07-12,27925.260427
2017-07-13,-97.715476
2017-07-14,20047.720146
2017-07-17,-2019.311452
2017-07-18,16224.244183
2017-07-19,2540.672273
2017-07-20,3420.966140
2017-07-21,19808.075373
2017-07-24,-13862.701539
2017-07-25,-34000.000000
2017-07-26,13533.249543
2017-07-27,-30940.483640
2017-07-28,3588.120797
2017-07-31,2729.927526
2017-08-01,26177.001344
2017-08-02,-8663.856415
2017-08-03,10138.919393
2017-08-04,-5984.004880
2017-08-07,6505.030979
2017-08-08,-42672.950866
2017-08-09,18601.669467
2017-08-10,-71809.999697
2017-08-11,14400.156312
2017-08-14,49362.415003
2017-08-15,-16049.780676
2017-08-16,22308.156370
2017-08-17,-52264.706056
2017-08-18,23650.555910
2017-08-21,25499.862064
2017-08-22,17560.305700
2017-08-23,4922.951734
2017-08-24,-7591.503177
2017-08-25,28215.175907
2017-08-28,3115.043324
2017-08-29,5745.557743
2017-08-30,-1527.264573
2017-08-31,26446.935120
2017-09-01,-10897.789662
2017-09-05,-7097.657860
2017-09-06,-1424.004208
2017-09-07,19725.632391
2017-09-08,-20042.885918
2017-09-11,-5546.644000
2017-09-12,-10480.467447
2017-09-13,-12102.457683
2017-09-14,1432.668677
2017-09-15,6550.593099
2017-09-18,-15507.873857
2017-09-19,-4737.826409
2017-09-20,-1978.618231
2017-09-21,10827.793645
2017-09-22,4076.855142
2017-09-25,338.314180
2017-09-26,-7018.644471
2017-09-27,-26514.410846
2017-09-28,8239.674738
2017-09-29,-950.680516
2017-10-02,-417.716237
2017-10-03,417.716237
2017-10-04,-5134.837313
2017-10-05,1691.822361
2017-10-06,-22210.494746
2017-10-10,-4898.836823
2017-10-11,3770.451865
2017-10-12,6481.776711
2017-10-13,35685.031340
2017-10-16,-13685.031340
2017-10-17,-5892.487422
2017-10-18,-14111.602175
2017-10-19,4497.018056
2017-10-20,-28001.987367
2017-10-23,-20164.540687
2017-10-24,-20024.302558
2017-10-25,-11563.202949
2017-10-26,-11553.489242
2017-10-27,53605.085010
2017-10-30,4751.782128
2017-10-31,1737.561510
2017-11-01,3509.322708
2017-11-02,16706.810558
2017-11-03,26725.023148
2017-11-06,987.674048
2017-11-07,-16703.614090
2017-11-08,4796.165397
2017-11-09,-21758.943279
2017-11-10,-48135.530250
2017-11-13,-4607.414302
2017-11-14,8051.094504
2017-11-15,-7189.257741
2017-11-16,13548.936461
2017-11-17,11115.616166
2017-11-20,11670.396413
2017-11-21,28586.498989
2017-11-22,12175.346110
2017-11-24,-2628.949426
2017-11-27,4882.114005
2017-11-28,-14020.187132
2017-11-29,-28165.784874
2017-11-30,-37196.876151
2017-12-01,16697.442066
2017-12-04,-7409.124898
2017-12-05,13605.975590
2017-12-06,18935.567829
2017-12-07,2313.340394
2017-12-08,8695.212542
2017-12-11,2342.834936
2017-12-12,-21061.667264
2017-12-13,11531.977544
2017-12-14,-1499.352821
2017-12-15,24896.833455
2017-12-18,-20902.407269
2017-12-19,-44783.971077
2017-12-20,-6151.254125
2017-12-21,4585.338449
2017-12-22,-9172.623116
2017-12-26,-4685.737111
2017-12-27,14690.920175
2017-12-28,-977.746560
2017-12-29,-8275.007432
2018-01-02,-1447.856301
2018-01-03,28390.646692
2018-01-04,-15905.289570
2018-01-05,-4000.000000
2018-01-08,-18004.952809
2018-01-09,-40289.603460
2018-01-10,6533.035069
2018-01-11,8477.152652
2018-01-12,-12986.482598
2018-01-16,-34426.434693
2018-01-17,-19303.550611
2018-01-18,-28423.892594
2018-01-19,10232.406423
2018-01-22,-2618.626303
2018-01-23,10418.431237
2018-01-24,-18197.455706
2018-01-25,5613.864749
2018-01-26,-4965.552294
2018-01-29,-71605.317218
2018-01-30,-30597.081633
2018-01-31,24075.752310
2018-02-01,-22704.180735
2018-02-02,-92704.844691
2018-02-05,-156061.251698
2018-02-06,46749.720826
2018-02-07,-496.091738
2018-02-08,-48958.958983
2018-02-09,51247.009354
2018-02-12,15594.939483
2018-02-13,22326.948980
2018-02-14,24911.174480
2018-02-15,1693.155729
2018-02-16,11724.176674
2018-02-20,-20232.499759
2018-02-21,-20860.174523
2018-02-22,26784.825709
2018-02-23,45709.583619
2018-02-26,16686.049135
2018-02-27,-56653.465425
2018-02-28,-2395.051350
2018-03-01,-2994.269766
2018-03-02,10290.463560
2018-03-05,1223.178875
2018-03-06,6988.032816
2018-03-07,2306.411907
2018-03-08,33791.761992
2018-03-09,12506.045266
2018-03-12,-2746.451721
2018-03-13,5128.854519
2018-03-14,2893.961701
2018-03-15,3462.986584
2018-03-16,197.541042
2018-03-19,-46370.279271
2018-03-20,-4982.634241
2018-03-21,2714.504659
2018-03-22,-40901.262853
2018-03-23,-9873.407739
2018-03-26,27928.067025
2018-03-27,13108.670126
2018-03-28,3922.325294
2018-03-29,45898.715152
2018-04-02,-37965.665835
2018-04-03,-1794.807428
2018-04-04,12636.314487
2018-04-05,-1637.076306
2018-04-06,-5577.905724
2018-04-09,-7236.291148
2018-04-10,5393.118893
2018-04-11,824.888813
2018-04-12,2607.699755
2018-04-13,19046.322905
2018-04-16,10513.651206
2018-04-17,20602.661476
2018-04-18,-29672.852801
2018-04-19,-27703.669442
2018-04-20,-30010.974287
2018-04-23,-1871.650066
2018-04-24,-30466.540687
2018-04-25,-9490.218743
2018-04-26,33491.448105
2018-04-27,31115.171350
2018-04-30,-4296.868647
2018-05-01,1002.367373
2018-05-02,-9629.326950
2018-05-03,15098.213250
2018-05-04,14430.253171
2018-05-07,-1661.246561
2018-05-08,-5321.112957
2018-05-09,6945.350767
2018-05-10,17564.788354
2018-05-11,15207.440738
2018-05-14,-17473.244403
2018-05-15,-68881.005562
2018-05-16,19582.020872
2018-05-17,-6186.219748
2018-05-18,22186.219748
2018-05-21,4415.446379
2018-05-22,-661.622099
2018-05-23,34405.645788
2018-05-24,16995.620591
2018-05-25,12598.733621
2018-05-29,10835.427820
2018-05-30,586.735860
2018-05-31,-6067.871668
2018-06-01,6147.835540
2018-06-04,-12256.081482
2018-06-05,12762.544383
2018-06-06,-6187.742423
2018-06-07,7691.429837
2018-06-08,2971.615169
2018-06-11,-19465.200198
2018-06-12,202.511149
2018-06-13,-17869.317649
2018-06-14,32366.577108
2018-06-15,6904.596988
2018-06-18,-2793.336877
2018-06-19,-8276.111162
2018-06-20,-5286.807686
2018-06-21,-19773.473236
2018-06-22,13316.298948
2018-06-25,-41486.697747
2018-06-26,13215.730828
2018-06-27,-7445.758914
2018-06-28,13252.139819
2018-06-29,5538.173949
2018-07-02,-6268.238313
2018-07-03,11492.562853
2018-07-05,12813.116103
2018-07-06,38258.701829
2018-07-09,-4950.222653
2018-07-10,-3013.026748
2018-07-11,-6851.714247
2018-07-12,22041.248609
2018-07-13,14078.247248
2018-07-16,-18997.729086
2018-07-17,13472.996832
2018-07-18,-8827.815326
2018-07-19,576.607749
2018-07-20,-23805.674300
2018-07-23,-23290.284576
2018-07-24,8195.064474
2018-07-25,2429.168910
2018-07-26,-8929.965513
2018-07-27,-11687.151376
2018-07-30,-32551.005962
2018-07-31,36418.059090
2018-08-01,-24158.894999
2018-08-02,28951.453783
2018-08-03,23542.125297
2018-08-06,14075.778563
2018-08-07,-12341.743534
2018-08-08,13836.555550
2018-08-09,2505.187984
2018-08-10,-10759.399461
2018-08-13,-35023.247406
2018-08-14,24189.820778
2018-08-15,-9810.469032
2018-08-16,17194.600621
2018-08-17,15528.179332
2018-08-20,24984.516145
2018-08-21,-21298.348668
2018-08-22,24148.945455
2018-08-23,-5244.165556
2018-08-24,8607.407544
2018-08-27,-19519.726875
2018-08-28,-18894.191943
2018-08-29,-949.323171
2018-08-30,-8845.876298
2018-08-31,16696.930843
2018-09-04,-25765.051772
2018-09-05,-11856.520010
2018-09-06,-2958.082382
2018-09-07,-31894.423485
2018-09-10,12399.235285
2018-09-11,-2827.436539
2018-09-12,5517.455342
2018-09-13,19096.706663
2018-09-14,-1862.212176
2018-09-17,-31302.969271
2018-09-18,-13182.175849
2018-09-19,5202.593750
2018-09-20,2938.427280
2018-09-21,2555.388518
2018-09-24,-16889.493585
2018-09-25,-12468.031192
2018-09-26,10714.064889
2018-09-27,7487.304434
2018-09-28,11911.404644
2018-10-01,-13512.417287
2018-10-02,18960.497463
2018-10-03,-38700.533943
2018-10-04,-66695.657166
2018-10-05,-26332.048873
2018-10-09,-12370.302341
2018-10-10,-93073.685555
2018-10-11,18919.516688
2018-10-12,35724.764647
2018-10-15,-5882.656651
2018-10-16,47418.113052
2018-10-17,-8858.896428
2018-10-18,-21564.394078
2018-10-19,-11872.327583
2018-10-22,3162.197485
2018-10-23,2737.906880
2018-10-24,-17354.271811
2018-10-25,-1786.243868
2018-10-26,22620.091265
2018-10-29,-5526.217642
2018-10-30,51.564880
2018-10-31,11795.427100
2018-11-01,33309.946423
2018-11-02,-42187.916152
2018-11-05,2299.220938
2018-11-06,-9372.961798
2018-11-07,49095.696725
2018-11-08,-13441.569120
2018-11-09,16609.224606
2018-11-13,-11640.766164
2018-11-14,-2906.280371
2018-11-15,19406.280538
2018-11-16,32153.082133
2018-11-19,-11650.092595
2018-11-20,-23976.552490
2018-11-21,19418.259580
2018-11-23,-2507.437147
2018-11-26,24455.203307
2018-11-27,12417.716237
2018-11-28,1065.252930
2018-11-29,-23.692007
2018-11-30,19767.927205
2018-12-03,37633.928744
2018-12-04,-26086.703293
2018-12-06,18633.707630
2018-12-07,-12978.793626
2018-12-10,12431.573362
2018-12-11,-88.792163
2018-12-12,-4529.328804
2018-12-13,9618.854449
2018-12-14,-1591.480139
2018-12-17,-17351.967776
2018-12-18,5419.578729
2018-12-19,22000.000000
2018-12-20,-25968.468895
2018-12-21,-16793.167690
2018-12-24,-21151.038105
2018-12-26,10672.498307
2018-12-27,25727.085760
2018-12-28,35897.231097
2018-12-31,43184.492125
2019-01-02,36630.572373
2019-01-03,21074.558318
2019-01-04,-16435.040650
2019-01-07,-16233.754108
2019-01-08,-8892.369411
2019-01-09,57.156613
2019-01-10,10079.326913
2019-01-11,25385.618260
2019-01-14,-7811.106771
2019-01-15,2238.709723
2019-01-16,-11845.112161
2019-01-17,11210.620344
2019-01-18,-20374.727327
2019-01-22,-10938.632352
2019-01-23,5878.351431
2019-01-24,30201.724868
2019-01-25,253.427522
2019-01-28,-13988.596989
2019-01-29,8578.893982
2019-01-30,15988.897069
2019-01-31,41927.090934
2019-02-01,-27426.707851
2019-02-04,-3567.263557
2019-02-05,10555.932806
2019-02-06,9069.505442
2019-02-07,8404.393174
2019-02-08,22129.151095
2019-02-11,-11944.543806
2019-02-12,-5400.426037
2019-02-13,-21539.312653
2019-02-14,13056.467075
2019-02-15,19053.229978
2019-02-19,2503.524843
2019-02-20,10883.286950
2019-02-21,-27725.333781
2019-02-22,32989.016190
2019-02-25,-33642.428319
2019-02-26,6670.017972
2019-02-27,-14131.925106
2019-02-28,-21356.855434
2019-03-01,7353.360418
2019-03-04,1196.814704
2019-03-05,127.332068
2019-03-06,-410.089057
2019-03-07,8851.284697
2019-03-08,16272.813657
2019-03-11,18338.401934
2019-03-12,23965.732275
2019-03-13,2622.903862
2019-03-14,-13672.247038
2019-03-15,27753.491192
2019-03-18,-12234.127383
2019-03-19,-10628.013076
2019-03-20,19629.069144
2019-03-21,5083.690057
2019-03-22,4531.430307
2019-03-25,10285.904375
2019-03-26,38629.470949
2019-03-27,4121.372808
2019-03-28,14172.789792
2019-03-29,-5204.030197
2019-04-01,-30282.303346
2019-04-02,4747.384712
2019-04-03,-25011.529671
2019-04-04,8928.291166
2019-04-05,18397.917660
2019-04-08,-16923.519395
2019-04-09,-16039.856959
2019-04-10,23773.980421
2019-04-11,-6680.650388
2019-04-12,-1813.249828
2019-04-15,-371.080503
2019-04-16,-21142.826044
2019-04-17,-475.387919
2019-04-18,16329.537333
2019-04-22,-14732.352970
2019-04-23,10834.038447
2019-04-24,-2922.272584
2019-04-25,-10084.134844
2019-04-26,24009.034966
2019-04-29,-17353.471302
2019-04-30,13809.378565
2019-05-01,-30122.349314
2019-05-02,2502.762228
2019-05-03,28429.277562
2019-05-06,-33515.630747
2019-05-07,-24044.821047
2019-05-08,-17033.059321
2019-05-09,23896.182754
2019-05-10,29650.683154
2019-05-13,-27943.834626
2019-05-14,22290.348238
2019-05-15,49495.539590
2019-05-16,4129.592422
2019-05-17,-721.643020
2019-05-20,-13423.206153
2019-05-21,9766.779199
2019-05-22,27367.054263
2019-05-23,9686.682152
2019-05-24,6331.713464
2019-05-28,5242.154848
2019-05-29,-5649.957979
2019-05-30,22523.552836
2019-05-31,12412.090304
2019-06-03,28003.715770
2019-06-04,4399.049490
2019-06-05,11312.279560
2019-06-06,6498.459271
2019-06-07,4259.754027
2019-06-10,-16416.641387
2019-06-11,1217.036629
2019-06-12,11253.921124
2019-06-13,19418.220003
2019-06-14,22682.544650
2019-06-17,2857.327426
2019-06-18,9278.735519
2019-06-19,19911.322529
2019-06-20,-13221.960236
2019-06-21,-32781.106658
2019-06-24,26283.120891
2019-06-25,-175.583680
2019-06-26,-24922.743793
2019-06-27,26088.343352
2019-06-28,13976.399940
2019-07-01,5508.869049
2019-07-02,48945.923400
2019-07-03,15059.292545
2019-07-05,-53736.530362
2019-07-08,-18484.238321
2019-07-09,-12317.307144
2019-07-10,13552.733693
2019-07-11,-28073.950412
2019-07-12,14665.124286
2019-07-15,6215.936658
2019-07-16,-25523.942450
2019-07-17,17302.386385
2019-07-18,8000.682772
2019-07-19,-22446.243094
2019-07-22,18446.243094
2019-07-23,1604.823051
2019-07-24,26941.778717
2019-07-25,-27505.903759
2019-07-26,15648.693401
2019-07-29,-3408.575522
2019-07-30,-22744.056676
2019-07-31,-16324.582937
2019-08-01,34234.351977
2019-08-02,27664.101666
2019-08-05,-27468.233430
2019-08-06,53535.876065
2019-08-07,16573.709612
2019-08-08,25499.087652
2019-08-09,-25199.634471
2019-08-12,5976.176576
2019-08-13,30363.977246
2019-08-14,-10058.630754
2019-08-15,44630.067088
2019-08-16,22227.386491
2019-08-19,-1495.423739
2019-08-20,16982.152060
2019-08-21,7547.735224
2019-08-22,-27550.114224
2019-08-23,-1750.164908
2019-08-26,-982.443055
2019-08-27,5506.863298
2019-08-28,20105.239029
2019-08-29,-247.587567
2019-08-30,-6925.755859
2019-09-03,13199.919616
2019-09-04,29536.752748
2019-09-05,-34220.954376
2019-09-06,32318.180032
2019-09-09,-42459.979532
2019-09-10,-40851.327155
2019-09-11,-2102.699478
2019-09-12,-15235.799653
2019-09-13,-43415.465605
2019-09-16,7626.673660
2019-09-17,17950.614673
2019-09-18,26630.656299
2019-09-19,-1785.721878
2019-09-20,-1634.192133
2019-09-23,14781.758884
2019-09-24,4470.481262
2019-09-25,-23483.847073
2019-09-26,16282.853068
2019-09-27,-5279.329813
2019-09-30,18648.541067
2019-10-01,-19382.848156
2019-10-02,-1584.678307
2019-10-03,46153.133241
2019-10-04,32792.846556
2019-10-07,-29750.013512
2019-10-08,-17767.900819
2019-10-09,-918.657634
2019-10-10,-23220.773235
2019-10-11,-13948.784561
2019-10-15,31084.943240
2019-10-16,3428.338822
2019-10-17,-10002.194903
2019-10-18,-10203.303727
2019-10-21,-13575.105725
2019-10-22,-82.221779
2019-10-23,11903.714095
2019-10-24,3411.466694
2019-10-25,2117.069600
2019-10-28,-26929.520651
2019-10-29,8289.617046
2019-10-30,49045.378104
2019-10-31,24576.120688
2019-11-01,-7967.106989
2019-11-04,-44546.729062
2019-11-05,-41206.512895
2019-11-06,33332.343274
2019-11-07,-52169.638864
2019-11-08,1309.594365
2019-11-12,-2325.728475
2019-11-13,17769.147887
2019-11-14,31040.305923
2019-11-15,9930.868458
2019-11-18,3635.286644
2019-11-19,100.448637
2019-11-20,31560.067465
2019-11-21,-28754.559841
2019-11-22,17513.417459
2019-11-25,13707.952464
2019-11-26,15048.736885
2019-11-27,-18508.494878
2019-11-29,-17857.404131
2019-12-02,-69687.317916
2019-12-03,30986.634189
2019-12-04,-7135.397187
2019-12-05,-9224.957157
2019-12-06,-4003.072831
2019-12-09,-34065.228871
2019-12-10,-9146.449679
2019-12-11,39250.675702
2019-12-12,-31844.773304
2019-12-13,60671.867242
2019-12-16,-24107.712317
2019-12-17,-7070.034487
2019-12-18,-19830.581924
2019-12-19,-405.098259
2019-12-20,-199.920043
2019-12-23,-1990.456375
2019-12-24,10813.288911
2019-12-26,2394.944790
2019-12-27,-4958.448840
2019-12-30,-36621.652333
2019-12-31,6189.838571
2020-01-02,34973.126473
2020-01-03,8710.219521
2020-01-06,3049.912243
2020-01-07,-4914.614793
2020-01-08,-11758.853561
2020-01-09,27513.892711
2020-01-10,3601.593541
2020-01-13,-5176.699266
2020-01-14,10583.565616
2020-01-15,15395.404784
2020-01-16,-3978.970400
2020-01-17,-9495.373624
2020-01-21,10965.410315
2020-01-22,6835.401621
2020-01-23,14648.123396
2020-01-24,-8717.082873
2020-01-27,-10197.636481
2020-01-28,8282.807029
2020-01-29,20316.491955
2020-01-30,26119.184582
2020-01-31,-26946.903680
2020-02-03,3819.642088
2020-02-04,-1751.287195
2020-02-05,-9572.920595
2020-02-06,5155.139852
2020-02-07,17619.326990
2020-02-10,19047.336516
2020-02-11,-12316.363361
2020-02-12,10916.871293
2020-02-13,-5350.834324
2020-02-14,18444.927974
2020-02-18,-2179.310989
2020-02-19,3703.450964
2020-02-20,283.708386
2020-02-21,4698.832597
2020-02-24,-59541.729271
2020-02-25,5310.534768
2020-02-26,616.880057
2020-02-27,-73822.592879
2020-02-28,86007.534470
2020-03-02,57617.789154
2020-03-03,-221.663159
2020-03-04,33154.455461
2020-03-05,-1477.671827
2020-03-06,75773.503949
2020-03-09,78693.384557
2020-03-10,-54760.952063
2020-03-11,-48655.045604
2020-03-12,-100151.187095
2020-03-13,46556.888532
2020-03-16,28602.249109
2020-03-17,-74612.438074
2020-03-18,-65772.126087
2020-03-19,64992.703340
2020-03-20,51601.374991
2020-03-23,71440.274838
2020-03-24,-66324.517326
2020-03-25,-45075.984755
2020-03-26,31806.915963
2020-03-27,52053.305226
2020-03-30,40551.712666
2020-03-31,32006.188629
2020-04-01,8081.423077
2020-04-02,510.994468
2020-04-03,15044.041248
2020-04-06,-23524.612081
2020-04-07,-45940.628357
2020-04-08,6609.365362
2020-04-09,17881.314448
2020-04-13,-14982.097587
2020-04-14,15614.873626
2020-04-15,52397.086995
2020-04-16,44509.078379
2020-04-17,524.980513
2020-04-20,-12698.189175
2020-04-21,7146.542330
2020-04-22,-20365.242321
2020-04-23,13598.910519
2020-04-24,27306.267798
2020-04-27,-20921.112615
2020-04-28,23906.060149
2020-04-29,14063.409924
2020-04-30,-12345.853680
2020-05-01,-19319.330480
2020-05-04,6338.662557
2020-05-05,2965.403993
2020-05-06,-27765.020222
2020-05-07,60450.688766
2020-05-08,-2852.250419
2020-05-11,-14309.563950
2020-05-12,-21247.680904
2020-05-13,7600.679379
2020-05-14,25674.310334
2020-05-15,-4418.372805
2020-05-18,-30823.758750
2020-05-19,5719.427319
2020-05-20,27715.625805
2020-05-21,-9389.848057
2020-05-22,23876.041116
2020-05-26,-12664.764496
2020-05-27,5505.360323
2020-05-28,-24629.214588
2020-05-29,35626.857849
2020-06-01,-16458.916832
2020-06-02,4622.982540
2020-06-03,-30760.011771
2020-06-04,-23457.163636
2020-06-05,-33181.774334
2020-06-08,-2818.225666
2020-06-09,3508.447174
2020-06-10,34000.000000
2020-06-11,-49927.182073
2020-06-12,10605.283669
2020-06-15,7989.813569
2020-06-16,-18637.667198
2020-06-17,7489.429487
2020-06-18,11990.447618
2020-06-19,-16020.761004
2020-06-22,13062.080121
2020-06-23,-8832.393480
2020-06-24,3052.121866
2020-06-25,16264.039247
2020-06-26,-754.122252
2020-06-29,18191.676412
2020-06-30,2852.049300
2020-07-01,-2669.202555
2020-07-02,4348.910845
2020-07-06,-14337.305770
2020-07-07,7011.197896
2020-07-08,5739.245772
2020-07-09,15709.045891
2020-07-10,1425.265218
2020-07-13,-39283.877648
2020-07-14,27646.961395
2020-07-15,11367.966023
2020-07-16,5847.906366
2020-07-17,3623.007838
2020-07-20,20168.337141
2020-07-21,-3854.031702
2020-07-22,9289.049992
2020-07-23,-15467.419990
2020-07-24,-1688.735464
2020-07-27,-3124.422012
2020-07-28,7024.657123
2020-07-29,13527.724494
2020-07-30,7245.598170
2020-07-31,-2952.420611
2020-08-03,-8153.458983
2020-08-04,23412.367924
2020-08-05,-11763.961070
2020-08-06,-275.128288
2020-08-07,904.303506
2020-08-10,-7097.879039
2020-08-11,-44592.223921
2020-08-12,-9096.591328
2020-08-13,-6311.184751
2020-08-14,4905.388043
2020-08-17,14065.215555
2020-08-18,2133.449099
2020-08-19,-13693.391333
2020-08-20,20011.478690
2020-08-21,1988.521310
2020-08-24,-8107.316723
2020-08-25,-18171.096328
2020-08-26,-17689.954125
2020-08-27,-34570.725035
2020-08-28,7923.576501
2020-08-31,-32997.288714
2020-09-01,26760.355475
2020-09-02,9729.636159
2020-09-03,-30685.826799
2020-09-04,-23840.981821
2020-09-08,10293.274156
2020-09-09,7998.587133
2020-09-10,8309.714905
2020-09-11,37118.316712
2020-09-14,5674.955418
2020-09-15,-1472.762304
2020-09-16,-10358.041792
2020-09-17,-0.085337
2020-09-18,24.387895
2020-09-21,-194.932555
2020-09-22,8419.536558
2020-09-23,-11517.245352
2020-09-24,8613.067394
2020-09-25,23412.188909
2020-09-28,-8192.877808
2020-09-29,-2762.486294
2020-09-30,-10949.849167
2020-10-01,890.858740
2020-10-02,-18559.643382
2020-10-05,-42968.194608
2020-10-06,-1234.287489
2020-10-07,-17658.251838
2020-10-08,25624.341260
2020-10-09,7242.971192
2020-10-13,15522.649231
2020-10-14,2855.304448
2020-10-15,-9340.281750
2020-10-16,-16045.693291
2020-10-19,-23643.908195
2020-10-20,-15452.250795
2020-10-21,-5965.224222
2020-10-22,-15242.985439
2020-10-23,15030.712330
2020-10-26,-19001.506622
2020-10-27,3237.697431
2020-10-28,-45199.323872
2020-10-29,-8720.747431
2020-10-30,-12843.569871
2020-11-02,7921.767218
2020-11-03,-3128.722015
2020-11-04,110044.955596
2020-11-05,9417.365375
2020-11-06,11957.696571
2020-11-09,-76793.635257
2020-11-10,-4602.256515
2020-11-12,44516.230783
2020-11-13,17236.528127
2020-11-16,-864.499165
2020-11-17,17121.314518
2020-11-18,-16139.871520
2020-11-19,15774.854478
2020-11-20,7697.594036
2020-11-23,-4781.551865
2020-11-24,-2485.549595
2020-11-25,2546.639652
2020-11-27,20870.669621
2020-11-30,-739.871695
2020-12-01,-42418.983556
2020-12-02,-24768.861815
2020-12-03,8704.355168
2020-12-04,-20176.109349
2020-12-07,7941.257289
2020-12-08,13385.005769
2020-12-09,-34518.357907
2020-12-10,15209.169499
2020-12-11,1380.337556
2020-12-14,-16682.544885
2020-12-15,5228.124656
2020-12-16,2296.206189
2020-12-17,-5585.063305
2020-12-18,-1861.974493
2020-12-21,-38487.992858
2020-12-22,19415.974251
2020-12-23,-8322.729555
2020-12-24,27858.785418
2020-12-28,-1966.237293
2020-12-29,-13413.545273
2020-12-30,7380.640391
2020-12-31,-5780.316330
2021-01-04,-46539.997939
2021-01-05,-414.759435
2021-01-06,-35321.934319
2021-01-07,6487.784167
2021-01-08,-4779.742635
2021-01-11,-35635.468600
2021-01-12,3910.383602
2021-01-13,36299.362032
2021-01-14,-37440.623532
2021-01-15,2546.011118
2021-01-19,15561.538894
2021-01-20,14526.993038
2021-01-21,-969.659867
2021-01-22,3175.611423
2021-01-25,7805.500585
2021-01-26,1839.436993
2021-01-27,-116053.534766
2021-01-28,30101.136740
2021-01-29,-38764.531634
2021-02-01,34516.392656
2021-02-02,22034.230450
2021-02-03,7363.783261
2021-02-04,16760.155305
2021-02-05,-13444.961461
2021-02-08,-6393.368821
2021-02-09,-548.760898
2021-02-10,9873.358850
2021-02-11,6557.727299
2021-02-12,-2468.563014
2021-02-16,-63989.897444
2021-02-17,9534.450517
2021-02-18,-1254.457709
2021-02-19,-11060.458980
2021-02-22,-31389.473250
2021-02-23,3651.267651
2021-02-24,13920.544603
2021-02-25,-133728.067151
2021-02-26,46269.578719
2021-03-01,38955.053872
2021-03-02,-3903.714095
2021-03-03,-47331.874424
2021-03-04,-43204.469512
2021-03-05,24793.679627
2021-03-08,-18079.697814
2021-03-09,30549.559811
2021-03-10,13781.155780
2021-03-11,-691.181744
2021-03-12,-21676.834538
2021-03-15,14104.835520
2021-03-16,-2986.402484
2021-03-17,3176.300003
2021-03-18,-54823.850057
2021-03-19,-12592.921635
2021-03-22,42008.871413
2021-03-23,13870.568667
2021-03-24,-10845.073908
2021-03-25,10953.580242
2021-03-26,-7714.104124
2021-03-29,-51755.231399
2021-03-30,16006.140648
2021-03-31,-5308.356465
2021-04-01,52208.490585
2021-04-05,-24230.028086
2021-04-06,27085.728864
2021-04-07,5608.801639
2021-04-08,21078.315058
2021-04-09,-4135.475962
2021-04-12,-15273.856309
2021-04-13,23873.736621
2021-04-14,-5053.679814
2021-04-15,38257.776061
2021-04-16,-13124.769334
2021-04-19,-19508.847730
2021-04-20,-3331.283276
2021-04-21,18313.137968
2021-04-22,-16714.314839
2021-04-23,13154.759140
2021-04-26,-8432.486713
2021-04-27,-24863.634407
2021-04-28,18.456208
2021-04-29,-14729.289783
2021-04-30,-11808.037037
2021-05-03,10062.927992
2021-05-04,-7485.234882
2021-05-05,2271.395647
2021-05-06,18123.919253
2021-05-07,8249.325236
2021-05-10,-62944.094261
2021-05-11,-28289.259039
2021-05-12,-80427.559338
2021-05-13,62080.727996
2021-05-14,63685.458233
2021-05-17,-21811.176465
2021-05-18,-15737.474175
2021-05-19,-17651.934012
2021-05-20,51626.902057
2021-05-21,2369.771325
2021-05-24,28713.405944
2021-05-25,18092.098867
2021-05-26,16453.389979
2021-05-27,-6908.088957
2021-05-28,11701.492502
2021-06-01,-40451.404448
2021-06-02,21935.835655
2021-06-03,-19883.536102
2021-06-04,55522.852653
2021-06-07,-2000.000000
2021-06-08,12294.391804
2021-06-09,8270.159821
2021-06-10,40355.656383
2021-06-11,5087.088751
2021-06-14,-35550.118942
2021-06-15,-13429.432597
2021-06-16,-28070.359391
2021-06-17,35571.261197
2021-06-18,-4437.046087
2021-06-21,14472.950688
2021-06-22,13807.815195
2021-06-23,-8845.178199
2021-06-24,17419.846827
2021-06-25,-22460.045546
2021-06-28,19769.264995
2021-06-29,-2090.714303
2021-06-30,18982.766937
2021-07-01,-12410.498567
2021-07-02,26710.713881
2021-07-06,10247.155753
2021-07-07,25676.536847
2021-07-08,-15856.934232
2021-07-09,165.766884
2021-07-12,-13845.440490
2021-07-13,-36272.424281
2021-07-14,35810.865933
2021-07-15,17800.625144
2021-07-16,-22315.741020
2021-07-19,16387.265319
2021-07-20,12843.747294
2021-07-21,-7804.724010
2021-07-22,15089.926975
2021-07-23,-18977.468912
2021-07-26,-11463.127109
2021-07-27,-4111.797398
2021-07-28,3940.430791
2021-07-29,-3529.320223
2021-07-30,14486.913733
2021-08-02,5813.976972
2021-08-03,20942.390531
2021-08-04,6971.953460
2021-08-05,-2211.515645
2021-08-06,-23092.571573
2021-08-09,-16671.389497
2021-08-10,-19044.465858
2021-08-11,11112.940643
2021-08-12,5425.506362
2021-08-13,38255.169931
2021-08-16,3387.066566
2021-08-17,-20324.619749
2021-08-18,-48486.061082
2021-08-19,18843.661213
2021-08-20,32730.022048
2021-08-23,23752.638437
2021-08-24,-23018.331347
2021-08-25,-27677.993022
2021-08-26,-20799.699515
2021-08-27,34827.719098
2021-08-30,15069.406267
2021-08-31,-438.439198
2021-09-01,-323.168177
2021-09-02,7387.323022
2021-09-03,-20000.000000
2021-09-07,-49057.134896
2021-09-08,10493.095453
2021-09-09,8572.548260
2021-09-10,-51070.444133
2021-09-13,33603.292237
2021-09-14,26841.100165
2021-09-15,1009.747002
2021-09-16,-18916.633180
2021-09-17,-34861.254735
2021-09-20,-20861.595218
2021-09-21,5484.394609
2021-09-22,44657.430438
2021-09-23,-13615.115881
2021-09-24,-17903.082827
2021-09-27,-19835.356914
2021-09-28,-83644.547114
2021-09-29,5531.676351
2021-09-30,5653.926216
2021-10-01,36480.704068
2021-10-04,-24528.416490
2021-10-05,-15238.375316
2021-10-06,11546.158748
2021-10-07,-7985.302223
2021-10-08,-9949.050996
2021-10-12,-3986.039134
2021-10-13,21723.549469
2021-10-14,41091.464171
2021-10-15,-27555.288810
2021-10-18,3846.672795
2021-10-19,-14470.573930
2021-10-20,-2633.485519
2021-10-21,-18130.497804
2021-10-22,1100.744818
2021-10-25,7097.529029
2021-10-26,-13853.597520
2021-10-27,28825.439864
2021-10-28,10714.817263
2021-10-29,24117.201928
2021-11-01,-12295.700246
2021-11-02,11857.234620
2021-11-03,-5058.194300
2021-11-04,16433.299806
2021-11-05,19703.505029
2021-11-08,-50980.993630
2021-11-09,9999.317228
2021-11-10,-67013.071593
2021-11-12,20893.773461
2021-11-15,-29050.678489
2021-11-16,7825.936297
2021-11-17,6946.825870
2021-11-18,-8916.867711
2021-11-19,31492.835669
2021-11-22,-44996.835246
2021-11-23,-20723.762351
2021-11-24,24538.968269
2021-11-26,-32005.010186
2021-11-29,41088.050669
2021-11-30,1726.078202
2021-12-01,-21750.360166
2021-12-02,16858.374927
2021-12-03,20783.055369
2021-12-06,-3799.107649
2021-12-07,28112.874297
2021-12-08,-2172.455049
2021-12-09,1738.192975
2021-12-10,45944.584591
2021-12-13,11218.811469
2021-12-14,-20729.133986
2021-12-15,15610.771154
2021-12-16,-10061.719187
2021-12-17,8132.560816
2021-12-20,-24630.636908
2021-12-21,-8793.126706
2021-12-22,32056.332561
2021-12-23,-6843.469565
2021-12-27,5928.251416
2021-12-28,-2012.482434
2021-12-29,-21445.961721
2021-12-30,-3542.817475
2021-12-31,5591.901182
2022-01-03,-42832.799091
2022-01-04,-10625.616887
2022-01-05,-50558.789281
2022-01-06,7525.169957
2022-01-07,-4921.825842
2022-01-10,-16386.530623
2022-01-11,13094.767706
2022-01-12,26964.843684
2022-01-13,-9519.688771
2022-01-14,-19818.983607
2022-01-18,-82983.133309
2022-01-19,16634.406481
2022-01-20,-3604.358209
2022-01-21,22.914304
2022-01-24,-16937.121861
2022-01-25,-28319.185151
2022-01-26,-28337.474974
2022-01-27,23771.589974
2022-01-28,28352.858691
2022-01-31,22983.681679
2022-02-01,24707.495720
2022-02-02,14524.399802
2022-02-03,-34351.708024
2022-02-04,-38120.531685
2022-02-07,9906.329476
2022-02-08,-3967.419459
2022-02-09,25882.016330
2022-02-10,-87141.627647
2022-02-11,14303.672179
2022-02-14,-42709.805272
2022-02-15,-3642.419515
2022-02-16,26106.562222
2022-02-17,-6515.160476
2022-02-18,27222.386181
2022-02-22,-25371.677226
2022-02-23,-54477.402163
2022-02-24,13706.149244
2022-02-25,21588.543136
2022-02-28,17817.116264
2022-03-01,19006.776469
2022-03-02,-53851.730203
2022-03-03,6123.501823
2022-03-04,39990.005853
2022-03-07,-68707.687762
2022-03-08,-48778.501956
2022-03-09,-161.244218
2022-03-10,-2283.591410
2022-03-11,-28263.796365
2022-03-14,-62158.113507
2022-03-15,29751.962439
2022-03-16,19993.815083
2022-03-17,-16445.914172
2022-03-18,52175.138633
2022-03-21,-76413.440597
2022-03-22,-19651.477240
2022-03-23,11226.848688
2022-03-24,17011.475350
2022-03-25,-51876.206214
2022-03-28,22593.658029
2022-03-29,47474.271556
2022-03-30,18375.907211
2022-03-31,577.713158
2022-04-01,-8427.891925
2022-04-04,1877.908231
2022-04-05,-87100.653587
2022-04-06,-38406.904702
2022-04-07,-11699.552007
2022-04-08,-29434.197610
2022-04-11,-71310.065162
2022-04-12,39130.991030
2022-04-13,46500.480778
2022-04-14,-79884.486021
2022-04-18,-8093.774785
2022-04-19,-24812.011426
2022-04-20,46595.611655
2022-04-21,-67469.464037
2022-04-22,-46548.261539
2022-04-25,60774.798120
2022-04-26,-25891.235770
2022-04-27,-11253.711245
2022-04-28,-16926.718042
2022-04-29,-24922.976805
2022-05-02,-17937.238542
2022-05-03,29106.320118
2022-05-04,45085.826979
2022-05-05,-101220.457264
2022-05-06,-17773.162226
2022-05-09,14832.792927
2022-05-10,56993.771693
2022-05-11,25279.986027
2022-05-12,56140.523213
2022-05-13,-32070.136348
2022-05-16,34427.123392
2022-05-17,-33210.203555
2022-05-18,-8690.183598
2022-05-19,59350.875612
2022-05-20,31319.496007
2022-05-23,-33796.881075
2022-05-24,41627.044112
2022-05-25,11340.415319
2022-05-26,-4213.438963
2022-05-27,18729.276326
2022-05-31,-50527.189788
2022-06-01,-33181.038151
2022-06-02,15622.294633
2022-06-03,-32706.928364
2022-06-06,-38807.891531
2022-06-07,40696.273880
2022-06-08,-23374.739149
2022-06-09,-25291.581475
2022-06-10,-61420.935261
2022-06-13,-158928.186694
2022-06-14,13969.841558
2022-06-15,68654.852974
2022-06-16,9364.636973
2022-06-17,34204.819124
2022-06-21,-22334.689816
2022-06-22,84485.134925
2022-06-23,35137.930180
2022-06-24,-11825.205847
2022-06-27,-23415.997667
2022-06-28,1250.898923
2022-06-29,65769.292594
2022-06-30,49164.259289
2022-07-01,56145.482182
2022-07-05,24256.018026
2022-07-06,-34536.759213
2022-07-07,-33845.551727
2022-07-08,-25800.600402
2022-07-11,34939.355531
2022-07-12,1523.345455
2022-07-13,26343.114217
2022-07-14,-22054.033075
2022-07-15,29443.118831
2022-07-18,-24803.215226
2022-07-19,-15967.180454
2022-07-20,-3592.042743
2022-07-21,70193.966060
2022-07-22,54866.927613
2022-07-25,-23556.861032
2022-07-26,-13843.286349
2022-07-27,15130.842843
2022-07-28,37985.966533
2022-07-29,5454.133342
2022-08-01,14900.286924
2022-08-02,-65654.879283
2022-08-03,25591.440600
2022-08-04,33877.200830
2022-08-05,-56595.392322
2022-08-08,18350.606647
2022-08-09,-15573.849085
2022-08-10,40471.460310
2022-08-11,-49758.892600
2022-08-12,20432.714880
2022-08-15,20680.650388
2022-08-16,-8720.437329
2022-08-17,-34652.209770
2022-08-18,-3691.733219
2022-08-19,-58951.102797
2022-08-22,-60098.626220
2022-08-23,-13235.277879
2022-08-24,-18252.663060
2022-08-25,47661.306732
2022-08-26,-38009.128001
2022-08-29,-40278.096956
2022-08-30,10000.000000
2022-08-31,1264.255284
2022-09-01,-34986.158328
2022-09-02,20881.835129
2022-09-06,-67749.168937
2022-09-07,52031.706518
2022-09-08,10675.196892
2022-09-09,-9162.873040
2022-09-12,-27575.149273
2022-09-13,-57291.189127
2022-09-14,10388.917567
2022-09-15,-11049.019277
2022-09-16,9714.666128
2022-09-19,-2813.490513
2022-09-20,-57230.600364
2022-09-21,20474.499791
2022-09-22,-76217.306335
2022-09-23,-10452.656060
2022-09-26,-84825.229898
2022-09-27,-40621.053919
2022-09-28,119283.208758
2022-09-29,-1385.976909
2022-09-30,-18266.617701
2022-10-03,58316.165007
2022-10-04,28704.614296
2022-10-05,-47487.555383
2022-10-06,-44681.317579
2022-10-07,-40787.747266
2022-10-11,-41471.332567
2022-10-12,12446.428690
2022-10-13,-21556.582949
2022-10-14,-26625.391195
2022-10-17,-10872.828659
2022-10-18,19031.334647
2022-10-19,-56122.115256
2022-10-20,-51578.837009
2022-10-21,12430.050975
2022-10-24,-31343.637766
2022-10-25,87921.311794
2022-10-26,48586.439922
2022-10-27,28993.962425
2022-10-28,-20564.160959
2022-10-31,-35258.960631
2022-11-01,14677.113976
2022-11-02,-16483.839903
2022-11-03,15473.244403
2022-11-04,-20476.864627
2022-11-07,-27954.998822
2022-11-08,26071.499731
2022-11-09,18673.437864
2022-11-10,151818.974102
2022-11-14,-22115.966927
2022-11-15,27608.907791
2022-11-16,68419.436772
2022-11-17,-36126.552432
2022-11-18,-5391.285471
2022-11-21,-7643.901121
2022-11-22,38259.042345
2022-11-23,31289.141754
2022-11-25,10164.006436
2022-11-28,-12029.437940
2022-11-29,-18371.818407
2022-11-30,25427.545282
2022-12-01,65154.907137
2022-12-02,4027.050908
2022-12-05,-49238.587113
2022-12-06,35451.555762
2022-12-07,40314.136192
2022-12-08,-23663.667135
2022-12-09,-37984.328286
2022-12-12,-42700.091082
2022-12-13,73785.189730
2022-12-14,34142.021377
2022-12-15,6772.879975
2022-12-16,-7689.752537
2022-12-19,-37779.736739
2022-12-20,-55292.212999
2022-12-21,14974.026708
2022-12-22,-2612.930897
2022-12-23,-21158.708673
2022-12-27,-57173.183340
2022-12-28,-25595.118208
2022-12-29,30031.897769
2022-12-30,-28667.619836
2023-01-03,30197.976247
2023-01-04,57910.003755
2023-01-05,-13059.763443
2023-01-06,81260.529421
2023-01-09,-3746.013692
2023-01-10,-19660.461002
2023-01-11,23880.183979
2023-01-12,76336.912955
2023-01-13,-11544.557958
2023-01-17,-27394.876837
2023-01-18,61654.922807
2023-01-19,-26202.657421
2023-01-20,-33700.996708
2023-01-23,-25495.713394
2023-01-24,33819.145419
2023-01-25,-2432.596747
2023-01-26,-15371.462609
2023-01-27,-9046.152532
2023-01-30,-22604.159487
2023-01-31,28863.674616
2023-02-01,70537.434224
2023-02-02,-9750.796821
2023-02-03,-46603.136349
2023-02-06,-60569.800384
2023-02-07,-17890.983007
2023-02-08,-2669.203217
2023-02-09,-27389.416780
2023-02-10,-25817.638906
2023-02-13,14324.460103
2023-02-14,-1775.373012
2023-02-15,-14844.426505
2023-02-16,-49281.940819
2023-02-17,19866.144520
2023-02-21,-97273.558537
2023-02-22,16421.965159
2023-02-23,37242.791739
2023-02-24,-32190.458777
2023-02-27,24447.542295
2023-02-28,-10998.763476
2023-03-01,-36546.507534
2023-03-02,-23674.875388
2023-03-03,50447.296639
2023-03-06,382.743686
2023-03-07,13169.959674
2023-03-08,14201.868426
2023-03-09,-18045.132009
2023-03-10,76887.158280
2023-03-13,47236.121963
2023-03-14,-22210.226283
2023-03-15,31818.340563
2023-03-16,26101.842355
2023-03-17,65997.201655
2023-03-20,-26303.461986
2023-03-21,-35542.881375
2023-03-22,23916.139937
2023-03-23,54099.764889
2023-03-24,3809.601149
2023-03-27,-50534.298526
2023-03-28,-14235.017908
2023-03-29,-1125.940049
2023-03-30,7310.962627
2023-03-31,36241.883314
2023-04-03,28013.433702
2023-04-04,34007.702472
2023-04-05,22949.578287
2023-04-06,7072.500351
2023-04-10,-57627.029833
2023-04-11,-13707.387776
2023-04-12,12130.924329
2023-04-13,-2508.454890
2023-04-14,-19531.019877
2023-04-17,-34236.324255
2023-04-18,17776.206406
2023-04-19,-2442.546762
2023-04-20,17442.380085
2023-04-21,-10106.975231
2023-04-24,18217.461254
2023-04-25,27748.696810
2023-04-26,-13063.831393
2023-04-27,-18748.556382
2023-04-28,73058.294814
2023-05-01,-74708.237083
2023-05-02,40875.508416
2023-05-03,16247.440814
2023-05-04,-16784.428000
2023-05-05,6973.589858
2023-05-08,-32927.090372
2023-05-09,-14523.317728
2023-05-10,63112.940643
2023-05-11,18147.623270
2023-05-12,-33472.324632
2023-05-15,-19317.719010
2023-05-16,-28392.169312
2023-05-17,-1930.212149
2023-05-18,-21542.988255
2023-05-19,-33566.274461
2023-05-22,-13879.165701
2023-05-23,-14475.107518
2023-05-24,-29460.027345
2023-05-25,-28637.309087
2023-05-26,32047.567773
2023-05-30,52919.391131
2023-05-31,21219.923445
2023-06-01,50140.484911
2023-06-02,-18637.652932
2023-06-05,-4216.175440
2023-06-06,7422.533285
2023-06-07,-37641.577000
2023-06-08,31255.720925
2023-06-09,-11275.156011
2023-06-12,-6469.124992
2023-06-13,-43247.395029
2023-06-14,14814.317671
2023-06-15,33075.076413
2023-06-16,-4874.904514
2023-06-20,5799.828101
2023-06-21,22558.031372
2023-06-22,-32446.343817
2023-06-23,19941.717441
2023-06-26,-630.392905
2023-06-27,-14888.595020
2023-06-28,33705.069065
2023-06-29,-62039.314237
2023-06-30,11078.509830
2023-07-03,-25631.811421
2023-07-05,-48992.761814
2023-07-06,-63282.255873
2023-07-07,6077.347112
2023-07-10,19986.535878
2023-07-11,13844.943725
2023-07-12,70919.492564
2023-07-13,42710.862705
2023-07-14,-22990.555956
2023-07-17,3389.983751
2023-07-18,11360.767564
2023-07-19,13499.550681
2023-07-20,-70144.239043
2023-07-21,11068.248984
2023-07-24,-19634.553298
2023-07-25,-21099.746957
2023-07-26,38387.006758
2023-07-27,-84115.860821
2023-07-28,37476.318955
2023-07-31,-7564.027879
2023-08-01,-37442.885521
2023-08-02,-46038.293303
2023-08-03,-47344.554853
2023-08-04,40124.429227
2023-08-07,-1757.734367
2023-08-08,34536.468532
2023-08-09,12469.483706
2023-08-10,-32270.977075
2023-08-11,-17539.184354
2023-08-14,-11662.845532
2023-08-15,-26238.893845
2023-08-16,-32813.626448
2023-08-17,-26013.549120
2023-08-18,26383.849004
2023-08-21,-33531.202708
2023-08-22,346.058272
2023-08-23,75027.284727
2023-08-24,-28392.860870
2023-08-25,13130.842224
2023-08-28,35754.163086
2023-08-29,44668.737005
2023-08-30,16061.364870
2023-08-31,21646.870308
2023-09-01,-30996.776519
2023-09-05,-58980.695107
2023-09-06,-21730.763552
2023-09-07,8866.551994
2023-09-08,11916.314098
2023-09-11,-15276.410493
2023-09-12,2329.045015
2023-09-13,19536.326654
2023-09-14,-1449.836502
2023-09-15,-36234.310078
2023-09-18,-1778.409453
2023-09-19,-23956.609062
2023-09-20,-5614.120536
2023-09-21,-98785.934734
2023-09-22,26893.650781
2023-09-25,-39601.059527
2023-09-26,-24490.616457
2023-09-27,-12310.951018
2023-09-28,10375.980120
2023-09-29,5418.221461
2023-10-02,-41280.959250
2023-10-03,-79051.100922
2023-10-04,53646.398202
2023-10-05,9213.921997
2023-10-06,-9527.400812
2023-10-10,52090.788493
2023-10-11,46194.633418
2023-10-12,-61152.944167
2023-10-13,-8582.772778
2023-10-16,-11087.445360
2023-10-17,-63548.039880
2023-10-18,-56067.158449
2023-10-19,-64859.879621
2023-10-20,20404.484534
2023-10-23,55927.438413
2023-10-24,31801.111573
2023-10-25,-69582.162094
2023-10-26,32005.095671
2023-10-27,967.355107
2023-10-30,-1463.965534
2023-10-31,25258.511665
2023-11-01,64145.637032
2023-11-02,60606.801499
2023-11-03,54269.390447
2023-11-06,-45664.429480
2023-11-07,43346.804604
2023-11-08,52152.053430
2023-11-09,-64126.151346
2023-11-10,25017.991560
2023-11-13,-16198.441367
2023-11-14,92374.932727
2023-11-15,-42352.858210
2023-11-16,37543.839893
2023-11-17,11247.142342
2023-11-20,11166.973717
2023-11-21,15121.078112
2023-11-22,3543.143376
2023-11-24,-12294.925505
2023-11-27,37427.307908
2023-11-28,18000.000000
2023-11-29,24351.142613
2023-11-30,-42841.696770
2023-12-01,67675.390498
2023-12-04,-30752.352417
2023-12-05,52435.133672
2023-12-06,27676.203253
2023-12-07,-15728.781380
2023-12-08,-30025.484806
2023-12-11,-1604.718322
2023-12-12,29337.975313
2023-12-13,61526.772904
2023-12-14,30122.145138
2023-12-15,8038.860056
2023-12-18,-19636.309580
2023-12-19,12597.848033
2023-12-20,6230.529543
2023-12-21,-11633.967724
2023-12-22,7621.282624
2023-12-26,6768.640114
2023-12-27,57016.731290
2023-12-28,-22803.213542
2023-12-29,-15598.715805
2024-01-02,-52624.051670
2024-01-03,2576.607749
2024-01-04,-37597.449525
2024-01-05,-9804.047037
2024-01-08,21108.009704
2024-01-09,2192.267028
2024-01-10,-6624.750952
2024-01-11,28974.298604
2024-01-12,-7171.226538
2024-01-16,-71490.239181
2024-01-17,-28597.081633
2024-01-18,-12587.229993
2024-01-19,11134.040367
2024-01-22,24076.267125
2024-01-23,4434.575288
2024-01-24,-29485.086870
2024-01-25,12170.476752
2024-01-26,-2443.219677
2024-01-29,21670.548004
2024-01-30,21388.540084
2024-01-31,9191.422550
2024-02-01,70325.246782
2024-02-02,-67459.069389
2024-02-05,-64729.604526
2024-02-06,49412.381722
2024-02-07,6441.986305
2024-02-08,-25219.359241
2024-02-09,-12721.644298
2024-02-12,-16623.648752
2024-02-13,-98281.178133
2024-02-14,38332.787008
2024-02-15,18516.747986
2024-02-16,-34070.886409
2024-02-20,-5902.615538
2024-02-21,-22699.606951
2024-02-22,15390.080958
2024-02-23,43966.161998
2024-02-26,-9818.115670
2024-02-27,-8294.930935
2024-02-28,6482.015086
2024-02-29,16077.060808
2024-03-01,31469.852295
2024-03-04,-23143.343111
2024-03-05,22640.613372
2024-03-06,11309.391826
2024-03-07,13036.628990
2024-03-08,-5140.688324
2024-03-11,-10011.366418
2024-03-12,-6238.149439
2024-03-13,-10368.968481
2024-03-14,-51547.345617
2024-03-15,-12173.550857
2024-03-18,-8608.207957
2024-03-19,27059.605875
2024-03-20,24523.815460
2024-03-21,-3688.735464
2024-03-22,15305.593627
2024-03-25,-10476.210720
2024-03-26,5054.104055
2024-03-27,24840.275390
2024-03-28,-4459.210894
2024-04-01,-70005.307277
2024-04-02,-30991.676033
2024-04-03,4837.745981
2024-04-04,-8968.163876
2024-04-05,-33058.517320
2024-04-08,-543.837497
2024-04-09,31480.334630
2024-04-10,-97323.490486
2024-04-11,10494.452814
2024-04-12,-11313.060103
2024-04-15,-86296.797603
2024-04-16,-4969.776254
2024-04-17,42594.942719
2024-04-18,-19100.216039
2024-04-19,-3671.595597
2024-04-22,24845.112766
2024-04-23,23163.530620
2024-04-24,-20422.098870
2024-04-25,-12426.398831
2024-04-26,15592.338446
2024-04-29,26060.902902
2024-04-30,-40166.581208
2024-05-01,34188.242284
2024-05-02,33807.981166
2024-05-03,57134.338242
2024-05-06,4000.000000
2024-05-07,18865.423023
2024-05-08,2384.405166
2024-05-09,16033.768934
2024-05-10,-21226.595963
2024-05-13,-10087.281791
2024-05-14,15330.915300
2024-05-15,58756.377158
2024-05-16,-7396.863399
2024-05-17,-9191.223134
2024-05-20,-13314.050187
2024-05-21,20039.444054
2024-05-22,-18903.632502
2024-05-23,-19578.186617
2024-05-24,17010.608484
2024-05-28,-55930.065561
2024-05-29,-57020.864639
2024-05-30,20695.604067
2024-05-31,46325.260572
2024-06-03,40350.300145
2024-06-04,35048.342970
2024-06-05,28276.747384
2024-06-06,8991.671273
2024-06-07,-56741.425618
2024-06-10,-28418.174100
2024-06-11,37850.709701
2024-06-12,58277.342865
2024-06-13,32085.082979
2024-06-14,9361.672812
2024-06-17,-43770.963722
2024-06-18,34983.002307
2024-06-20,-39164.970417
2024-06-21,5510.578614
2024-06-24,-450.076150
2024-06-25,17362.958982
2024-06-26,-38288.841829
2024-06-27,18252.847123
2024-06-28,-36051.952557
2024-07-01,-51539.216608
2024-07-02,27917.605939
2024-07-03,32756.216340
2024-07-05,22062.825421
2024-07-08,4213.294134
2024-07-09,-8813.534519
2024-07-10,-703.871716
2024-07-11,34641.828247
2024-07-12,19063.246249
2024-07-15,-38903.567539
2024-07-16,24669.704197
2024-07-17,-19327.355057
2024-07-18,-49858.934241
2024-07-19,-31091.911043
2024-07-22,25634.909829
2024-07-23,9206.253869
2024-07-24,-60846.100333
2024-07-25,-1753.678610
2024-07-26,59733.709080
2024-07-29,12817.174348
2024-07-30,-7899.203202
2024-07-31,45540.044249
2024-08-01,16053.882360
2024-08-02,50578.805284
2024-08-05,-123041.547906
2024-08-06,24670.353336
2024-08-07,-23259.901875
2024-08-08,25391.910515
2024-08-09,62800.523519
2024-08-12,9861.638708
2024-08-13,57400.093698
2024-08-14,42155.633231
2024-08-15,-32718.349804
2024-08-16,27159.996534
2024-08-19,16546.711327
2024-08-20,-4155.030089
2024-08-21,5934.383647
2024-08-22,-52932.757170
2024-08-23,39313.433426
2024-08-26,-12529.958365
2024-08-27,7401.595823
2024-08-28,-29837.355382
2024-08-29,8298.042729
2024-08-30,-3394.821029
2024-09-03,-44762.304072
2024-09-04,28863.454523
2024-09-05,41231.466892
2024-09-06,-25361.992788
2024-09-09,41080.158205
2024-09-10,28801.601011
2024-09-11,14910.289462
2024-09-12,-5080.757159
2024-09-13,9583.096962
2024-09-16,1393.808947
2024-09-17,-20763.002335
2024-09-18,-28650.416546
2024-09-19,5516.170427
2024-09-20,6770.964328
2024-09-23,-7942.482720
2024-09-24,7993.008174
2024-09-25,-18324.675370
2024-09-26,4649.772945
2024-09-27,-6610.018203
2024-09-30,-26586.471159
2024-10-01,-9206.722843
2024-10-02,-19282.878924
2024-10-03,-44193.760046
2024-10-04,-39873.503632
2024-10-07,-69071.819139
2024-10-08,9848.297079
2024-10-09,-5377.096138
2024-10-10,-20837.521721
2024-10-11,9677.943984
2024-10-15,27810.204978
2024-10-16,19180.575878
2024-10-17,-27925.780287
2024-10-18,16543.680259
2024-10-21,-48670.465503
2024-10-22,-5675.673714
2024-10-23,-25892.462789
2024-10-24,16087.694804
2024-10-25,-29864.240405
2024-10-28,-5396.077515
2024-10-29,3876.611919
2024-10-30,-24726.355466
2024-10-31,-26336.435204
2024-11-01,-21786.581212
2024-11-04,32860.007145
2024-11-05,39548.996681
2024-11-06,-28346.489745
2024-11-07,71006.873345
2024-11-08,4313.312037
2024-11-12,-48121.338727
2024-11-13,8010.663252
2024-11-14,2881.572010
2024-11-15,-30085.517318
2024-11-18,10828.155600
2024-11-19,-59.964225
2024-11-20,-22088.299179
2024-11-21,-1738.950625
2024-11-22,33403.336575
2024-11-25,76725.505386
2024-11-26,-1288.317167
2024-11-27,24000.000000
2024-11-29,38686.161353
2024-12-02,-834.222129
2024-12-03,-19249.248685
2024-12-04,11196.232295
2024-12-05,14332.709641
2024-12-06,24637.399360
2024-12-09,-52359.705282
2024-12-10,-11823.757483
2024-12-11,-7191.400257
2024-12-12,-34182.133194
2024-12-13,-32016.578129
2024-12-16,-9443.505691
2024-12-17,-21315.886088
2024-12-18,-180527.403361
2024-12-19,12185.832839
2024-12-20,87905.607859
2024-12-23,-11503.328962
2024-12-24,34507.067388
2024-12-26,-3931.699746
2024-12-27,-33893.149689
2024-12-30,12247.155753
2024-12-31,-17280.575043
2025-01-02,-4220.695306
2025-01-03,14448.598870
2025-01-06,-6601.177575
2025-01-07,-54308.954901
2025-01-08,-2310.804384
2025-01-09,-7172.116256
2025-01-10,-63552.635503
2025-01-13,-7481.415851
2025-01-14,12332.792433
2025-01-15,89249.350802
2025-01-16,12664.510429
2025-01-17,11672.683284
2025-01-21,36667.434964
2025-01-22,-16663.130362
2025-01-23,-22671.975629
2025-01-24,8845.695272
2025-01-27,-700.211900
2025-01-28,9727.451936
2025-01-29,1725.189036
2025-01-30,27112.940643
2025-01-31,-41142.636416
2025-02-03,-21281.834950
2025-02-04,29686.415406
2025-02-05,61845.302312
2025-02-06,-3682.655738
2025-02-07,-32235.416418
2025-02-10,-715.240406
2025-02-11,-19298.822605
2025-02-12,-29963.009727
2025-02-13,56748.809182
2025-02-14,27524.161819
2025-02-18,-45629.344372
2025-02-19,9306.338701
2025-02-20,5695.107167
2025-02-21,284.699206
2025-02-24,-2353.724861
2025-02-25,42141.882448
2025-02-26,28282.482084
2025-02-27,-43251.374144
2025-02-28,36408.705835
2025-03-03,-1205.987433
2025-03-04,-29885.726133
2025-03-05,-4607.424969
2025-03-06,-35451.673846
2025-03-07,5552.277316
2025-03-10,65.295050
2025-03-11,-15419.384106
2025-03-12,6319.492487
2025-03-13,23602.259273
2025-03-14,13162.405622
2025-03-17,16905.075791
2025-03-18,-8099.922116
2025-03-19,35648.132204
2025-03-20,5259.448507
2025-03-21,-1346.587870
2025-03-24,-17497.270261
2025-03-25,18764.799154
2025-03-26,-36635.222060
2025-03-27,-20862.389904
2025-03-28,11245.791755
2025-03-31,6829.009847
2025-04-01,39789.134953
2025-04-02,-6996.267008
2025-04-03,-19336.470731
2025-04-04,-62915.983118
2025-04-07,-67048.555138
2025-04-08,-76961.960288
2025-04-09,68612.173101
2025-04-10,-55899.561065
2025-04-11,-13805.070524
2025-04-14,82876.786852
2025-04-15,26310.776000
2025-04-16,7912.718209
2025-04-17,-7980.898837
2025-04-21,-62897.554507
2025-04-22,19258.301892
2025-04-23,17967.743833
2025-04-24,48034.036083
2025-04-25,33889.189793
2025-04-28,24899.340130
2025-04-29,29936.425458
2025-04-30,2577.237770
2025-05-01,-34985.799826
2025-05-02,-15684.258980
2025-05-05,-24364.178420
2025-05-06,16427.686180
2025-05-07,30525.906838
2025-05-08,-40375.051141
2025-05-09,6534.847051
2025-05-12,11669.899552
2025-05-13,-19678.213304
2025-05-14,-31429.095004
2025-05-15,48838.459993
2025-05-16,16412.541660
2025-05-19,-28721.794863
2025-05-20,-5309.963680
2025-05-21,-75738.355420
2025-05-22,25169.385592
2025-05-23,-9625.742169
2025-05-27,74451.662643
2025-05-28,-20572.899903
2025-05-29,17688.756746
2025-05-30,12080.173523
2025-06-02,-15156.752457
2025-06-03,11293.719255
2025-06-04,39133.146416
2025-06-05,-20055.535926
2025-06-06,-23725.627405
2025-06-09,2252.620444
2025-06-10,15078.315058
2025-06-11,23469.037043
2025-06-12,13227.358369
2025-06-13,-62107.952752
2025-06-16,-2574.423766
2025-06-17,-4620.389109
2025-06-18,21496.356850
2025-06-20,-9888.397825
2025-06-23,31766.384014
2025-06-24,49534.643076
2025-06-25,16515.568793
2025-06-26,14548.747713
2025-06-27,-9897.811333
2025-06-30,13796.958634
2025-07-01,-9489.873301
2025-07-02,-15161.606798
2025-07-03,-22062.910758
2025-07-07,-44643.855813
2025-07-08,6165.638564
2025-07-09,49285.568515
2025-07-10,-3477.910514
2025-07-11,-47634.504853
2025-07-14,-15907.012247
2025-07-15,-34602.684004
2025-07-16,19184.756444
2025-07-17,1502.331492
2025-07-18,17670.215748
2025-07-21,22370.172169
2025-07-22,16262.458880
2025-07-23,1735.705839
2025-07-24,-28325.097575
2025-07-25,21586.334075
2025-07-28,-9668.898053
2025-07-29,18677.565857
2025-07-30,-6052.731956
2025-07-31,-9264.184874
2025-08-01,18512.894965
2025-08-04,33802.735572
2025-08-05,-2665.105679
2025-08-06,19602.983098
2025-08-07,-3000.563901
2025-08-08,-1601.675129
2025-08-11,-19523.094205
2025-08-12,20551.669575
2025-08-13,26106.868535
2025-08-14,-29798.349954
2025-08-15,-18345.029157
2025-08-18,-2337.759834
2025-08-19,12509.331567
2025-08-20,2080.604775
2025-08-21,-38094.782154
2025-08-22,62688.317747
2025-08-25,-17825.463087
2025-08-26,8890.205600
2025-08-27,2097.647268
2025-08-28,19172.623116
2025-08-29,-19614.338733
2025-09-02,-47849.236797
2025-09-03,38233.944392
2025-09-04,40593.767236
2025-09-05,31968.514108
2025-09-08,25155.498921
2025-09-09,-12839.135559
2025-09-10,12899.461122
2025-09-11,24646.984855
2025-09-12,-24848.321140
2025-09-15,-13275.686893
2025-09-16,-6453.941107
2025-09-17,-23.613957
2025-09-18,-19681.731338
2025-09-19,-9987.072747
2025-09-22,-10302.567162
2025-09-23,3752.459149
2025-09-24,-10991.619059
2025-09-25,-16506.288358
2025-09-26,14650.511280
2025-09-29,12784.570716
2025-09-30,-8469.155874
2025-10-01,17846.484490
2025-10-02,4835.782352
2025-10-03,-10300.480805
2025-10-06,-17760.043739
2025-10-07,1054.531537
2025-10-08,18016.789356
2025-10-09,-3985.956059
2025-10-10,-25089.577381
2025-10-14,18008.400292
2025-10-15,-3949.325052
2025-10-16,-24992.158486
2025-10-17,39302.147221
2025-10-20,42730.599245
2025-10-21,8986.314880
2025-10-22,-8009.562887
2025-10-23,113.769804
2025-10-24,11814.027530
2025-10-27,15018.390779
2025-10-28,-1780.818939
2025-10-29,-47499.062538
2025-10-30,-9852.202183
2025-10-31,-9715.313893
2025-11-03,-6099.314107
2025-11-04,-9318.826064
2025-11-05,-16622.045005
2025-11-06,8128.173405
2025-11-07,5443.449887
2025-11-10,10185.440994
2025-11-12,25281.688937
2025-11-13,-47240.031814
2025-11-14,-9865.917244
2025-11-17,-26242.940088
2025-11-18,-18557.650118
2025-11-19,6653.111202
2025-11-20,-9583.860136
2025-11-21,46026.011644
2025-11-24,43154.308054
2025-11-25,39097.823236
2025-11-26,21170.226991
2025-11-28,4524.980513
2025-12-01,-43251.091973
2025-12-02,9608.040258
2025-12-03,19805.960113
2025-12-04,-19291.762917
2025-12-05,-6068.333479
2025-12-08,-31498.496852
2025-12-09,-8019.139852
2025-12-10,39744.448793
2025-12-11,11027.383932
2025-12-12,-36551.344435
2025-12-15,-5788.784479
2025-12-16,16303.214106
2025-12-17,-22721.774007
2025-12-18,26874.430988
2025-12-19,14876.191945
2025-12-22,12319.194512
2025-12-23,-4575.494721
2025-12-24,21648.084798
2025-12-26,3598.799420
2025-12-29,-793.042966
2025-12-30,-14278.319308
2025-12-31,-28589.014499
2026-01-02,3468.308235
2026-01-05,-630.786514
2026-01-06,-3470.467459
2026-01-07,1543.779677
2026-01-08,-17135.259817
2026-01-09,18037.561753
2026-01-12,-16639.903605
2026-01-13,-11829.892397
2026-01-14,2234.920517
2026-01-15,5964.967971
2026-01-16,-36315.457455
2026-01-20,-83105.490655
2026-01-21,57227.139224
2026-01-22,25370.471703
2026-01-23,-1091.556472
2026-01-26,7069.477834
2026-01-27,-15076.961919
2026-01-28,-12000.000000
2026-01-29,2024.602044
2026-01-30,-18159.232328
2026-02-02,6287.582262
2026-02-03,-22188.917116
2026-02-04,-10734.512840
2026-02-05,-805.766497
2026-02-06,42896.034421
2026-02-09,3695.007083
2026-02-10,23883.051889
2026-02-11,-6024.820425
2026-02-12,705.430048
2026-02-13,26655.746848
2026-02-17,1790.730489
2026-02-18,-13605.325075
2026-02-19,-3654.299261
2026-02-20,16500.503360
2026-02-23,41.530720
2026-02-24,14005.807106
2026-02-25,13624.999704
2026-02-26,2425.525751
2026-02-27,10016.381499
2026-03-02,-59137.669396
2026-03-03,-27679.095186
2026-03-04,15083.702864
2026-03-05,-48985.656247
2026-03-06,-70117.173087
2026-03-09,50343.192666
2026-03-10,-4348.361343
2026-03-11,-22879.909323
2026-03-12,-57732.199973
2026-03-13,917.769019
2026-03-16,56355.849023
2026-03-17,22426.271762
2026-03-18,-58687.146219
2026-03-19,20479.662458
2026-03-20,-84776.157429
2026-03-23,35951.537438
2026-03-24,-27533.526711
2026-03-25,43498.458335
2026-03-26,-62003.084711
2026-03-27,-32899.251380
2026-03-30,39568.013856
2026-03-31,70125.149309
2026-04-01,-6869.570890
2026-04-02,8920.499733
2026-04-06,-19122.438591
2026-04-07,-14121.700699
2026-04-08,74793.402410
2026-04-09,17130.968588
2026-04-10,-8642.511520
2026-04-13,1434.162994
2026-04-14,28140.130608
2026-04-15,-13399.374304
2026-04-16,-8815.243556
2026-04-17,36493.871601
2026-04-20,-17128.997288
2026-04-21,-30210.276547
2026-04-22,7548.725486
2026-04-23,-29100.883204
2026-04-24,19891.239039
2026-04-27,-10606.027974
2026-04-28,-1350.044924
2026-04-29,-41376.552859
2026-04-30,34916.728123
2026-05-01,-1475.801216
2026-05-04,-46432.381680
2026-05-05,26758.585641
2026-05-06,37856.197868
2026-05-07,-21503.214999
2026-05-08,10395.092241
2026-05-11,-36733.824383
2026-05-12,-10638.232759
2026-05-13,1673.179698
2026-05-14,4682.910879
2026-05-15,-68397.021507
2026-05-18,2414.587410
2026-05-19,-29344.531487
2026-05-20,58733.282377
2026-05-21,19942.830857
2026-05-22,2896.593908
2026-05-26,19401.828254
2026-05-27,20812.495948
2026-05-28,20586.544906
2026-05-29,8761.519669
2026-06-01,-23637.421316
2026-06-02,10399.862150
2026-06-03,-14555.576886
2026-06-04,22491.049775
2026-06-05,-115537.608465
2026-06-08,30074.594914
2026-06-09,3752.126765
2026-06-10,-37945.431912
2026-06-11,83414.996295
2026-06-12,7724.685456
2026-06-15,23855.703743
2026-06-16,18780.084284
2026-06-17,-47157.828257
2026-06-18,43310.220825
2026-06-22,-29067.107136
2026-06-23,-22087.937536
2026-06-24,53282.082226
2026-06-25,-5464.874225
2026-06-26,16434.671567
2026-06-29,6539.552966
2026-06-30,-10397.423458
2026-07-01,-16118.656748
2026-07-02,2720.013633
2026-07-06,11143.515956
2026-07-07,-38833.726573
2026-07-08,-15658.182448
2026-07-09,28193.808886
2026-07-10,3122.545655
2026-07-13,-61133.222574
2026-07-14,27805.178288
2026-07-15,28903.081135
2026-07-16,-22363.864658
2026-07-17,-24764.083900
2026-07-20,-20396.573873
2026-07-21,8423.985590
2026-07-22,-13914.807916
2026-07-23,-45178.522117
2026-07-24,13609.447619
2026-07-27,24791.943958
2026-07-28,24236.765954
2026-07-29,-67557.142488
2026-07-30,41426.491641
2026-07-31,-13367.507430
2026-08-03,24040.827660
2026-08-04,26109.958825
2026-08-05,12679.432421
2026-08-06,-21339.470183
2026-08-07,22159.829751
2026-08-10,-45223.707552
2026-08-11,14927.814855
2026-08-12,22238.447530
2026-08-13,22629.194646
2026-08-14,-19420.672921
2026-08-17,-33970.102473
2026-08-18,-10475.267445
2026-08-19,39462.134923
2026-08-20,-42130.920078
2026-08-21,-5866.500198
2026-08-24,8377.506869
2026-08-25,30390.124245
2026-08-26,-4086.025732
2026-08-27,5778.759844
2026-08-28,-18617.826472
2026-08-31,-16348.305497
2026-09-01,-46728.373664
2026-09-02,20080.165395
2026-09-03,20909.566580
2026-09-04,-7639.579012
2026-09-08,-31679.577355
2026-09-09,-23499.852062
2026-09-10,-74127.482976
2026-09-11,33726.185191
2026-09-14,-25135.019281
2026-09-15,-15457.730078
2026-09-16,-1305.016994
2026-09-17,62291.976800
2026-09-18,-17585.270921
2026-09-21,16989.216952
2026-09-22,13349.954591
