block,distribution,confidence_level,sample_size,estimator,population_value,mean_estimate,bias,relative_bias,mc_standard_error,replications,nominal_violation_rate,realised_violation_rate,realised_rate_min,realised_rate_max,realised_rate_standard_error,test_observations_each
A_estimator,gaussian,0.95,250,historical_var,0.03289707253902944,0.032477609886535835,-0.0004194626524936032,-0.01275075926576592,0.0001319699023733472,400,,,,,,
A_estimator,gaussian,0.95,250,historical_es,0.03289707253902944,0.040486136967177885,0.007589064428148447,0.23069117834557162,0.0001557163201532312,400,,,,,,
A_estimator,gaussian,0.95,250,gaussian_var,0.03289707253902944,0.03281479412847776,-8.227841055168106e-05,-0.002501086090686795,9.695147618984816e-05,400,,,,,,
A_estimator,gaussian,0.95,250,gaussian_es,0.03289707253902944,0.04115069667186014,0.008253624132830699,0.2508923589793138,0.00011123793717526006,400,,,,,,
A_estimator,gaussian,0.95,250,monte_carlo_var,0.03289707253902944,0.032477609886535835,-0.0004194626524936032,-0.01275075926576592,0.0001319699023733472,400,,,,,,
A_estimator,gaussian,0.95,1000,historical_var,0.03289707253902944,0.03273499047994786,-0.0001620820590815808,-0.0049269447574487035,6.59365173327627e-05,400,,,,,,
A_estimator,gaussian,0.95,1000,historical_es,0.03289707253902944,0.04110341531091529,0.008206342771885852,0.24945510765888848,7.381425333279271e-05,400,,,,,,
A_estimator,gaussian,0.95,1000,gaussian_var,0.03289707253902944,0.0328775127513447,-1.9559787684739205e-05,-0.0005945753276840444,4.8373406052997655e-05,400,,,,,,
A_estimator,gaussian,0.95,1000,gaussian_es,0.03289707253902944,0.041222854344183234,0.008325781805153795,0.2530857964724976,5.661583581778977e-05,400,,,,,,
A_estimator,gaussian,0.95,1000,monte_carlo_var,0.03289707253902944,0.03273499047994786,-0.0001620820590815808,-0.0049269447574487035,6.59365173327627e-05,400,,,,,,
A_estimator,gaussian,0.95,10000,historical_var,0.03289707253902944,0.032865932177057675,-3.114036197176401e-05,-0.0009465997904469691,2.2822401346054304e-05,400,,,,,,
A_estimator,gaussian,0.95,10000,historical_es,0.03289707253902944,0.04124207162452949,0.00834499908550005,0.2536699603163611,2.614599588798019e-05,400,,,,,,
A_estimator,gaussian,0.95,10000,gaussian_var,0.03289707253902944,0.03289919674599536,2.124206965922748e-06,6.457130686636527e-05,1.647144854302862e-05,400,,,,,,
A_estimator,gaussian,0.95,10000,gaussian_es,0.03289707253902944,0.041256836326599336,0.008359763787569897,0.25411877539108635,1.8796709070852047e-05,400,,,,,,
A_estimator,gaussian,0.95,10000,monte_carlo_var,0.03289707253902944,0.032865932177057675,-3.114036197176401e-05,-0.0009465997904469691,2.2822401346054304e-05,400,,,,,,
A_out_of_sample,gaussian,0.95,10000,historical_var_realised,0.03289707253902944,0.03285252283343319,,,,200,0.050000000000000044,0.05033525,0.0425,0.058,0.0002118510776062151,20000
A_out_of_sample,gaussian,0.95,10000,gaussian_var_realised,0.03289707253902944,0.032874791591767386,,,,200,0.050000000000000044,0.05020825,0.0444,0.05475,0.00016146968596279803,20000
A_estimator,gaussian,0.99,250,historical_var,0.04652695748081682,0.044979725375907165,-0.001547232104909653,-0.033254530033423754,0.0002137283762786169,400,,,,,,
A_estimator,gaussian,0.99,250,historical_es,0.04652695748081682,0.05047554291447529,0.003948585433658475,0.08486661598894547,0.00026445728382908367,400,,,,,,
A_estimator,gaussian,0.99,250,gaussian_var,0.04652695748081682,0.046409971384256704,-0.00011698609656011355,-0.0025143723745174444,0.00012079711170508831,400,,,,,,
A_estimator,gaussian,0.99,250,gaussian_es,0.04652695748081682,0.05317004025308455,0.0066430827722677305,0.1427792215944206,0.00013353299294413925,400,,,,,,
A_estimator,gaussian,0.99,250,monte_carlo_var,0.04652695748081682,0.044979725375907165,-0.001547232104909653,-0.033254530033423754,0.0002137283762786169,400,,,,,,
A_estimator,gaussian,0.99,1000,historical_var,0.04652695748081682,0.046131594878170236,-0.00039536260264658174,-0.00849749530279496,0.00011223937647164186,400,,,,,,
A_estimator,gaussian,0.99,1000,historical_es,0.04652695748081682,0.05282790369534233,0.00630094621452551,0.135425709216499,0.00014381245468913484,400,,,,,,
A_estimator,gaussian,0.99,1000,gaussian_var,0.04652695748081682,0.046488084327032574,-3.887315378424405e-05,-0.0008354974382382848,6.211455165073938e-05,400,,,,,,
A_estimator,gaussian,0.99,1000,gaussian_es,0.04652695748081682,0.05325580787080985,0.006728850389993032,0.14462261781822622,6.941794020044425e-05,400,,,,,,
A_estimator,gaussian,0.99,1000,monte_carlo_var,0.04652695748081682,0.046131594878170236,-0.00039536260264658174,-0.00849749530279496,0.00011223937647164186,400,,,,,,
A_estimator,gaussian,0.99,10000,historical_var,0.04652695748081682,0.04648692444621415,-4.003303460266977e-05,-0.0008604266595161631,3.941094933240376e-05,400,,,,,,
A_estimator,gaussian,0.99,10000,historical_es,0.04652695748081682,0.05331763926045247,0.0067906817796356544,0.14595155469676843,4.7347025528149716e-05,400,,,,,,
A_estimator,gaussian,0.99,10000,gaussian_var,0.04652695748081682,0.046529825336828326,2.8678560115083518e-06,6.163858904143422e-05,2.033715549017428e-05,400,,,,,,
A_estimator,gaussian,0.99,10000,gaussian_es,0.04652695748081682,0.05330752203513924,0.006780564554322424,0.14573410602053805,2.23784431905671e-05,400,,,,,,
A_estimator,gaussian,0.99,10000,monte_carlo_var,0.04652695748081682,0.04648692444621415,-4.003303460266977e-05,-0.0008604266595161631,3.941094933240376e-05,400,,,,,,
A_out_of_sample,gaussian,0.99,10000,historical_var_realised,0.04652695748081682,0.046472514804187855,,,,200,0.010000000000000009,0.010144750000000001,0.0063,0.01415,9.226654466175209e-05,20000
A_out_of_sample,gaussian,0.99,10000,gaussian_var_realised,0.04652695748081682,0.04649659245369186,,,,200,0.010000000000000009,0.010092,0.0079,0.0123,6.039280964888479e-05,20000
A_estimator,student_t3,0.95,250,historical_var,0.0271743002516771,0.02682130346838198,-0.000352996783295121,-0.01299009652597532,0.00017491645570383033,400,,,,,,
A_estimator,student_t3,0.95,250,historical_es,0.0271743002516771,0.043530710570549525,0.016356410318872423,0.6019073229995302,0.00041807803579383405,400,,,,,,
A_estimator,student_t3,0.95,250,gaussian_var,0.0271743002516771,0.03185762962350272,0.004683329371825619,0.17234406510749364,0.0002838461669738699,400,,,,,,
A_estimator,student_t3,0.95,250,gaussian_es,0.0271743002516771,0.03993325661317258,0.012758956361495481,0.4695229037482959,0.0003536156910365053,400,,,,,,
A_estimator,student_t3,0.95,250,monte_carlo_var,0.0271743002516771,0.02682130346838198,-0.000352996783295121,-0.01299009652597532,0.00017491645570383033,400,,,,,,
A_estimator,student_t3,0.95,1000,historical_var,0.0271743002516771,0.02707472746894271,-9.957278273439035e-05,-0.003664226192107562,8.708301684687378e-05,400,,,,,,
A_estimator,student_t3,0.95,1000,historical_es,0.0271743002516771,0.04477467288817747,0.01760037263650037,0.6476844839974909,0.00030778821655859704,400,,,,,,
A_estimator,student_t3,0.95,1000,gaussian_var,0.0271743002516771,0.03271601204134835,0.00554171178967125,0.20393208797820783,0.0005035582743297572,400,,,,,,
A_estimator,student_t3,0.95,1000,gaussian_es,0.0271743002516771,0.041023521761511236,0.013849221509834135,0.509644089509882,0.0006282617895695037,400,,,,,,
A_estimator,student_t3,0.95,1000,monte_carlo_var,0.0271743002516771,0.02707472746894271,-9.957278273439035e-05,-0.003664226192107562,8.708301684687378e-05,400,,,,,,
A_estimator,student_t3,0.95,10000,historical_var,0.0271743002516771,0.027163587704324654,-1.0712547352447616e-05,-0.00039421612528132993,2.8183862701598328e-05,400,,,,,,
A_estimator,student_t3,0.95,10000,historical_es,0.0271743002516771,0.04480944383246301,0.01763514358078591,0.6489640365145201,7.615777289840138e-05,400,,,,,,
A_estimator,student_t3,0.95,10000,gaussian_var,0.0271743002516771,0.03281323536222555,0.00563893511054845,0.2075098552059472,0.00013840565096467772,400,,,,,,
A_estimator,student_t3,0.95,10000,gaussian_es,0.0271743002516771,0.04115105182737545,0.013976751575698346,0.5143371290613362,0.00017330729122469525,400,,,,,,
A_estimator,student_t3,0.95,10000,monte_carlo_var,0.0271743002516771,0.027163587704324654,-1.0712547352447616e-05,-0.00039421612528132993,2.8183862701598328e-05,400,,,,,,
A_out_of_sample,student_t3,0.95,10000,historical_var_realised,0.0271743002516771,0.027147492162705743,,,,200,0.050000000000000044,0.050140250000000004,0.0422,0.058,0.00020493217946040575,20000
A_out_of_sample,student_t3,0.95,10000,gaussian_var_realised,0.0271743002516771,0.03300430326303841,,,,200,0.050000000000000044,0.032909249999999994,0.0107,0.0412,0.00032081399248845414,20000
A_estimator,student_t3,0.99,250,historical_var,0.05243152035408828,0.04985563414578595,-0.002575886208302333,-0.04912858126002218,0.000518309700207899,400,,,,,,
A_estimator,student_t3,0.99,250,historical_es,0.05243152035408828,0.07256701244246841,0.020135492088380127,0.38403410681967926,0.0012878157240751688,400,,,,,,
A_estimator,student_t3,0.99,250,gaussian_var,0.05243152035408828,0.04502831867663626,-0.007403201677452023,-0.14119753971381394,0.0003979014216570452,400,,,,,,
A_estimator,student_t3,0.99,250,gaussian_es,0.05243152035408828,0.051577314940090886,-0.0008542054139973956,-0.01629182995703061,0.0004550136582062766,400,,,,,,
A_estimator,student_t3,0.99,250,monte_carlo_var,0.05243152035408828,0.04985563414578595,-0.002575886208302333,-0.04912858126002218,0.000518309700207899,400,,,,,,
A_estimator,student_t3,0.99,1000,historical_var,0.05243152035408828,0.051944225525070366,-0.00048729482901791604,-0.009293929028321985,0.0003137268764230036,400,,,,,,
A_estimator,student_t3,0.99,1000,historical_es,0.05243152035408828,0.08077310782979964,0.02834158747571136,0.5405448341820105,0.0012991080438669311,400,,,,,,
A_estimator,student_t3,0.99,1000,gaussian_var,0.05243152035408828,0.04626488291788977,-0.0061666374361985105,-0.11761317227791726,0.0007069775183851606,400,,,,,,
A_estimator,student_t3,0.99,1000,gaussian_es,0.05243152035408828,0.053001926392725135,0.0005704060386368531,0.010879067301209328,0.0008081825708052854,400,,,,,,
A_estimator,student_t3,0.99,1000,monte_carlo_var,0.05243152035408828,0.051944225525070366,-0.00048729482901791604,-0.009293929028321985,0.0003137268764230036,400,,,,,,
A_estimator,student_t3,0.99,10000,historical_var,0.05243152035408828,0.05240898286076517,-2.2537493323114555e-05,-0.0004298462674915972,9.879734231279566e-05,400,,,,,,
A_estimator,student_t3,0.99,10000,historical_es,0.05243152035408828,0.08110873173167285,0.02867721137758457,0.546946019949782,0.00028189169831827705,400,,,,,,
A_estimator,student_t3,0.99,10000,gaussian_var,0.05243152035408828,0.0464115340683271,-0.0060199862857611836,-0.11481616869215548,0.00019534056465219277,400,,,,,,
A_estimator,student_t3,0.99,10000,gaussian_es,0.05243152035408828,0.05317315504778611,0.0007416346936978263,0.01414482526330172,0.00022367055517527384,400,,,,,,
A_estimator,student_t3,0.99,10000,monte_carlo_var,0.05243152035408828,0.05240898286076517,-2.2537493323114555e-05,-0.0004298462674915972,9.879734231279566e-05,400,,,,,,
A_out_of_sample,student_t3,0.99,10000,historical_var_realised,0.05243152035408828,0.05211764776056521,,,,200,0.010000000000000009,0.010212750000000001,0.0066,0.01445,9.377415769151845e-05,20000
A_out_of_sample,student_t3,0.99,10000,gaussian_var_realised,0.05243152035408828,0.04667896328462387,,,,200,0.010000000000000009,0.013888500000000002,0.00365,0.0187,0.00015599321512754696,20000
