problem,assets,seed,weights_ours,weights_pypfopt,weights_cvxpy,expected_return_ours,volatility_ours,sharpe_ours,cvar_ours,budget_residual,weight_bound_violation_ours,volatility_pypfopt,sharpe_pypfopt,cvar_pypfopt,volatility_cvxpy,sharpe_cvxpy,cvar_cvxpy,weight_diff_pypfopt,weight_diff_cvxpy,volatility_diff_pypfopt,volatility_diff_cvxpy,objective_metric,objective_ours,objective_gap_pypfopt,objective_gap_cvxpy,note,verified_optimal,objective,target_return,target_residual,converged,max_contribution_gap,cycles,oracle_note,solved,certified,recomputed_cvar,alpha,pivots
min_variance,2,7,"0.19680623393058264,0.8031937660694175","0.1968062339306256,0.80319376606937443","0.19680623393062674,0.80319376606937332",0.0064938738602401255,0.033626185421496285,0.13364209481124542,0.0669778020733073,2.220446049250313e-16,0.0,0.03362618542149628,0.13364209481123931,0.06697780207330592,0.03362618542149628,0.13364209481123915,0.06697780207330589,4.3076653355456074e-14,4.418687638008123e-14,2.0635388215849746e-16,2.0635388215849746e-16,volatility,0.033626185421496285,2.0635388215849746e-16,2.0635388215849746e-16,target return not requested; the minimum-variance portfolio alone is the answer,True,0.0011307203460008493,,,,,,,,,,,
max_sharpe,2,7,"0.044927411348628855,0.95507258865137157","0.044927404335693602,0.95507259566430636","0.044927404335697502,0.95507259566430247",0.007220408888735048,0.03624260646152655,0.14404065817608314,0.07662344919293765,4.440892098500626e-16,0.0,0.03624260669442898,0.1440406581760831,0.07662344974567332,0.03624260669442886,0.1440406581760831,0.07662344974567303,7.012935253347674e-09,7.0129313536893e-09,6.426205361382021e-09,6.426201915159421e-09,sharpe_ratio,0.14404065817608314,1.926926464172289e-16,1.926926464172289e-16,"max-Sharpe by ternary search along the efficient frontier (102 QP evaluations). Maximising (mu'w - rf)/sqrt(w'Sigma w) is linear-fractional, not a quadratic program, so it is solved by searching over the target returns the §7 QP already produces; docs/mathematical_specification.md §7 requires that transformation to be stated rather than assumed. target return 0.0072204088887350441 binds (the free portfolio returned 0.0064938738602401255), so it is imposed as an equality",True,0.14404065817608314,,,,,,,,,,,
efficient_return,2,7,"0.19680623393058264,0.8031937660694175","0.1968062339306256,0.80319376606937443","0.19680623393062674,0.80319376606937332",0.0064938738602401255,0.033626185421496285,0.13364209481124542,0.0669778020733073,2.220446049250313e-16,0.0,0.03362618542149628,0.13364209481123931,0.06697780207330592,0.03362618542149628,0.13364209481123915,0.06697780207330589,4.3076653355456074e-14,4.418687638008123e-14,2.0635388215849746e-16,2.0635388215849746e-16,volatility,0.033626185421496285,2.0635388215849746e-16,2.0635388215849746e-16,"target return 0.0063200269895950841 is already met by the unconstrained minimum-variance portfolio at 0.0064938738602401255, so the bound is inactive and the multipliers below ignore it",True,0.0011307203460008493,0.006320026989595084,0.0,,,,,,,,,
risk_parity,2,7,"0.32426541257225139,0.67573458742774861","0.32426541257226449,0.6757345874277354","0.32426541257226449,0.6757345874277354",0.005884153845216995,0.03548898140877009,nan,0.06633646964084537,0.0,0.0,0.03548898140877046,nan,0.06633646964084584,0.03548898140877046,nan,0.06633646964084584,1.3211653993039363e-14,1.3211653993039363e-14,1.0362691807666183e-14,1.0362691807666183e-14,volatility,0.03548898140877009,1.0362691807666183e-14,1.0362691807666183e-14,"cyclic coordinate descent on 1/2 w'Sigma w - c sum log(w_i), c refreshed as w'Sigma w / n; start = inverse volatility; the equal-contribution identity was verified on the result",,0.001259467801432029,,,True,2.220446049250313e-16,1,pypfopt column holds the cvxpy log formulation: PyPortfolioOpt 1.6.0 has no ERC implementation,,,,,
min_cvar,2,7,"0.28816142502695224,0.71183857497304026","0.28816142447469439,0.71183857552530538","0.28816142447469439,0.71183857552530538",0.006056862661193242,0.034595666593396766,nan,0.06551453997347742,7.549516567451064e-15,0.0,0.034595666581839844,nan,0.06551453997385814,0.034595666581839844,nan,0.06551453997385814,5.522651225220443e-10,5.522651225220443e-10,3.3405692758217656e-10,3.3405692758217656e-10,cvar,0.06551453997347742,5.8112783951699795e-12,5.8112783951699795e-12,"Rockafellar-Uryasev linear program, confidence 0.94999999999999996, 250 scenarios, alpha reported as the optimised VaR level; optimum certified against the original data: constraints reproduced to 7.5495165674510645e-15, no reduced cost below -0, no variable below 0; the objective was re-evaluated from the definition and agrees to 4.5796699765787707e-16",,,,,,,,cvxpy column repeats pypfopt: that library already solves this LP through cvxpy,True,True,0.06551453997347746,0.05028998638470718,0
min_variance,2,8,"0.28919770652908883,0.71080229347091128","0.28919770652911642,0.71080229347088364","0.28919770652912113,0.71080229347087887",0.0039830732122759,0.02403564649588514,0.08250550750175989,0.04522645468448096,0.0,0.0,0.02403564649588514,0.08250550750176443,0.04522645468448064,0.02403564649588514,0.08250550750176523,0.04522645468448058,2.7644553313166398e-14,3.241851231905457e-14,0.0,0.0,volatility,0.02403564649588514,0.0,0.0,target return not requested; the minimum-variance portfolio alone is the answer,True,0.0005777123024751556,,,,,,,,,,,
max_sharpe,2,8,"0.51765431786606597,0.48234568213393392","0.51765432405030232,0.48234567594969768","0.51765432405031331,0.48234567594968669",0.004890671060175361,0.029019222301559934,0.09961228561318036,0.05423346339946306,1.1102230246251565e-16,0.0,0.029019222548199587,0.09961228561318036,0.05423346393254297,0.02901922254820002,0.09961228561318036,0.05423346393254391,6.184236345241345e-09,6.184247336449289e-09,8.499181972764829e-09,8.499196917371573e-09,sharpe_ratio,0.09961228561318036,0.0,0.0,"max-Sharpe by ternary search along the efficient frontier (108 QP evaluations). Maximising (mu'w - rf)/sqrt(w'Sigma w) is linear-fractional, not a quadratic program, so it is solved by searching over the target returns the §7 QP already produces; docs/mathematical_specification.md §7 requires that transformation to be stated rather than assumed. target return 0.0048906710601753604 binds (the free portfolio returned 0.0039830732122759002), so it is imposed as an equality",True,0.09961228561318038,,,,,,,,,,,
efficient_return,2,8,"0.74298935741987837,0.25701064258012135","0.74298935741987793,0.25701064258012218","0.74298935741987793,0.25701064258012213",0.005785867726879479,0.04026068273808896,0.09403386801729088,0.07516849406788474,2.220446049250313e-16,0.0,0.040260682738088936,0.09403386801729091,0.0751684940678847,0.040260682738088936,0.09403386801729091,0.0751684940678847,8.326672684688674e-16,7.771561172376096e-16,5.170474094327243e-16,5.170474094327243e-16,volatility,0.04026068273808896,5.170474094327243e-16,5.170474094327243e-16,"target return 0.0057858677268794786 binds (the free portfolio returned 0.0039830732122759002), so it is imposed as an equality",True,0.0016209225745370543,0.005785867726879479,0.0,,,,,,,,,
risk_parity,2,8,"0.36101354949908437,0.63898645050091563","0.36101354949906994,0.63898645050093017","0.36101354949906994,0.63898645050093017",0.004268378610719862,0.02457315392818966,nan,0.0451773812801359,0.0,0.0,0.024573153928189446,nan,0.04517738128013553,0.024573153928189446,nan,0.04517738128013553,1.454392162258955e-14,1.454392162258955e-14,8.753687526221958e-15,8.753687526221958e-15,volatility,0.02457315392818966,8.753687526221958e-15,8.753687526221958e-15,"cyclic coordinate descent on 1/2 w'Sigma w - c sum log(w_i), c refreshed as w'Sigma w / n; start = inverse volatility; the equal-contribution identity was verified on the result",,0.0006038398939785029,,,True,4.440892098500626e-16,1,pypfopt column holds the cvxpy log formulation: PyPortfolioOpt 1.6.0 has no ERC implementation,,,,,
min_cvar,2,8,"0.33162809936468957,0.66837190063534591","0.33162809945906002,0.66837190054093998","0.33162809945906002,0.66837190054093998",0.004151637969486364,0.024224629676814678,nan,0.044766130247061844,3.552713678800501e-14,0.0,0.024224629677651287,nan,0.04476613024739186,0.024224629677651287,nan,0.04476613024739186,9.440592751985832e-11,9.440592751985832e-11,3.453545302193452e-11,3.453545302193452e-11,cvar,0.044766130247061844,7.371952684899649e-12,7.371952684899649e-12,"Rockafellar-Uryasev linear program, confidence 0.94999999999999996, 250 scenarios, alpha reported as the optimised VaR level; optimum certified against the original data: constraints reproduced to 3.5527136788005009e-14, no reduced cost below -0, no variable below 0; the objective was re-evaluated from the definition and agrees to 9.7144514654701197e-16",,,,,,,,cvxpy column repeats pypfopt: that library already solves this LP through cvxpy,True,True,0.044766130247062226,0.03288376267999,0
min_variance,2,9,"0.33265812830146535,0.66734187169853443","0.33265812830144043,0.66734187169855963","0.33265812830145847,0.66734187169854153",0.003648054882353412,0.0317620408784742,0.051887562536018686,0.05619154782794083,2.220446049250313e-16,0.0,0.03176204087847421,0.05188756253601384,0.056191547827940946,0.03176204087847421,0.05188756253601734,0.05619154782794086,2.5202062658991053e-14,7.105427357601002e-15,2.1846498877248975e-16,2.1846498877248975e-16,volatility,0.0317620408784742,2.1846498877248975e-16,2.1846498877248975e-16,target return not requested; the minimum-variance portfolio alone is the answer,True,0.0010088272407658661,,,,,,,,,,,
max_sharpe,2,9,"0.99999999993108646,6.8912859780786611e-11","1,0","1,-1.5150725653323564e-25",0.007764241147874456,0.050352594826266764,0.11447753919659967,0.1046514768763056,6.661338147750939e-16,0.0,0.05035259482939751,0.11447753919792358,0.10465147688351323,0.05035259482939751,0.11447753919792358,0.10465147688351323,6.891354153992779e-11,6.891354153992779e-11,6.217645134920161e-11,6.217645134920161e-11,sharpe_ratio,0.11447753919659967,1.156482931556496e-11,1.156482931556496e-11,"max-Sharpe by ternary search along the efficient frontier (110 QP evaluations). Maximising (mu'w - rf)/sqrt(w'Sigma w) is linear-fractional, not a quadratic program, so it is solved by searching over the target returns the §7 QP already produces; docs/mathematical_specification.md §7 requires that transformation to be stated rather than assumed. target return 0.0077642411478744617 binds (the free portfolio returned 0.0036480548823534121), so it is imposed as an equality",True,0.11447753919659967,,,,,,,,,,,
efficient_return,2,9,"0.81118189682917363,0.1888181031708257","0.81118189682917496,0.18881810317082509","0.81118189682917496,0.18881810317082506",0.006599604976054585,0.042352606020871264,0.10860264357257993,0.08632375596899913,6.661338147750939e-16,0.0,0.042352606020871326,0.10860264357257997,0.08632375596899926,0.042352606020871326,0.10860264357257997,0.08632375596899926,1.3322676295501878e-15,1.3322676295501878e-15,1.4745266230935052e-15,1.4745266230935052e-15,volatility,0.042352606020871264,1.4745266230935052e-15,1.4745266230935052e-15,"target return 0.0065996049760545898 binds (the free portfolio returned 0.0036480548823534121), so it is imposed as an equality",True,0.0017937432367591407,0.00659960497605459,5.204170427930421e-18,,,,,,,,,
risk_parity,2,9,"0.42526771786199846,0.57473228213800165","0.42526771786200129,0.57473228213799865","0.42526771786200129,0.57473228213799865",0.004219273828459307,0.03222151357319226,nan,0.05846161449661343,0.0,0.0,0.03222151357319228,nan,0.05846161449661358,0.03222151357319228,nan,0.05846161449661358,2.9976021664879227e-15,2.9976021664879227e-15,6.460491579464719e-16,6.460491579464719e-16,volatility,0.03222151357319226,6.460491579464719e-16,6.460491579464719e-16,"cyclic coordinate descent on 1/2 w'Sigma w - c sum log(w_i), c refreshed as w'Sigma w / n; start = inverse volatility; the equal-contribution identity was verified on the result",,0.001038225936947413,,,True,2.220446049250313e-16,1,pypfopt column holds the cvxpy log formulation: PyPortfolioOpt 1.6.0 has no ERC implementation,,,,,
min_cvar,2,9,"0.33735671685028606,0.66264328315062571","0.33735671628679392,0.66264328371320613","0.33735671628679392,0.66264328371320613",0.0036770359286134547,0.03176323213269752,nan,0.056178594697780936,9.117151478221786e-13,0.0,0.031763232132382996,nan,0.05617859469788166,0.031763232132382996,nan,0.05617859469788166,5.634921418362637e-10,5.634921418362637e-10,9.90220962291944e-12,9.90220962291944e-12,cvar,0.056178594697780936,1.792942391150902e-12,1.792942391150902e-12,"Rockafellar-Uryasev linear program, confidence 0.94999999999999996, 250 scenarios, alpha reported as the optimised VaR level; optimum certified against the original data: constraints reproduced to 9.1171514782217855e-13, no reduced cost below -0, no variable below 0; the objective was re-evaluated from the definition and agrees to 5.0674742180234489e-14",,,,,,,,cvxpy column repeats pypfopt: that library already solves this LP through cvxpy,True,True,0.05617859469778241,0.04851597227851703,0
min_variance,3,7,"0.39459881085138421,0.23906567592505351,0.36633551322356223","0.39459881085107262,0.2390656759254059,0.36633551322352148","0.3945988108491808,0.2390656759274821,0.36633551322333707",0.006261267200291243,0.014278230287024728,0.29844505338757904,0.027534916672296836,0.0,0.0,0.014278230287024728,0.2984450533876185,0.02753491667229832,0.014278230287024728,0.298445053387848,0.02753491667230755,3.523847880160247e-13,2.4285851107919143e-12,0.0,0.0,volatility,0.014278230287024728,0.0,0.0,target return not requested; the minimum-variance portfolio alone is the answer,True,0.0002038678601293103,,,,,,,,,,,
max_sharpe,3,7,"0.31319449577240255,0.33551210901672379,0.35129339521087377","0.31319449160095009,0.33551211395895181,0.35129339444009822","0.31319449159991125,0.33551211396009434,0.35129339443999441",0.0064177730150223366,0.014538068045424178,0.3038762097700334,0.028381676756763573,0.0,0.0,0.014538068071815992,0.3038762097700334,0.028381676835375676,0.014538068071821933,0.3038762097700334,0.028381676835391726,4.942228015725192e-09,4.943370546239834e-09,1.815359093863129e-09,1.815767774567874e-09,sharpe_ratio,0.3038762097700334,0.0,0.0,"max-Sharpe by ternary search along the efficient frontier (104 QP evaluations). Maximising (mu'w - rf)/sqrt(w'Sigma w) is linear-fractional, not a quadratic program, so it is solved by searching over the target returns the §7 QP already produces; docs/mathematical_specification.md §7 requires that transformation to be stated rather than assumed. target return 0.0064177730150223192 binds (the free portfolio returned 0.0062612672002912428), so it is imposed as an equality",True,0.30387620977003343,,,,,,,,,,,
efficient_return,3,7,"0.26578107689884023,0.39168671261851246,0.34253221048264759","0.26578107689885599,0.39168671261849941,0.34253221048264471","0.26578107689885627,0.3916867126184993,0.34253221048264448",0.006508928818529742,0.014920377736429359,0.30219937445154704,0.02933572650793176,2.220446049250313e-16,0.0,0.014920377736429265,0.3021993744515477,0.02933572650793159,0.014920377736429265,0.3021993744515477,0.029335726507931592,1.5765166949677223e-14,1.6042722705833512e-14,6.278330841050532e-15,6.278330841050532e-15,volatility,0.014920377736429359,6.278330841050532e-15,6.278330841050532e-15,"target return 0.0065089288185297247 binds (the free portfolio returned 0.0062612672002912428), so it is imposed as an equality",True,0.00022261767179773678,0.006508928818529725,0.0,,,,,,,,,
risk_parity,3,7,"0.35006825396458024,0.29048626496538743,0.35944548107003227","0.35006825395384161,0.2904862649795269,0.35944548106663154","0.35006825395384161,0.2904862649795269,0.35944548106663154",0.0063439718187894975,0.014351711878237904,nan,0.027836492946207828,0.0,0.0,0.01435171187827875,nan,0.027836492946300164,0.01435171187827875,nan,0.027836492946300164,1.4139467374718606e-11,1.4139467374718606e-11,2.846057620984562e-12,2.846057620984562e-12,volatility,0.014351711878237904,2.846057620984562e-12,2.846057620984562e-12,"cyclic coordinate descent on 1/2 w'Sigma w - c sum log(w_i), c refreshed as w'Sigma w / n; start = inverse volatility; the equal-contribution identity was verified on the result",,0.00020597163383595494,,,True,2.3314683517128287e-15,32,pypfopt column holds the cvxpy log formulation: PyPortfolioOpt 1.6.0 has no ERC implementation,,,,,
min_cvar,3,7,"0.50960480549257903,0.14540911649697214,0.34498607801059072","0.50960480525235841,0.145409116456159,0.34498607829148259","0.50960480525235841,0.145409116456159,0.34498607829148259",0.006132737687852409,0.014897358338287016,nan,0.027081885538206594,1.41886502547095e-13,0.0,0.014897358332260998,nan,0.027081885538651734,0.014897358332260998,nan,0.027081885538651734,2.8089186532298527e-10,2.8089186532298527e-10,4.045024689397427e-10,4.045024689397427e-10,cvar,0.027081885538206594,1.6436833825369818e-11,1.6436833825369818e-11,"Rockafellar-Uryasev linear program, confidence 0.94999999999999996, 250 scenarios, alpha reported as the optimised VaR level; optimum certified against the original data: constraints reproduced to 1.4188650254709501e-13, no reduced cost below -0, no variable below 0; the objective was re-evaluated from the definition and agrees to 1.8388068845354155e-15",,,,,,,,cvxpy column repeats pypfopt: that library already solves this LP through cvxpy,True,True,0.02708188553820667,0.01788003354756385,0
min_variance,3,8,"0.35383680149921476,0.51984069528191956,0.12632250321886532","0.3538368014992625,0.51984069528182353,0.12632250321891389","0.35383680149935037,0.51984069528157772,0.1263225032190719",-0.00016353652380039687,0.020409315650575674,-0.1060073037647086,0.04269236578145653,4.440892098500626e-16,0.0,0.02040931565057568,-0.10600730376465736,0.042692365781453835,0.02040931565057568,-0.10600730376452128,0.042692365781447084,9.603429163007604e-14,3.418376692820857e-13,3.3998660330933263e-16,3.3998660330933263e-16,volatility,0.020409315650575674,3.3998660330933263e-16,3.3998660330933263e-16,target return not requested; the minimum-variance portfolio alone is the answer,True,0.00041654016532483316,,,,,,,,,,,
max_sharpe,3,8,"0.47005483791174812,0,0.52994516208825204","0.47005483705217022,0,0.52994516294782978","0.47005483705216938,1.369895295947587e-20,0.52994516294783056",0.0059236002688521205,0.029387809445874966,0.13351115114852014,0.05929349320932611,2.220446049250313e-16,0.0,0.029387809465756188,0.13351115114852014,0.05929349324761894,0.029387809465756202,0.13351115114852014,0.059293493247619,8.595779088516053e-10,8.595787415188738e-10,6.765125414375204e-10,6.765130136669263e-10,sharpe_ratio,0.13351115114852014,0.0,0.0,"max-Sharpe by ternary search along the efficient frontier (114 QP evaluations). Maximising (mu'w - rf)/sqrt(w'Sigma w) is linear-fractional, not a quadratic program, so it is solved by searching over the target returns the §7 QP already produces; docs/mathematical_specification.md §7 requires that transformation to be stated rather than assumed. target return 0.0059236002688521187 binds (the free portfolio returned -0.00016353652380039684), so it is imposed as an equality",True,0.13351115114852016,,,,,,,,,,,
efficient_return,3,8,"0.35824902225649963,0,0.64175097774350043","0.35824902225650018,0,0.64175097774349976","0.35824902225650013,-2.8399650088980156e-23,0.64175097774349987",0.006268855252279963,0.033347109167802765,0.1280127530935011,0.06480645587560256,0.0,0.0,0.03334710916780273,0.12801275309350116,0.06480645587560252,0.03334710916780274,0.12801275309350116,0.06480645587560255,6.661338147750939e-16,5.551115123125783e-16,1.040404112541015e-15,8.32323290032812e-16,volatility,0.033347109167802765,1.040404112541015e-15,8.323232900328118e-16,"target return 0.0062688552522799619 binds (the free portfolio returned -0.00016353652380039684), so it is imposed as an equality",True,0.0011120296898493554,0.006268855252279962,0.0,,,,,,,,,
risk_parity,3,8,"0.3703991477526668,0.39826072946796909,0.23134012277936411","0.37039914775270777,0.39826072946794222,0.23134012277935004","0.37039914775270777,0.39826072946794222,0.23134012277935004",0.0012929088686494182,0.021100760285236983,nan,0.0417489758341522,0.0,0.0,0.021100760285236858,nan,0.041748975834151804,0.021100760285236858,nan,0.041748975834151804,4.0967229608668276e-14,4.0967229608668276e-14,5.919222273602929e-15,5.919222273602929e-15,volatility,0.021100760285236983,5.919222273602929e-15,5.919222273602929e-15,"cyclic coordinate descent on 1/2 w'Sigma w - c sum log(w_i), c refreshed as w'Sigma w / n; start = inverse volatility; the equal-contribution identity was verified on the result",,0.00044524208461503426,,,True,8.326672684688674e-16,15,pypfopt column holds the cvxpy log formulation: PyPortfolioOpt 1.6.0 has no ERC implementation,,,,,
min_cvar,3,8,"0.38916481519842411,0.43962537703736509,0.17120980776401068","0.38916481494274441,0.4396253769977887,0.17120980805946681","0.38916481494274441,0.4396253769977887,0.17120980805946681",0.0007220397220999008,0.020636627860020663,nan,0.04129814074562124,2.000621890374532e-13,0.0,0.020636627859861083,nan,0.04129814074637378,0.020636627859861083,nan,0.04129814074637378,2.954561317825011e-10,2.954561317825011e-10,7.732885580228351e-12,7.732885580228351e-12,cvar,0.04129814074562124,1.822205329504147e-11,1.822205329504147e-11,"Rockafellar-Uryasev linear program, confidence 0.94999999999999996, 250 scenarios, alpha reported as the optimised VaR level; optimum certified against the original data: constraints reproduced to 2.0006218903745321e-13, no reduced cost below -0, no variable below 0; the objective was re-evaluated from the definition and agrees to 1.4779844015322396e-15",,,,,,,,cvxpy column repeats pypfopt: that library already solves this LP through cvxpy,True,True,0.04129814074562265,0.0334597625488467,0
min_variance,3,9,"0.47904202450521433,0.30179317036237685,0.21916480513240874","0.47904202450519312,0.30179317036218362,0.21916480513262329","0.47904202450504207,0.30179317036052034,0.21916480513443759",0.00462966369048995,0.018519381292193857,0.14199522376043874,0.029356251803163265,1.1102230246251565e-16,0.0,0.01851938129219386,0.1419952237604886,0.029356251803163046,0.01851938129219386,0.14199522376090937,0.029356251803161343,2.145505995088115e-13,2.0288493107756267e-12,1.8734140721083524e-16,1.8734140721083524e-16,volatility,0.018519381292193857,1.8734140721083524e-16,1.8734140721083524e-16,target return not requested; the minimum-variance portfolio alone is the answer,True,0.0003429674834456598,,,,,,,,,,,
max_sharpe,3,9,"0.4165512103209375,0,0.58344878967906266","0.4165512106415446,0,0.58344878935845534","0.41655121064154449,9.036086775492209e-21,0.58344878935845546",0.006215871679645105,0.02115341732800072,0.19929979228767766,0.03531340985853406,2.220446049250313e-16,0.0,0.021153417320095305,0.19929979228767766,0.03531340984865268,0.021153417320095305,0.19929979228767772,0.03531340984865269,3.206073184713887e-10,3.206072074490862e-10,3.7371814613232437e-10,3.7371814613232437e-10,sharpe_ratio,0.19929979228767766,0.0,2.7853090359035945e-16,"max-Sharpe by ternary search along the efficient frontier (110 QP evaluations). Maximising (mu'w - rf)/sqrt(w'Sigma w) is linear-fractional, not a quadratic program, so it is solved by searching over the target returns the §7 QP already produces; docs/mathematical_specification.md §7 requires that transformation to be stated rather than assumed. target return 0.0062158716796451045 binds (the free portfolio returned 0.0046296636904899499), so it is imposed as an equality",True,0.19929979228767775,,,,,,,,,,,
efficient_return,3,9,"0.25221229686210939,0,0.74778770313789056","0.25221229686210928,0,0.74778770313789078","0.252212296862109,-3.0983092011931993e-24,0.74778770313789089",0.007023475908701776,0.030149761398204217,0.16661743495591924,0.04802578948133537,0.0,0.0,0.03014976139820423,0.16661743495591919,0.04802578948133539,0.030149761398204245,0.1666174349559191,0.0480257894813354,2.220446049250313e-16,3.885780586188048e-16,4.60295112273792e-16,9.20590224547584e-16,volatility,0.030149761398204217,4.60295112273792e-16,9.205902245475835e-16,"target return 0.0070234759087017748 binds (the free portfolio returned 0.0046296636904899499), so it is imposed as an equality",True,0.0009090081123686451,0.007023475908701775,0.0,,,,,,,,,
risk_parity,3,9,"0.46053342178991369,0.27450455865096668,0.26496201955911958","0.46053342178988554,0.27450455865094298,0.26496201955917154","0.46053342178988554,0.27450455865094298,0.26496201955917154",0.004836279084790547,0.01862285347021931,nan,0.029585003363583127,0.0,0.0,0.018622853470219615,nan,0.0295850033635841,0.018622853470219615,nan,0.0295850033635841,5.1958437552457326e-14,5.1958437552457326e-14,1.6394444184407664e-14,1.6394444184407664e-14,volatility,0.01862285347021931,1.6394444184407664e-14,1.6394444184407664e-14,"cyclic coordinate descent on 1/2 w'Sigma w - c sum log(w_i), c refreshed as w'Sigma w / n; start = inverse volatility; the equal-contribution identity was verified on the result",,0.0003468106713732594,,,True,3.497202527569243e-15,38,pypfopt column holds the cvxpy log formulation: PyPortfolioOpt 1.6.0 has no ERC implementation,,,,,
min_cvar,3,9,"0.47554618254538783,0.28866676283899018,0.23578705461563015","0.4755461862302327,0.28866674434511541,0.23578706942465161","0.4755461862302327,0.28866674434511541,0.23578706942465161",0.0047024777721410204,0.018525845884158752,nan,0.02933301473549602,8.215650382226158e-15,0.0,0.018525845887944342,nan,0.029333014741096675,0.018525845887944342,nan,0.029333014741096675,1.849387476493547e-08,1.849387476493547e-08,2.043410012156582e-10,2.043410012156582e-10,cvar,0.02933301473549602,1.9093350634382615e-10,1.9093350634382615e-10,"Rockafellar-Uryasev linear program, confidence 0.94999999999999996, 250 scenarios, alpha reported as the optimised VaR level; optimum certified against the original data: constraints reproduced to 8.2156503822261584e-15, no reduced cost below -0, no variable below 0; the objective was re-evaluated from the definition and agrees to 4.5102810375396984e-17",,,,,,,,cvxpy column repeats pypfopt: that library already solves this LP through cvxpy,True,True,0.029333014735496214,0.02250454930646094,0
min_variance,5,7,"0.15807647519590587,0.35252379149245477,0.13469044140825248,0.29518636933807318,0.059522922565313593","0.15807647519602819,0.35252379149243102,0.1346904414082675,0.29518636933803399,0.059522922565239403","0.15807647519604504,0.35252379149233148,0.13469044140831163,0.29518636933800363,0.059522922565308285",0.006410967573984173,0.010742608355603516,0.4106048948236432,0.015860312518118713,1.1102230246251565e-16,0.0,0.010742608355603518,0.41060489482359713,0.01586031251811974,0.010742608355603518,0.41060489482352885,0.015860312518121446,1.2231882173807662e-13,1.3916645613676337e-13,1.6148065893810114e-16,1.6148065893810114e-16,volatility,0.010742608355603516,1.6148065893810114e-16,1.6148065893810114e-16,target return not requested; the minimum-variance portfolio alone is the answer,True,0.00011540363428188248,,,,,,,,,,,
max_sharpe,5,7,"0,0.47709995904650793,0.14688118182481541,0.31537706117596365,0.060641797952713343","0,0.47709996290311091,0.14688118237428069,0.31537706075113209,0.060641793971476399","-1.7262270153306952e-20,0.47709996290282519,0.14688118237426981,0.31537706075113636,0.060641793971768707",0.008273620395524168,0.012397151629474688,0.5060533728254483,0.015546769829590001,4.440892098500626e-16,0.0,0.01239715171542267,0.5060533728254484,0.015546769949895243,0.012397151715416796,0.5060533728254483,0.015546769949886177,3.981236944283761e-09,3.980944636439165e-09,6.932881305624827e-09,6.932407505366148e-09,sharpe_ratio,0.5060533728254483,2.193885238678377e-16,0.0,"max-Sharpe by ternary search along the efficient frontier (112 QP evaluations). Maximising (mu'w - rf)/sqrt(w'Sigma w) is linear-fractional, not a quadratic program, so it is solved by searching over the target returns the §7 QP already produces; docs/mathematical_specification.md §7 requires that transformation to be stated rather than assumed. target return 0.0082736203955241713 binds (the free portfolio returned 0.0064109675739841727), so it is imposed as an equality",True,0.5060533728254485,,,,,,,,,,,
efficient_return,5,7,"0,0.78141004361560495,0.093856155993740517,0.12473380039065458,0","0,0.78141004361556399,0.093856155993801205,0.12473380039063491,0","3.1339647626060808e-20,0.7814100436155218,0.093856155993865251,0.12473380039061303,2.6972439067428682e-20",0.011618903823640657,0.028982936670488523,0.33188161479285067,0.052845900416874966,0.0,0.0,0.028982936670488436,0.33188161479285117,0.05284590041687407,0.028982936670488436,0.33188161479285117,0.05284590041687333,6.068756608357262e-14,1.2473355681663634e-13,2.992663400019037e-15,2.992663400019037e-15,volatility,0.028982936670488523,2.992663400019037e-15,2.992663400019037e-15,"target return 0.01161890382364064 binds (the free portfolio returned 0.0064109675739841727), so it is imposed as an equality",True,0.0008400106180455484,0.01161890382364064,0.0,,,,,,,,,
risk_parity,5,7,"0.15917753518660355,0.29469619585792639,0.15399965798205487,0.27288015086430084,0.11924646010911436","0.15917753518642011,0.29469619585853524,0.15399965798176218,0.2728801508645356,0.11924646010874705","0.15917753518642011,0.29469619585853524,0.15399965798176218,0.2728801508645356,0.11924646010874705",0.005995266917033998,0.01114576576910802,nan,0.017385839116732787,0.0,0.0,0.011145765769100873,nan,0.017385839116716952,0.011145765769100873,nan,0.017385839116716952,6.088463067044358e-13,6.088463067044358e-13,6.412355031574468e-13,6.412355031574468e-13,volatility,0.01114576576910802,6.412355031574468e-13,6.412355031574468e-13,"cyclic coordinate descent on 1/2 w'Sigma w - c sum log(w_i), c refreshed as w'Sigma w / n; start = inverse volatility; the equal-contribution identity was verified on the result",,0.0001242280945798201,,,True,3.747002708109903e-15,23,pypfopt column holds the cvxpy log formulation: PyPortfolioOpt 1.6.0 has no ERC implementation,,,,,
min_cvar,5,7,"0.08086918892757132,0.39508505460239335,0.18383062221510299,0.30053754226304541,0.03967759199166588","0.080869189915157999,0.3950850550574489,0.18383062058655139,0.30053754390108961,0.039677590539751902","0.080869189915157999,0.3950850550574489,0.18383062058655139,0.30053754390108961,0.039677590539751902",0.007393747505136262,0.011411228501534287,nan,0.014666413163289106,2.2104540420286867e-13,0.0,0.011411228480411335,nan,0.014666413164897335,0.011411228480411335,nan,0.014666413164897335,1.638044200280575e-09,1.638044200280575e-09,1.8510673396677454e-09,1.8510673396677454e-09,cvar,0.014666413163289106,1.0965388447403063e-10,1.0965388447403063e-10,"Rockafellar-Uryasev linear program, confidence 0.94999999999999996, 250 scenarios, alpha reported as the optimised VaR level; optimum certified against the original data: constraints reproduced to 2.2104540420286867e-13, no reduced cost below -0, no variable below 0; the objective was re-evaluated from the definition and agrees to 1.4085954624931674e-15",,,,,,,,cvxpy column repeats pypfopt: that library already solves this LP through cvxpy,True,True,0.014666413163289128,0.01213206350072142,0
min_variance,5,8,"0.35688179865343927,0.26313982883467557,0.07079645629045285,0.037899829037740813,0.27128208718369151","0.35688179865353059,0.26313982883492248,0.070796456290514204,0.037899829037659101,0.2712820871833736","0.35688179865352443,0.26313982883492043,0.070796456290523599,0.037899829037656742,0.27128208718337471",0.0038150945409396843,0.010742330750422677,0.16896654768037803,0.0154958676582821,0.0,0.0,0.010742330750422675,0.1689665476801829,0.015495867658288608,0.010742330750422675,0.16896654768018338,0.015495867658288552,3.179123631014136e-13,3.168021400767884e-13,1.6148483194939343e-16,1.6148483194939343e-16,volatility,0.010742330750422677,1.6148483194939343e-16,1.6148483194939343e-16,target return not requested; the minimum-variance portfolio alone is the answer,True,0.00011539766995147661,,,,,,,,,,,
max_sharpe,5,8,"0.2492128828376276,0,0,0.11808431904430949,0.63270279811806274","0.24921288663701391,0,0,0.11808431908414491,0.63270279427884113","0.24921288663706367,3.6958770413214189e-20,1.7506273527542989e-20,0.11808431908414567,0.63270279427879073",0.006126289818170841,0.014557793780010358,0.2834419748297812,0.02116416055352539,2.220446049250313e-16,0.0,0.014557793724476045,0.28344197482978123,0.02116416048648261,0.014557793724475318,0.28344197482978123,0.021164160486481728,3.8392216072935526e-09,3.8392720114188705e-09,3.8147479151143025e-09,3.81479784363714e-09,sharpe_ratio,0.2834419748297812,1.9584661468928375e-16,1.9584661468928375e-16,"max-Sharpe by ternary search along the efficient frontier (110 QP evaluations). Maximising (mu'w - rf)/sqrt(w'Sigma w) is linear-fractional, not a quadratic program, so it is solved by searching over the target returns the §7 QP already produces; docs/mathematical_specification.md §7 requires that transformation to be stated rather than assumed. target return 0.0061262898181708098 binds (the free portfolio returned 0.0038150945409396847), so it is imposed as an equality",True,0.2834419748297813,,,,,,,,,,,
efficient_return,5,8,"0.21681875935314412,0,0,0.11774465532429629,0.66543658532255934","0.2168187593531552,0,0,0.1177446553242902,0.66543658532255467","0.21681875935315445,2.7006926633610237e-23,1.086185595885103e-21,0.11774465532429125,0.66543658532255423",0.006260497842338248,0.015101931102518631,0.2821160958433787,0.021845929835286847,2.220446049250313e-16,0.0,0.015101931102518479,0.28211609584337943,0.021845929835286774,0.01510193110251848,0.2821160958433794,0.021845929835286756,1.1074474670635936e-14,1.0325074129013956e-14,1.0108354014441328e-14,9.993486355186313e-15,volatility,0.015101931102518631,1.0108354014441328e-14,9.993486355186313e-15,"target return 0.0062604978423382168 binds (the free portfolio returned 0.0038150945409396847), so it is imposed as an equality",True,0.00022806832302521958,0.006260497842338217,0.0,,,,,,,,,
risk_parity,5,8,"0.32794709559677565,0.23403038969475151,0.10449075234262212,0.076288386484285056,0.25724337588156576","0.32794709559675772,0.23403038969472301,0.10449075234262981,0.076288386484296894,0.25724337588159263","0.32794709559675772,0.23403038969472301,0.10449075234262981,0.076288386484296894,0.25724337588159263",0.003922229848569384,0.011397710985575552,nan,0.01697542349580899,0.0,0.0,0.01139771098557591,nan,0.0169754234958093,0.01139771098557591,nan,0.0169754234958093,2.8504976157250894e-14,2.8504976157250894e-14,3.1353052951023375e-14,3.1353052951023375e-14,volatility,0.011397710985575552,3.1353052951023375e-14,3.1353052951023375e-14,"cyclic coordinate descent on 1/2 w'Sigma w - c sum log(w_i), c refreshed as w'Sigma w / n; start = inverse volatility; the equal-contribution identity was verified on the result",,0.00012990781571070963,,,True,8.326672684688674e-16,23,pypfopt column holds the cvxpy log formulation: PyPortfolioOpt 1.6.0 has no ERC implementation,,,,,
min_cvar,5,8,"0.30246415562741158,0.192498873065378,0.097084265214984672,0.047126432487286457,0.36082627360492886","0.30246415556414369,0.1924988730690623,0.097084265071912701,0.047126432497884098,0.36082627379699722","0.30246415556414369,0.1924988730690623,0.097084265071912701,0.047126432497884098,0.36082627379699722",0.004381754065948377,0.011360127919542756,nan,0.014665070252956046,1.0436096431476471e-14,0.0,0.011360127919367292,nan,0.014665070253158694,0.011360127919367292,nan,0.014665070253158694,1.9206836121554716e-10,1.9206836121554716e-10,1.5445584010454932e-11,1.5445584010454932e-11,cvar,0.014665070252956046,1.3818458298656042e-11,1.3818458298656042e-11,"Rockafellar-Uryasev linear program, confidence 0.94999999999999996, 250 scenarios, alpha reported as the optimised VaR level; optimum certified against the original data: constraints reproduced to 1.0436096431476471e-14, no reduced cost below -0, no variable below 0; the objective was re-evaluated from the definition and agrees to 3.1225022567582528e-16",,,,,,,,cvxpy column repeats pypfopt: that library already solves this LP through cvxpy,True,True,0.014665070252956047,0.01193119837040838,0
min_variance,5,9,"0.25973159196081125,0.052077403795126147,0.39962789442078922,0.20436709757630489,0.08419601224696803","0.25973159196082601,0.052077403795260199,0.39962789442069141,0.20436709757627519,0.084196012246947005","0.25973159196073048,0.052077403795645627,0.3996278944204672,0.20436709757633892,0.0841960122468179",0.004483690096260357,0.011400789519357765,0.21785246469494238,0.014992233851482458,4.440892098500626e-16,0.0,0.011400789519357768,0.21785246469507136,0.014992233851484503,0.011400789519357772,0.21785246469539987,0.014992233851489147,1.3405249132958375e-13,5.194802921160147e-13,3.043163761652409e-16,6.086327523304818e-16,volatility,0.011400789519357765,3.043163761652409e-16,6.086327523304816e-16,target return not requested; the minimum-variance portfolio alone is the answer,True,0.0001299780016646979,,,,,,,,,,,
max_sharpe,5,9,"0.26714426608286629,0.46492412725231086,0.039973288279166026,0.21833115408966036,0.0096271642959963877","0.2671442659619836,0.46492412047238668,0.039973294185285203,0.2183311538604272,0.0096271655199171996","0.26714426595692636,0.46492412038555814,0.039973294262655265,0.21833115385801435,0.0096271655368457606",0.009366854187284699,0.019634835377248028,0.3751930711790475,0.027834131474175385,0.0,0.0,0.019634835163507426,0.37519307117904743,0.02783413113942138,0.01963483516075646,0.37519307117904754,0.027834131135119733,6.779924177635621e-09,6.86675272199011e-09,1.0885785382297327e-08,1.1025891784956633e-08,sharpe_ratio,0.3751930711790475,1.4795356176704852e-16,1.4795356176704847e-16,"max-Sharpe by ternary search along the efficient frontier (114 QP evaluations). Maximising (mu'w - rf)/sqrt(w'Sigma w) is linear-fractional, not a quadratic program, so it is solved by searching over the target returns the §7 QP already produces; docs/mathematical_specification.md §7 requires that transformation to be stated rather than assumed. target return 0.0093668541872846921 binds (the free portfolio returned 0.0044836900962603558), so it is imposed as an equality",True,0.3751930711790476,,,,,,,,,,,
efficient_return,5,9,"0.021405911861272196,0.70584160675872776,0,0.26046518742913316,0.01228729395086732","0.021405911861280699,0.70584160675872654,0,0.26046518742912039,0.0122872939508722","0.02140591186126924,0.70584160675871477,-4.2044484937684865e-20,0.26046518742911878,0.012287293950897078",0.011433554163223468,0.026171193437161868,0.3604556355396565,0.03735516748866529,4.440892098500626e-16,0.0,0.02617119343716187,0.36045563553965637,0.03735516748866541,0.026171193437161865,0.3604556355396565,0.03735516748866535,1.27675647831893e-14,2.975744650690615e-14,1.325673955329512e-16,1.325673955329512e-16,volatility,0.026171193437161868,1.325673955329512e-16,1.3256739553295123e-16,"target return 0.011433554163223468 binds (the free portfolio returned 0.0044836900962603558), so it is imposed as an equality",True,0.0006849313659253446,0.011433554163223468,0.0,,,,,,,,,
risk_parity,5,9,"0.21376436317793443,0.12421650338828355,0.3466150656688865,0.20614427690313833,0.10925979086175715","0.2137643631811191,0.12421650339469609,0.34661506566495931,0.20614427690493201,0.10925979085429344","0.2137643631811191,0.12421650339469609,0.34661506566495931,0.20614427690493201,0.10925979085429344",0.0054150504412949305,0.011952310953690322,nan,0.016557854756942655,0.0,0.0,0.01195231095367976,nan,0.016557854757067954,0.01195231095367976,nan,0.016557854757067954,7.463710205435348e-12,7.463710205435348e-12,8.837396622425414e-13,8.837396622425414e-13,volatility,0.011952310953690322,8.837396622425414e-13,8.837396622425414e-13,"cyclic coordinate descent on 1/2 w'Sigma w - c sum log(w_i), c refreshed as w'Sigma w / n; start = inverse volatility; the equal-contribution identity was verified on the result",,0.00014285773713370564,,,True,5.551115123125783e-16,18,pypfopt column holds the cvxpy log formulation: PyPortfolioOpt 1.6.0 has no ERC implementation,,,,,
min_cvar,5,9,"0.26110689938565806,0.010857627243331154,0.4114613968328199,0.20471804356237927,0.11185603297582455","0.26110690086538119,0.0108576401127551,0.41146138905339119,0.20471804648122521,0.11185602348724689","0.26110690086538119,0.0108576401127551,0.41146138905339119,0.20471804648122521,0.11185602348724689",0.004205057279593434,0.011529666231141569,nan,0.014509022219783148,1.2878587085651816e-14,0.0,0.011529666163360357,nan,0.014509022226448908,0.011529666163360357,nan,0.014509022226448908,1.2869423946654246e-08,1.2869423946654246e-08,5.8788528860205735e-09,5.8788528860205735e-09,cvar,0.014509022219783148,4.5942172076489077e-10,4.5942172076489077e-10,"Rockafellar-Uryasev linear program, confidence 0.94999999999999996, 250 scenarios, alpha reported as the optimised VaR level; optimum certified against the original data: constraints reproduced to 1.2878587085651816e-14, no reduced cost below -0, no variable below 0; the objective was re-evaluated from the definition and agrees to 7.1123662515049091e-16",,,,,,,,cvxpy column repeats pypfopt: that library already solves this LP through cvxpy,True,True,0.014509022219783164,0.012202559420995112,0
min_variance,8,7,"0.10852832650617691,0.13113821732925995,0.1159426332779861,0.14047630077069892,0.15380835317324185,0.12533291874304145,0.074928316360433719,0.14984493383916084","0.1085283265061651,0.1311382173290111,0.1159426332780268,0.1404763007707418,0.1538083531733902,0.12533291874309671,0.074928316360476394,0.14984493383909189","0.10852832650616491,0.13113821732901107,0.11594263327802684,0.14047630077074175,0.15380835317339012,0.12533291874309657,0.074928316360476574,0.14984493383909214",0.004521105071091236,0.007210036957754362,0.34966603997498225,0.01167457446339243,3.3306690738754696e-16,0.0,0.007210036957754365,0.3496660399749063,0.01167457446338919,0.007210036957754365,0.3496660399749063,0.011674574463389192,2.4885649096972884e-13,2.4888424654534447e-13,3.6089762496524776e-16,3.6089762496524776e-16,volatility,0.007210036957754362,3.6089762496524776e-16,3.6089762496524776e-16,target return not requested; the minimum-variance portfolio alone is the answer,True,5.1984632932183805e-05,,,,,,,,,,,
max_sharpe,8,7,"0.0039878052854043621,0.19349756661779113,0.17161210415762634,0.032207266824551981,0.13222386995160099,0.12890399993738913,0.085631480764040979,0.25193590646159519","0.0039878050894324004,0.19349756673489979,0.17161210426230519,0.032207266620057899,0.13222386991009161,0.1289039999440651,0.085631480786126604,0.2519359066530214","0.0039878051383114071,0.19349756670553225,0.17161210423587134,0.032207266672317707,0.1322238699211995,0.1289039999424009,0.08563148077913646,0.25193590660523052",0.005398840807334772,0.008371579960655427,0.4059975325217667,0.013446233664212335,2.220446049250313e-16,0.0,0.008371579964693798,0.4059975325217665,0.013446233669799468,0.00837157996369648,0.40599753252176657,0.013446233668384698,2.0449408139056047e-10,1.5223427379806864e-10,4.823904626860515e-10,3.6325920948488733e-10,sharpe_ratio,0.4059975325217667,4.1018341333107785e-16,2.734556088873852e-16,"max-Sharpe by ternary search along the efficient frontier (110 QP evaluations). Maximising (mu'w - rf)/sqrt(w'Sigma w) is linear-fractional, not a quadratic program, so it is solved by searching over the target returns the §7 QP already produces; docs/mathematical_specification.md §7 requires that transformation to be stated rather than assumed. target return 0.0053988408073347427 binds (the free portfolio returned 0.0045211050710912363), so it is imposed as an equality",True,0.4059975325217668,,,,,,,,,,,
efficient_return,8,7,"0,0.44321128569704654,0.019382387685210094,0,0,0,0,0.53740632661774401","0,0.44321128569704221,0.0193823876852286,0,0,0,0,0.53740632661772947","7.3813390667002299e-20,0.44321128569702639,0.019382387685239477,4.3924237625634637e-20,-6.4215023388764809e-20,3.9178041148840358e-20,3.8054512171770629e-20,0.53740632661773402",0.00692905385918902,0.02568942231050519,0.19187094982565564,0.040005405087515315,6.661338147750939e-16,0.0,0.025689422310503526,0.19187094982566597,0.04000540508751216,0.025689422310503623,0.19187094982566527,0.040005405087511936,1.8506030041720578e-14,2.938274623609516e-14,6.48256903876284e-14,6.10441917816834e-14,volatility,0.02568942231050519,6.48256903876284e-14,6.104419178168317e-14,"target return 0.0069290538591889675 binds (the free portfolio returned 0.0045211050710912363), so it is imposed as an equality",True,0.0006599464186474818,0.0069290538591889675,0.0,,,,,,,,,
risk_parity,8,7,"0.10738710011063782,0.12806444431118419,0.1153549686254379,0.14023510929422303,0.15235366428140337,0.12364363819985162,0.082467953848471928,0.15049312132879017","0.10738710011063837,0.12806444431117064,0.11535496862543729,0.14023510929423144,0.15235366428140584,0.12364363819984243,0.082467953848482378,0.15049312132879164","0.10738710011063837,0.12806444431117064,0.11535496862543729,0.14023510929423144,0.15235366428140584,0.12364363819984243,0.082467953848482378,0.15049312132879164",0.004495591494810446,0.007224082602347796,nan,0.011716338614886516,0.0,0.0,0.007224082602347825,nan,0.011716338614886598,0.007224082602347825,nan,0.011716338614886598,1.354472090042691e-14,1.354472090042691e-14,3.962155325343992e-15,3.962155325343992e-15,volatility,0.007224082602347796,3.962155325343992e-15,3.962155325343992e-15,"cyclic coordinate descent on 1/2 w'Sigma w - c sum log(w_i), c refreshed as w'Sigma w / n; start = inverse volatility; the equal-contribution identity was verified on the result",,5.21873694455441e-05,,,True,2.1760371282653068e-14,69,pypfopt column holds the cvxpy log formulation: PyPortfolioOpt 1.6.0 has no ERC implementation,,,,,
min_cvar,8,7,"0.079223352950757664,0.06566016678150309,0.13096676321735193,0.088363337684041157,0.20630913489189071,0.22602647489435615,0.070247898591302288,0.13320287098867098","0.079223623153908795,0.065660176143566201,0.13096658522903459,0.088363544023743898,0.20630913703993711,0.22602644403213321,0.070247794962421006,0.1332026954152552","0.079223623153908795,0.065660176143566201,0.13096658522903459,0.088363544023743898,0.20630913703993711,0.22602644403213321,0.070247794962421006,0.1332026954152552",0.004615651275557308,0.00804509344468879,nan,0.010035467588207492,1.2601031329495527e-13,0.0,0.008045093603003312,nan,0.010035467597057248,0.008045093603003312,nan,0.010035467597057248,2.702031511314651e-07,2.702031511314651e-07,1.9678393941324736e-08,1.9678393941324736e-08,cvar,0.010035467588207492,8.818478971582103e-10,8.818478971582103e-10,"Rockafellar-Uryasev linear program, confidence 0.94999999999999996, 250 scenarios, alpha reported as the optimised VaR level; optimum certified against the original data: constraints reproduced to 1.2601031329495527e-13, no reduced cost below -0, no variable below 0; the objective was re-evaluated from the definition and agrees to 4.298644773470528e-15",,,,,,,,cvxpy column repeats pypfopt: that library already solves this LP through cvxpy,True,True,0.010035467588207838,0.007628245812717294,0
min_variance,8,8,"0.12303746180265017,0.15245058655332674,0.095233563891828354,0.15093309852584827,0.16346751768538542,0.17183602663488037,0.034756298069348185,0.10828544683673216","0.12303746180273591,0.1524505865533011,0.095233563891787498,0.15093309852585129,0.1634675176854028,0.17183602663485489,0.034756298069337402,0.1082854468367291","0.12303746180273585,0.15245058655330124,0.095233563891787373,0.15093309852585124,0.16346751768540257,0.17183602663485503,0.034756298069337603,0.10828544683672914",0.0032380502086209744,0.007489642334995864,0.16530164635981354,0.01149175383258527,3.3306690738754696e-16,0.0,0.007489642334995865,0.16530164635984448,0.011491753832584037,0.007489642334995865,0.16530164635984437,0.01149175383258404,8.573697307667771e-14,8.568146192544646e-14,1.1580816535598725e-16,1.1580816535598725e-16,volatility,0.007489642334995864,1.1580816535598725e-16,1.1580816535598725e-16,target return not requested; the minimum-variance portfolio alone is the answer,True,5.609474230616229e-05,,,,,,,,,,,
max_sharpe,8,8,"0.2837664439603248,0.16214795774163779,0.085431993943509948,0,0.33107036021351355,0.082911439989122968,0.054671804151890373,0","0.2837664448639215,0.1621479578048548,0.0854319935981767,0,0.3310703603284631,0.082911439366357101,0.054671804038226801,0","0.28376644485524627,0.16214795780382099,0.085431993601789658,-8.2378903085610459e-22,0.3310703603279489,0.082911439371916362,0.054671804039277849,8.5049792671705946e-21",0.00478066507725244,0.009863517000065068,0.281914156708413,0.014385607643938291,6.661338147750939e-16,0.0,0.009863517010901336,0.281914156708413,0.014385607660987268,0.009863517010811127,0.28191415670841313,0.014385607660866441,9.035966974657583e-10,8.949214702624886e-10,1.0986210735084445e-09,1.089475340794845e-09,sharpe_ratio,0.281914156708413,0.0,3.9381598908971155e-16,"max-Sharpe by ternary search along the efficient frontier (110 QP evaluations). Maximising (mu'w - rf)/sqrt(w'Sigma w) is linear-fractional, not a quadratic program, so it is solved by searching over the target returns the §7 QP already produces; docs/mathematical_specification.md §7 requires that transformation to be stated rather than assumed. target return 0.0047806650772524457 binds (the free portfolio returned 0.0032380502086209744), so it is imposed as an equality",True,0.2819141567084131,,,,,,,,,,,
efficient_return,8,8,"0.57244194513246416,0.01123885246986321,0,0,0.3832316261435425,0,0.03308757625412951,0","0.57244194513242952,0.0112388524698853,0,0,0.38323162614354461,0,0.033087576254140598,0","0.5724419451324263,0.011238852469885768,-2.9222059980328504e-20,3.4171100012666562e-20,0.38323162614354545,1.1577663370614613e-20,0.033087576254142513,3.5334954679742213e-20",0.005785999193998433,0.016600946870325504,0.228059232016818,0.024842121839635727,6.661338147750939e-16,0.0,0.016600946870324786,0.228059232016824,0.024842121839634905,0.016600946870324793,0.2280592320168239,0.024842121839634992,3.4638958368304884e-14,3.785860513971784e-14,4.326111785455931e-14,4.284313603953941e-14,volatility,0.016600946870325504,4.326111785455931e-14,4.2843136039539394e-14,"target return 0.0057859991939983703 binds (the free portfolio returned 0.0032380502086209744), so it is imposed as an equality",True,0.0002755914369913701,0.00578599919399837,0.0,,,,,,,,,
risk_parity,8,8,"0.11793103357365955,0.14725078644654502,0.096775220108084217,0.14158192405442657,0.16182307826582881,0.18100953010768872,0.051094877421693906,0.10253355002207316","0.11793103357366307,0.14725078644654105,0.096775220108078,0.14158192405443121,0.16182307826583811,0.18100953010770207,0.051094877421672527,0.10253355002207401","0.11793103357366307,0.14725078644654105,0.096775220108078,0.14158192405443121,0.16182307826583811,0.18100953010770207,0.051094877421672527,0.10253355002207401",0.003286054713032359,0.007573151475163077,nan,0.01171282076278224,0.0,0.0,0.007573151475162787,nan,0.011712820762780862,0.007573151475162787,nan,0.011712820762780862,2.137873211793817e-14,2.137873211793817e-14,3.8253403677218755e-14,3.8253403677218755e-14,volatility,0.007573151475163077,3.8253403677218755e-14,3.8253403677218755e-14,"cyclic coordinate descent on 1/2 w'Sigma w - c sum log(w_i), c refreshed as w'Sigma w / n; start = inverse volatility; the equal-contribution identity was verified on the result",,5.7352623265764685e-05,,,True,7.127631818093505e-14,96,pypfopt column holds the cvxpy log formulation: PyPortfolioOpt 1.6.0 has no ERC implementation,,,,,
min_cvar,8,8,"0.16915849406130745,0.13025112148316031,0.098836272130273586,0.10405419531638448,0.20351305400710867,0.17475789310834217,0.031683688690934145,0.087745281202522618","0.16915849468089439,0.1302511214788778,0.098836272552176502,0.1040541950506006,0.20351305399178901,0.17475789303065051,0.031683688741788098,0.087745280473222803","0.16915849468089439,0.1302511214788778,0.098836272552176502,0.1040541950506006,0.20351305399178901,0.17475789303065051,0.031683688741788098,0.087745280473222803",0.00358075150954552,0.007800597486847075,nan,0.010111801571733437,3.352873534367973e-14,0.0,0.007800597494876595,nan,0.010111801574511681,0.007800597494876595,nan,0.010111801574511681,7.292998149832641e-10,7.292998149832641e-10,1.0293467600011454e-09,1.0293467600011454e-09,cvar,0.010111801571733437,2.7475268652721227e-10,2.7475268652721227e-10,"Rockafellar-Uryasev linear program, confidence 0.94999999999999996, 250 scenarios, alpha reported as the optimised VaR level; optimum certified against the original data: constraints reproduced to 3.3528735343679728e-14, no reduced cost below -0, no variable below 0; the objective was re-evaluated from the definition and agrees to 7.7715611723760958e-16",,,,,,,,cvxpy column repeats pypfopt: that library already solves this LP through cvxpy,True,True,0.010111801571733437,0.008118480383722291,0
min_variance,8,9,"0.22328576136739564,0.088360131228569366,0.22966342794159059,0,0.085462736387434679,0.24761454706552916,0.049879751304215042,0.07573364470526539","0.22328576136741679,0.088360131228345601,0.22966342794164021,0,0.0854627363874053,0.24761454706551819,0.049879751304384899,0.075733644705288997","0.22328576136736922,0.088360131228376784,0.22966342794162822,5.1456206114131967e-20,0.085462736387452012,0.24761454706542924,0.049879751304426491,0.075733644705318071",0.003652853464708906,0.009154954793308202,0.18054195810088067,0.013523442788422217,2.220446049250313e-16,0.0,0.0091549547933082,0.1805419581008089,0.013523442788425979,0.009154954793308202,0.18054195810086404,0.01352344278842597,2.237654506132003e-13,2.1144891393376497e-13,1.8948465777731643e-16,0.0,volatility,0.009154954793308202,1.8948465777731643e-16,0.0,target return not requested; the minimum-variance portfolio alone is the answer,True,8.381319726751681e-05,,,,,,,,,,,
max_sharpe,8,9,"0.35433215126872269,0.052060442287609268,0.14373074453429591,0,0,0,0,0.44987666190937198","0.35433215118138178,0.0520604424053073,0.14373074469311239,0,0,0,0,0.44987666172019852","0.35433215117943018,0.052060442408003532,0.14373074469344879,2.9832838912565388e-19,1.8860750639126951e-19,-4.2616780813484233e-20,3.5968009929139372e-19,0.44987666171911755",0.007964430585043909,0.014548427367610235,0.40997081226268944,0.020231870348722487,2.220446049250313e-16,0.0,0.014548427362131204,0.4099708122626894,0.020231870339721496,0.014548427362115571,0.4099708122626895,0.020231870339692176,1.8917345467883706e-10,1.9025442332676334e-10,3.766063703948285e-10,3.776809420702658e-10,sharpe_ratio,0.40997081226268944,1.354026910474031e-16,1.3540269104740307e-16,"max-Sharpe by ternary search along the efficient frontier (114 QP evaluations). Maximising (mu'w - rf)/sqrt(w'Sigma w) is linear-fractional, not a quadratic program, so it is solved by searching over the target returns the §7 QP already produces; docs/mathematical_specification.md §7 requires that transformation to be stated rather than assumed. target return 0.0079644305850439315 binds (the free portfolio returned 0.0036528534647089061), so it is imposed as an equality",True,0.4099708122626895,,,,,,,,,,,
efficient_return,8,9,"0.19862033118726719,0,0,0,0,0,0,0.80137966881273259","0.19862033118726791,0,0,0,0,0,0,0.80137966881273215","0.19862033118726782,5.0862754505314957e-25,-1.9368954911513882e-24,5.3354592807700483e-25,-5.8378574863658157e-25,-1.8051840779256852e-24,-6.8888557236208584e-25,0.80137966881273215",0.012053609783612662,0.034945169394129276,0.28769669622210076,0.0667214690403849,2.220446049250313e-16,0.0,0.03494516939412923,0.2876966962221011,0.06672146904038477,0.034945169394129234,0.28769669622210103,0.06672146904038478,7.216449660063518e-16,6.38378239159465e-16,1.3899562706229353e-15,1.191391089105373e-15,volatility,0.034945169394129276,1.3899562706229353e-15,1.1913910891053728e-15,"target return 0.012053609783612661 binds (the free portfolio returned 0.0036528534647089061), so it is imposed as an equality",True,0.0012211648639843893,0.01205360978361266,0.0,,,,,,,,,
risk_parity,8,9,"0.20833612180197408,0.093915435628849825,0.23017312305670057,0.051951650797425072,0.090375532595284289,0.17342061620626448,0.075877447731317188,0.075950072182184525","0.20833612180120462,0.093915435629383676,0.23017312305576798,0.051951650797816135,0.090375532595744948,0.17342061620562849,0.075877447731880418,0.075950072182573783","0.20833612180120462,0.093915435629383676,0.23017312305576798,0.051951650797816135,0.090375532595744948,0.17342061620562849,0.075877447731880418,0.075950072182573783",0.004088047170376354,0.009771225465305542,nan,0.013956317396515445,0.0,0.0,0.00977122546532929,nan,0.013956317396532414,0.00977122546532929,nan,0.013956317396532414,9.325873406851315e-13,9.325873406851315e-13,2.4304386865687957e-12,2.4304386865687957e-12,volatility,0.009771225465305542,2.4304386865687957e-12,2.4304386865687957e-12,"cyclic coordinate descent on 1/2 w'Sigma w - c sum log(w_i), c refreshed as w'Sigma w / n; start = inverse volatility; the equal-contribution identity was verified on the result",,9.54768470938355e-05,,,True,9.325873406851315e-15,34,pypfopt column holds the cvxpy log formulation: PyPortfolioOpt 1.6.0 has no ERC implementation,,,,,
min_cvar,8,9,"0.22073289648399816,0.13762152036804329,0.20970879104943538,0,0.091966194110941812,0.21864265221594179,0,0.12132794577188302","0.2207329075213823,0.13762151636084499,0.20970875877228409,6.4619149999999998e-10,0.091966260446178297,0.21864270470621261,3.2534770000000001e-10,0.12132785122155799","0.2207329075213823,0.13762151636084499,0.20970875877228409,6.4619149999999998e-10,0.091966260446178297,0.21864270470621261,3.2534770000000001e-10,0.12132785122155799",0.0044085766418186356,0.009470852086299247,nan,0.012448053053854402,2.4358293160275934e-13,0.0,0.009470851569824903,nan,0.012448053087197162,0.009470851569824903,nan,0.012448053087197162,9.4550325027698e-08,9.4550325027698e-08,5.4533041763680855e-08,5.4533041763680855e-08,cvar,0.012448053053854402,2.6785521298555736e-09,2.6785521298555736e-09,"Rockafellar-Uryasev linear program, confidence 0.94999999999999996, 250 scenarios, alpha reported as the optimised VaR level; optimum certified against the original data: constraints reproduced to 2.4358293160275934e-13, no reduced cost below -0, no variable below 0; the objective was re-evaluated from the definition and agrees to 3.6134290004596892e-15",,,,,,,,cvxpy column repeats pypfopt: that library already solves this LP through cvxpy,True,True,0.012448053053854507,0.009650606258665168,0
min_variance,12,7,"0.03867660713719754,0.14915007410183526,0.067543399429369405,0.072919869555352124,0.066071526515876305,0.048591972755680529,0.14444154249950347,0.023672324158332838,0.14237236826733476,0.067473083827246774,0,0.17908723175227104","0.038676607137187097,0.14915007410191899,0.067543399429392095,0.072919869555360201,0.066071526515717197,0.048591972755615102,0.14444154249947919,0.023672324158471501,0.14237236826741601,0.067473083827291905,0,0.1790872317521508","0.038676607137200579,0.1491500741019004,0.067543399429399159,0.072919869555363087,0.06607152651572086,0.048591972755613458,0.14444154249947125,0.023672324158486652,0.1423723682674003,0.06747308382730971,3.2501939021797175e-20,0.17908723175213456",0.004311975581696943,0.007157437420987909,0.323017226097917,0.009191295022057944,0.0,0.0,0.007157437420987909,0.32301722609785133,0.009191295022058805,0.007157437420987908,0.32301722609788236,0.009191295022058576,1.5910883721659275e-13,1.5544510123532973e-13,0.0,1.2118327929001797e-16,volatility,0.007157437420987909,0.0,1.2118327929001797e-16,target return not requested; the minimum-variance portfolio alone is the answer,True,5.122891043535806e-05,,,,,,,,,,,
max_sharpe,12,7,"0.16705762583521341,0,0,0.23837530690144323,0.082559958328963345,0,0.063567798331785635,0.051963620111911094,0.093193433854675517,0.006061866813793549,0,0.29722038982221444","0.1670576247345244,0,0,0.23837530522476821,0.082559958989326804,0,0.0635677995735692,0.0519636198438993,0.093193436231542803,0.0060618670416362,0,0.29722038836073328","0.16705762472410532,-4.7953397309172214e-20,1.9155348580899937e-19,0.23837530520622816,0.08255995899649006,-1.6817680862996735e-20,0.063567799586127627,0.051963619840239082,0.093193436257736462,0.0060618670455024407,2.8021315802607227e-19,0.29722038834357073",0.006822503916513636,0.009924069923680346,0.4859401388342101,0.014011909621628096,2.220446049250313e-16,0.0,0.009924069882205358,0.4859401388342101,0.014011909539615822,0.009924069881765207,0.4859401388342101,0.014011909538719437,2.376867286324469e-09,2.403060944677904e-09,4.179231793664114e-09,4.223583696944121e-09,sharpe_ratio,0.4859401388342101,0.0,0.0,"max-Sharpe by ternary search along the efficient frontier (112 QP evaluations). Maximising (mu'w - rf)/sqrt(w'Sigma w) is linear-fractional, not a quadratic program, so it is solved by searching over the target returns the §7 QP already produces; docs/mathematical_specification.md §7 requires that transformation to be stated rather than assumed. target return 0.0068225039165136347 binds (the free portfolio returned 0.0043119755816969432), so it is imposed as an equality",True,0.48594013883421017,,,,,,,,,,,
efficient_return,12,7,"0.22964838684092392,0,0,0.33398265008111983,0.0081724188017583133,0,0,0.070908687821183092,0,0,0,0.35728785645501571","0.2296483868412498,0,0,0.33398265008071659,0.0081724188017669001,0,0,0.070908687821232802,0,0,0,0.3572878564550338","0.2296483868426642,8.888176981595831e-20,2.9288045650569531e-19,0.3339826500788794,0.0081724188017053799,1.0711683881306906e-20,6.9769065144122308e-20,0.070908687821705382,6.4805191382726676e-20,1.6447051551369766e-19,4.2551260598120295e-19,0.35728785645504557",0.007827720963035733,0.01255611900525113,0.4641339382494308,0.018110413591336163,8.881784197001252e-16,0.0,0.012556119005251217,0.4641339382494292,0.018110413591341162,0.012556119005251217,0.4641339382494291,0.018110413591365865,4.0323300254385686e-13,2.240430063693566e-12,6.907880831853025e-15,6.907880831853025e-15,volatility,0.01255611900525113,6.907880831853025e-15,6.907880831853025e-15,"target return 0.0078277209630357534 binds (the free portfolio returned 0.0043119755816969432), so it is imposed as an equality",True,0.00015765612447402863,0.007827720963035753,2.0816681711721685e-17,,,,,,,,,
risk_parity,12,7,"0.051756943732033142,0.12273481538241988,0.067752881329172482,0.064699255332346661,0.059922984078895174,0.047657772521767165,0.13091063320429319,0.04387958665278463,0.11970718400930187,0.071901369549702512,0.03781383885825608,0.18126273534902726","0.051756943731938281,0.12273481538245487,0.067752881329115763,0.064699255332028804,0.059922984078799535,0.04765777252184588,0.1309106332044046,0.043879586652765375,0.11970718400971929,0.071901369549476915,0.03781383885811232,0.1812627353493384","0.051756943731938281,0.12273481538245487,0.067752881329115763,0.064699255332028804,0.059922984078799535,0.04765777252184588,0.1309106332044046,0.043879586652765375,0.11970718400971929,0.071901369549476915,0.03781383885811232,0.1812627353493384",0.004270130162668206,0.007493846823325826,nan,0.010527000987622033,0.0,0.0,0.007493846823320476,nan,0.010527000987608304,0.007493846823320476,nan,0.010527000987608304,4.1741610168344323e-13,4.1741610168344323e-13,7.139039969784132e-13,7.139039969784132e-13,volatility,0.007493846823325826,7.139039969784132e-13,7.139039969784132e-13,"cyclic coordinate descent on 1/2 w'Sigma w - c sum log(w_i), c refreshed as w'Sigma w / n; start = inverse volatility; the equal-contribution identity was verified on the result",,5.615774021147057e-05,,,True,1.0325074129013956e-14,68,pypfopt column holds the cvxpy log formulation: PyPortfolioOpt 1.6.0 has no ERC implementation,,,,,
min_cvar,12,7,"0.022001869903056755,0.094169082121344491,0.046092437911718985,0.15149062151546225,0.10332189175717614,0.034011179069303003,0.096741717696512075,0,0.16567561447124038,0.089776082672801183,0,0.19671950288119722","0.022001816054184099,0.094169504486207201,0.046092261733622401,0.1514910407998705,0.10332187119291231,0.034011066127061701,0.096741529190505202,2.8664317000000001e-09,0.16567514820818599,0.089775992013245404,1.4247459999999999e-10,0.19671976718529879","0.022001816054184099,0.094169504486207201,0.046092261733622401,0.1514910407998705,0.10332187119291231,0.034011066127061701,0.096741529190505202,2.8664317000000001e-09,0.16567514820818599,0.089775992013245404,1.4247459999999999e-10,0.19671976718529879",0.0049513508265369936,0.0076435786000318955,nan,0.008140333772006946,1.8762769116165146e-13,0.0,0.007643578611113709,nan,0.008140333808510362,0.007643578611113709,nan,0.008140333808510362,4.662630543883495e-07,4.662630543883495e-07,1.4498200361527228e-09,1.4498200361527228e-09,cvar,0.008140333772006946,4.484265322230011e-09,4.484265322230011e-09,"Rockafellar-Uryasev linear program, confidence 0.94999999999999996, 250 scenarios, alpha reported as the optimised VaR level; optimum certified against the original data: constraints reproduced to 1.8762769116165146e-13, no reduced cost below -0, no variable below 0; the objective was re-evaluated from the definition and agrees to 5.1590676175550243e-15",,,,,,,,cvxpy column repeats pypfopt: that library already solves this LP through cvxpy,True,True,0.008140333772007013,0.007458375992050068,0
min_variance,12,8,"0.069637580116309564,0.080330090295570061,0.085894565692172853,0.035947261695543159,0.10365327545170104,0.10378515845444657,0.086950445754430963,0.095885104578420505,0.078279126582355252,0.078159154863501459,0.11705900687423364,0.064419229641315412","0.069637580116292702,0.080330090295622103,0.085894565692148594,0.035947261695553297,0.1036532754517154,0.1037851584544229,0.086950445754456304,0.095885104578399105,0.078279126582354003,0.078159154863439897,0.1170590068742625,0.064419229641332995","0.069637580116292605,0.080330090295622145,0.08589456569214865,0.03594726169555322,0.10365327545171533,0.10378515845442278,0.086950445754456374,0.095885104578399105,0.078279126582354058,0.078159154863440036,0.11705900687426245,0.064419229641333106",0.004718071832061808,0.005952704026924579,0.4566112845133474,0.008059316491239353,4.440892098500626e-16,0.0,0.005952704026924575,0.45661128451339134,0.008059316491239367,0.005952704026924576,0.45661128451339156,0.008059316491239366,6.156186671546493e-14,6.142308883738679e-14,7.285443170576383e-16,5.828354536461106e-16,volatility,0.005952704026924579,7.285443170576383e-16,5.828354536461105e-16,target return not requested; the minimum-variance portfolio alone is the answer,True,3.54346852321641e-05,,,,,,,,,,,
max_sharpe,12,8,"0,0.11529245356020694,0.12568556017772223,0,0.096040692019660132,0.026114684655838234,0.11493613481496678,0.14429970730456551,0.074418661660785548,0.0047467377710780721,0.10979494999228662,0.18867041804288975","0,0.1152924535889784,0.1256855602493209,0,0.096040692012369699,0.026114684523203601,0.114936134885542,0.14429970745656109,0.074418661591312399,0.0047467373418957999,0.1097949499976044,0.18867041835321161","1.5822121745081267e-20,0.11529245358469346,0.12568556023804667,3.6066557130034748e-20,0.096040692013859619,0.026114684545297927,0.1149361348701655,0.14429970742704154,0.074418661606378403,0.0047467374275298414,0.10979494999506498,0.18867041829192216",0.006739931101068382,0.007337408824959534,0.6459952299433885,0.008731027598280865,1.1102230246251565e-16,0.0,0.007337408831810314,0.6459952299433885,0.008731027611645898,0.007337408830543605,0.6459952299433886,0.008731027609282346,4.291822721866345e-10,3.4354823066212736e-10,9.336784301793105e-10,7.610413332174467e-10,sharpe_ratio,0.6459952299433885,0.0,1.718624183529111e-16,"max-Sharpe by ternary search along the efficient frontier (112 QP evaluations). Maximising (mu'w - rf)/sqrt(w'Sigma w) is linear-fractional, not a quadratic program, so it is solved by searching over the target returns the §7 QP already produces; docs/mathematical_specification.md §7 requires that transformation to be stated rather than assumed. target return 0.0067399311010684013 binds (the free portfolio returned 0.0047180718320618091), so it is imposed as an equality",True,0.6459952299433886,,,,,,,,,,,
efficient_return,12,8,"0,0,0.32578770473032242,0,0,0,0,0.32207187323563186,0,0,0.012918744980324619,0.33922167705372097","0,0,0.32578770473038149,0,0,0,0,0.32207187323550901,0,0,0.012918744980362299,0.33922167705374728","1.4196105496168365e-19,3.1053341415954884e-20,0.32578770473163304,3.8358619722793043e-19,2.5081507812820381e-20,1.055789510663817e-19,3.730446632587981e-20,0.32207187323321668,6.8917596632318931e-20,1.2841717412138436e-19,0.012918744981125703,0.33922167705402473",0.00905413199273613,0.015801338421958074,0.4464262332951156,0.024960537644859133,0.0,0.0,0.015801338421958126,0.4464262332951147,0.024960537644858484,0.015801338421958126,0.4464262332951148,0.02496053764484608,1.2284617767477357e-13,2.4151791677695655e-12,3.2934997586650714e-15,3.2934997586650714e-15,volatility,0.015801338421958074,3.2934997586650714e-15,3.2934997586650714e-15,"target return 0.0090541319927361381 binds (the free portfolio returned 0.0047180718320618091), so it is imposed as an equality",True,0.0002496822959252485,0.009054131992736138,8.673617379884035e-18,,,,,,,,,
risk_parity,12,8,"0.069311998981379297,0.077741301452571063,0.082982901434011991,0.046156902579581612,0.10373141470969614,0.10238903358785903,0.084452716225641461,0.094517094368089416,0.074981192007114117,0.076209106954977568,0.12335108725120872,0.06417525044786955","0.069311998981471432,0.077741301452491141,0.082982901433882233,0.046156902579594795,0.10373141471005067,0.10238903358797785,0.084452716225571461,0.094517094368227458,0.074981192006942268,0.076209106954922057,0.12335108725099511,0.064175250447873519","0.069311998981471432,0.077741301452491141,0.082982901433882233,0.046156902579594795,0.10373141471005067,0.10238903358797785,0.084452716225571461,0.094517094368227458,0.074981192006942268,0.076209106954922057,0.12335108725099511,0.064175250447873519",0.0046251505669181936,0.0059698457084495365,nan,0.008272250395145819,1.1102230246251565e-16,0.0,0.005969845708449309,nan,0.008272250395147483,0.005969845708449309,nan,0.008272250395147483,3.545219673384281e-13,3.545219673384281e-13,3.8066105298388104e-14,3.8066105298388104e-14,volatility,0.0059698457084495365,3.8066105298388104e-14,3.8066105298388104e-14,"cyclic coordinate descent on 1/2 w'Sigma w - c sum log(w_i), c refreshed as w'Sigma w / n; start = inverse volatility; the equal-contribution identity was verified on the result",,3.5639057782693346e-05,,,True,3.880229471064922e-14,76,pypfopt column holds the cvxpy log formulation: PyPortfolioOpt 1.6.0 has no ERC implementation,,,,,
min_cvar,12,8,"0.027572636548981119,0.16361013783356021,0.12630736519069227,0,0.045754531130948337,0.082229889734623099,0.066688314996772788,0.086585105361859038,0.071489348785781073,0.04193931967381373,0.15186248243124356,0.13596086831194243","0.027572641402256501,0.16361013293339791,0.12630736382730209,2.6343074999999998e-09,0.0457545338312388,0.082229892434564203,0.066688318204657093,0.086585111303940296,0.071489343407492495,0.041939321146101403,0.15186247776064221,0.13596086111409911","0.027572641402256501,0.16361013293339791,0.12630736382730209,2.6343074999999998e-09,0.0457545338312388,0.082229892434564203,0.066688318204657093,0.086585111303940296,0.071489343407492495,0.041939321146101403,0.15186247776064221,0.13596086111409911",0.005884227888997595,0.006802450905597605,nan,0.006342586725779913,2.1760371282653068e-13,0.0,0.006802450815604441,nan,0.006342586739823667,0.006802450815604441,nan,0.006342586739823667,7.197843321371522e-09,7.197843321371522e-09,1.3229520840259973e-08,1.3229520840259973e-08,cvar,0.006342586725779913,2.214199755244029e-09,2.214199755244029e-09,"Rockafellar-Uryasev linear program, confidence 0.94999999999999996, 250 scenarios, alpha reported as the optimised VaR level; optimum certified against the original data: constraints reproduced to 2.1760371282653068e-13, no reduced cost below -0, no variable below 0; the objective was re-evaluated from the definition and agrees to 5.2208237732997986e-14",,,,,,,,cvxpy column repeats pypfopt: that library already solves this LP through cvxpy,True,True,0.006342586725785179,0.00486163197475048,0
min_variance,12,9,"0.15164069176368988,0.14668885007457891,0.10265473223624488,0.031223735311534429,0.069287174411346533,0.085305551572909338,0.080013760101417378,0.073723449160430762,0.12328396228362387,0.082615404171566653,0,0.053562688912657218","0.15164069176372141,0.14668885007457619,0.10265473223625809,0.031223735311528101,0.0692871744113919,0.085305551572895794,0.080013760101440803,0.073723449160408794,0.1232839622835593,0.082615404171536302,0,0.053562688912683301","0.15164069176371453,0.14668885007456747,0.10265473223625506,0.031223735311537944,0.069287174411397118,0.085305551572897279,0.08001376010143979,0.07372344916041032,0.12328396228355538,0.08261540417153726,3.6615341729492675e-20,0.053562688912687846",0.005564985062568282,0.006612349246171583,0.5391404673055248,0.007141679045781667,1.1102230246251565e-16,0.0,0.006612349246171584,0.5391404673055543,0.007141679045781496,0.006612349246171586,0.5391404673055631,0.007141679045781554,6.457334666976067e-14,6.848688283156434e-14,1.3117300761005452e-16,3.935190228301636e-16,volatility,0.006612349246171583,1.3117300761005452e-16,3.935190228301635e-16,target return not requested; the minimum-variance portfolio alone is the answer,True,4.3723162553345934e-05,,,,,,,,,,,
max_sharpe,12,9,"0.12495339223495665,0.14197671957093783,0.10511210163898634,0.0071599960376164222,0.078930590238508055,0.21191239716219054,0.060841768184750677,0.0023080145108975059,0.11175521723440793,0.018962337759479041,0,0.13608746542726932","0.12495339248384051,0.14197671961687611,0.10511210161600559,0.0071599962613168996,0.078930590147337207,0.2119123959810634,0.060841768364058198,0.0023080151766562999,0.1117552173422314,0.0189623383525271,0,0.13608746465808719","0.12495339250502979,0.14197671961855357,0.10511210161412378,0.007159996281225104,0.078930590140938714,0.21191239588094798,0.060841768378768903,0.0023080152335492577,0.11175521735102414,0.018962338403667619,8.0044336935254832e-20,0.136087464592171",0.006772197502833225,0.007650435035388647,0.6237811942403867,0.009152455599101626,4.440892098500626e-16,0.0,0.007650435017323994,0.6237811942403866,0.009152455554306067,0.007650435015804343,0.6237811942403866,0.009152455550581938,1.181127140537086e-09,1.2812425564945329e-09,2.3612581720852533e-09,2.559894143585213e-09,sharpe_ratio,0.6237811942403867,1.7798276621294068e-16,1.7798276621294068e-16,"max-Sharpe by ternary search along the efficient frontier (112 QP evaluations). Maximising (mu'w - rf)/sqrt(w'Sigma w) is linear-fractional, not a quadratic program, so it is solved by searching over the target returns the §7 QP already produces; docs/mathematical_specification.md §7 requires that transformation to be stated rather than assumed. target return 0.0067721975028331698 binds (the free portfolio returned 0.005564985062568281), so it is imposed as an equality",True,0.6237811942403869,,,,,,,,,,,
efficient_return,12,9,"0,0.057599032388390155,0,0,0.095949527040673388,0.60355537651748981,0,0,0,0,0,0.24289606405344713","0,0.057599032388339098,0,0,0.095949527040655999,0.60355537651738922,0,0,0,0,0,0.24289606405361561","-2.2629300571906173e-19,0.057599032387849698,-3.6324062805661734e-19,3.3585682487442525e-19,0.095949527041192584,0.60355537651656677,-2.3311697063549262e-19,-1.0959641165573296e-19,-1.1314767975662872e-19,-1.6105642526009952e-19,5.7556201072333325e-19,0.2428960640543911",0.009774953208377173,0.018341940401016783,0.4238893507660819,0.02855458793053929,4.440892098500626e-16,0.0,0.01834194040101688,0.42388935076608003,0.02855458793053702,0.018341940401016856,0.42388935076608064,0.02855458793053012,1.684763439868675e-13,9.439671266875393e-13,5.296305218030012e-15,3.972228913522509e-15,volatility,0.018341940401016783,5.296305218030012e-15,3.9722289135225145e-15,"target return 0.0097749532083771778 binds (the free portfolio returned 0.005564985062568281), so it is imposed as an equality",True,0.00033642677767445177,0.009774953208377178,5.204170427930421e-18,,,,,,,,,
risk_parity,12,9,"0.15793268764489107,0.12236704058716259,0.1074400397697247,0.042545447159963785,0.066781323539940887,0.084391909019592273,0.076656764511384409,0.070205715886049971,0.11168618142797027,0.080843225764618942,0.025765259733589597,0.053384404955111514","0.15793268764487417,0.1223670405871562,0.10744003976973235,0.042545447159963806,0.066781323539943482,0.084391909019597366,0.076656764511380343,0.070205715886050402,0.11168618142800026,0.080843225764619164,0.025765259733574075,0.053384404955108329","0.15793268764487417,0.1223670405871562,0.10744003976973235,0.042545447159963806,0.066781323539943482,0.084391909019597366,0.076656764511380343,0.070205715886050402,0.11168618142800026,0.080843225764619164,0.025765259733574075,0.053384404955108329",0.005529050993416199,0.006900479595322372,nan,0.008111265862176795,0.0,0.0,0.006900479595322127,nan,0.008111265862176763,0.006900479595322127,nan,0.008111265862176763,2.998989945268704e-14,2.998989945268704e-14,3.557192923476206e-14,3.557192923476206e-14,volatility,0.006900479595322372,3.557192923476206e-14,3.557192923476206e-14,"cyclic coordinate descent on 1/2 w'Sigma w - c sum log(w_i), c refreshed as w'Sigma w / n; start = inverse volatility; the equal-contribution identity was verified on the result",,4.761661864546041e-05,,,True,7.743805596760467e-14,88,pypfopt column holds the cvxpy log formulation: PyPortfolioOpt 1.6.0 has no ERC implementation,,,,,
min_cvar,12,9,"0.12155012382245603,0.19910840659946202,0.14097670248062644,0.028960019577402914,0.086204869477040452,0.12149792003369697,0.04154185624107997,0.081732216366808885,0.096868954427107676,0.064632444588760787,0,0.016926486387007424","0.12155012032428381,0.199108405961503,0.1409767045734967,0.028960019888804499,0.086204869245338003,0.1214979227687846,0.041541853902754403,0.081732212862404993,0.0968689579362884,0.064632445837380106,4.6373999999999999e-11,0.016926486652587301","0.12155012032428381,0.199108405961503,0.1409767045734967,0.028960019888804499,0.086204869245338003,0.1214979227687846,0.041541853902754403,0.081732212862404993,0.0968689579362884,0.064632445837380106,4.6373999999999999e-11,0.016926486652587301",0.005646752581821684,0.0070124443558197275,nan,0.006458890525602716,1.4495071809506044e-12,0.0,0.007012444361733745,nan,0.006458890533076947,0.007012444361733745,nan,0.006458890533076947,3.509180723781924e-09,3.509180723781924e-09,8.433603511849445e-10,8.433603511849445e-10,cvar,0.006458890525602716,1.1572004921031696e-09,1.1572004921031696e-09,"Rockafellar-Uryasev linear program, confidence 0.94999999999999996, 250 scenarios, alpha reported as the optimised VaR level; optimum certified against the original data: constraints reproduced to 1.4495071809506044e-12, no reduced cost below -0, no variable below 0; the objective was re-evaluated from the definition and agrees to 8.2442733195797757e-15",,,,,,,,cvxpy column repeats pypfopt: that library already solves this LP through cvxpy,True,True,0.006458890525603171,0.004255724440183752,0
