observation_date,VIXCLS
2024-01-02,13.20
2024-01-03,14.04
2024-01-04,14.13
2024-01-05,13.35
2024-01-08,13.08
2024-01-09,12.76
2024-01-10,12.69
2024-01-11,12.44
2024-01-12,12.70
2024-01-15,13.25
2024-01-16,13.84
2024-01-17,14.79
2024-01-18,14.13
2024-01-19,13.30
2024-01-22,13.19
2024-01-23,12.55
2024-01-24,13.14
2024-01-25,13.45
2024-01-26,13.26
2024-01-29,13.60
2024-01-30,13.31
2024-01-31,14.35
2024-02-01,13.88
2024-02-02,13.85
2024-02-05,13.67
2024-02-06,13.06
2024-02-07,12.83
2024-02-08,12.79
2024-02-09,12.93
2024-02-12,13.93
2024-02-13,15.85
2024-02-14,14.38
2024-02-15,14.01
