observation_date,DFF
2024-01-01,5.33
2024-01-02,5.33
2024-01-03,5.33
2024-01-04,5.33
2024-01-05,5.33
2024-01-06,5.33
2024-01-07,5.33
2024-01-08,5.33
2024-01-09,5.33
2024-01-10,5.33
2024-01-11,5.33
2024-01-12,5.33
2024-01-13,5.33
2024-01-14,5.33
2024-01-15,5.33
2024-01-16,5.33
2024-01-17,5.33
2024-01-18,5.33
2024-01-19,5.33
2024-01-20,5.33
2024-01-21,5.33
2024-01-22,5.33
2024-01-23,5.33
2024-01-24,5.33
2024-01-25,5.33
2024-01-26,5.33
2024-01-27,5.33
2024-01-28,5.33
2024-01-29,5.33
2024-01-30,5.33
2024-01-31,5.33
