mean_signed_error,method,mse_reduction_vs_plain,paths,plain_root_mean_square_error,root_mean_square_error,scenario
1.035130e-01,plain,1.0000,1000,5.396524e-01,5.396524e-01,atm_call
5.927543e-02,antithetic,2.1064,1000,5.396524e-01,3.718330e-01,atm_call
2.823650e-02,control_variate,7.3444,1000,5.396524e-01,1.991295e-01,atm_call
-2.307260e-02,plain,1.0000,10000,1.765730e-01,1.765730e-01,atm_call
1.089604e-02,antithetic,1.8452,10000,1.765730e-01,1.299891e-01,atm_call
-6.193508e-03,control_variate,7.1821,10000,1.765730e-01,6.588691e-02,atm_call
1.333295e-02,plain,1.0000,100000,5.785332e-02,5.785332e-02,atm_call
6.767161e-03,antithetic,2.2415,100000,5.785332e-02,3.864208e-02,atm_call
3.988596e-04,control_variate,7.1043,100000,5.785332e-02,2.170542e-02,atm_call
-2.703196e-03,plain,1.0000,1000,3.094479e-01,3.094479e-01,atm_put
3.448510e-02,antithetic,1.9025,1000,3.094479e-01,2.243499e-01,atm_put
2.823650e-02,control_variate,2.4149,1000,3.094479e-01,1.991295e-01,atm_put
4.869883e-03,plain,1.0000,10000,1.108194e-01,1.108194e-01,atm_put
1.021934e-02,antithetic,2.1546,10000,1.108194e-01,7.549791e-02,atm_put
-6.193508e-03,control_variate,2.8290,10000,1.108194e-01,6.588691e-02,atm_put
-6.571056e-03,plain,1.0000,100000,3.763124e-02,3.763124e-02,atm_put
3.391131e-03,antithetic,2.7741,100000,3.763124e-02,2.259368e-02,atm_put
3.988596e-04,control_variate,3.0058,100000,3.763124e-02,2.170542e-02,atm_put
1.370473e-02,plain,1.0000,1000,1.641146e-01,1.641146e-01,otm_call_short
1.955772e-02,antithetic,1.8912,1000,1.641146e-01,1.193374e-01,otm_call_short
-5.080556e-03,control_variate,2.0591,1000,1.641146e-01,1.143701e-01,otm_call_short
-9.672927e-03,plain,1.0000,10000,5.374013e-02,5.374013e-02,otm_call_short
-1.281225e-03,antithetic,1.1155,10000,5.374013e-02,5.088183e-02,otm_call_short
-6.679001e-03,control_variate,2.3082,10000,5.374013e-02,3.537187e-02,otm_call_short
3.527694e-03,plain,1.0000,100000,1.822735e-02,1.822735e-02,otm_call_short
2.593126e-03,antithetic,1.2851,100000,1.822735e-02,1.607875e-02,otm_call_short
5.480114e-04,control_variate,1.9313,100000,1.822735e-02,1.311604e-02,otm_call_short
2.951763e-01,plain,1.0000,1000,1.947268e+00,1.947268e+00,itm_call_long
2.121164e-01,antithetic,1.9892,1000,1.947268e+00,1.380652e+00,itm_call_long
2.044457e-02,control_variate,40.1013,1000,1.947268e+00,3.075009e-01,itm_call_long
-1.149857e-01,plain,1.0000,10000,6.827547e-01,6.827547e-01,itm_call_long
1.218436e-02,antithetic,1.8565,10000,6.827547e-01,5.010907e-01,itm_call_long
-6.937234e-03,control_variate,40.4680,10000,6.827547e-01,1.073269e-01,itm_call_long
4.444317e-02,plain,1.0000,100000,2.212695e-01,2.212695e-01,itm_call_long
2.962795e-02,antithetic,2.0756,100000,2.212695e-01,1.535840e-01,itm_call_long
-1.612565e-03,control_variate,39.3374,100000,2.212695e-01,3.527922e-02,itm_call_long
