analytic_price,mean_iid_units,mean_runtime_seconds,mean_sample_variance_per_unit,mean_standard_error,method,paths,scenario,seconds_per_path
11.1237619281,1000.0,0.000048664,3.412623e+02,5.837525e-01,plain,1000,atm_call,4.866e-08
11.1237619281,500.0,0.000034040,1.023807e+02,4.521647e-01,antithetic,1000,atm_call,3.404e-08
11.1237619281,1000.0,0.000067104,5.550502e+01,2.355257e-01,control_variate,1000,atm_call,6.710e-08
11.1237619281,10000.0,0.000499573,3.380455e+02,1.838425e-01,plain,10000,atm_call,4.996e-08
11.1237619281,5000.0,0.000448306,1.013296e+02,1.423412e-01,antithetic,10000,atm_call,4.483e-08
11.1237619281,10000.0,0.001521037,5.548447e+01,7.448418e-02,control_variate,10000,atm_call,1.521e-07
11.1237619281,100000.0,0.007703379,3.405087e+02,5.835244e-02,plain,100000,atm_call,7.703e-08
11.1237619281,50000.0,0.003862797,1.019128e+02,4.514633e-02,antithetic,100000,atm_call,3.863e-08
11.1237619281,100000.0,0.008736826,5.577039e+01,2.361561e-02,control_variate,100000,atm_call,8.737e-08
8.22683704745,1000.0,0.000207213,1.427284e+02,3.777039e-01,plain,1000,atm_put,2.072e-07
8.22683704745,500.0,0.000041824,3.398157e+01,2.606330e-01,antithetic,1000,atm_put,4.182e-08
8.22683704745,1000.0,0.000169523,5.550502e+01,2.355257e-01,control_variate,1000,atm_put,1.695e-07
8.22683704745,10000.0,0.001782696,1.421806e+02,1.192341e-01,plain,10000,atm_put,1.783e-07
8.22683704745,5000.0,0.000396693,3.368107e+01,8.207008e-02,antithetic,10000,atm_put,3.967e-08
8.22683704745,10000.0,0.001004214,5.548447e+01,7.448418e-02,control_variate,10000,atm_put,1.004e-07
8.22683704745,100000.0,0.008398103,1.422851e+02,3.772058e-02,plain,100000,atm_put,8.398e-08
8.22683704745,50000.0,0.004220432,3.380844e+01,2.600308e-02,antithetic,100000,atm_put,4.220e-08
8.22683704745,100000.0,0.006928058,5.577039e+01,2.361561e-02,control_variate,100000,atm_put,6.928e-08
1.75999268014,1000.0,0.000056173,2.893866e+01,1.697565e-01,plain,1000,otm_call_short,5.617e-08
1.75999268014,500.0,0.000040613,1.301746e+01,1.610827e-01,antithetic,1000,otm_call_short,4.061e-08
1.75999268014,1000.0,0.000073364,1.514570e+01,1.229194e-01,control_variate,1000,otm_call_short,7.336e-08
1.75999268014,10000.0,0.000581662,2.863426e+01,5.349519e-02,plain,10000,otm_call_short,5.817e-08
1.75999268014,5000.0,0.000341327,1.285463e+01,5.069302e-02,antithetic,10000,otm_call_short,3.413e-08
1.75999268014,10000.0,0.000695089,1.506659e+01,3.880846e-02,control_variate,10000,otm_call_short,6.951e-08
1.75999268014,100000.0,0.008834634,2.900294e+01,1.702962e-02,plain,100000,otm_call_short,8.835e-08
1.75999268014,50000.0,0.009588825,1.293664e+01,1.608468e-02,antithetic,100000,otm_call_short,9.589e-08
1.75999268014,100000.0,0.008679628,1.522384e+01,1.233819e-02,control_variate,100000,otm_call_short,8.680e-08
39.5209014789,1000.0,0.000058577,5.785212e+03,2.400928e+00,plain,1000,itm_call_long,5.858e-08
39.5209014789,500.0,0.000035887,1.873923e+03,1.929387e+00,antithetic,1000,itm_call_long,3.589e-08
39.5209014789,1000.0,0.000076345,1.631720e+02,4.038313e-01,control_variate,1000,itm_call_long,7.634e-08
39.5209014789,10000.0,0.000558280,5.735815e+03,7.571390e-01,plain,10000,itm_call_long,5.583e-08
39.5209014789,5000.0,0.000318808,1.857820e+03,6.092785e-01,antithetic,10000,itm_call_long,3.188e-08
39.5209014789,10000.0,0.000627951,1.631886e+02,1.277391e-01,control_variate,10000,itm_call_long,6.280e-08
39.5209014789,100000.0,0.004948277,5.817171e+03,2.411782e-01,plain,100000,itm_call_long,4.948e-08
39.5209014789,50000.0,0.002933685,1.876047e+03,1.936935e-01,antithetic,100000,itm_call_long,2.934e-08
39.5209014789,100000.0,0.005641814,1.638478e+02,4.047787e-02,control_variate,100000,itm_call_long,5.642e-08
