delta,abs_delta,measured_zero_count,cubic_zero_count,quartic_zero_count,quintic_zero_count,cubic_within_tolerance,quartic_within_tolerance,quintic_within_tolerance,cubic_nearest_zero_distance,quartic_nearest_zero_distance,quintic_nearest_zero_distance
-0.3,0.3,0,1,0,0,False,False,False,,,
-0.2,0.2,0,1,0,0,False,False,False,,,
-0.15,0.15,0,1,1,0,False,False,False,,,
-0.1,0.1,1,1,1,3,False,False,False,0.06184337768142578,0.007787410977237431,0.026481028451300605
-0.05,0.05,2,1,1,2,False,True,True,0.014277908960165234,0.0005666792803906539,0.00014131332780951836
-0.02,0.02,2,2,2,2,True,True,True,0.0027280748483932793,3.278316014288917e-05,2.7411863276027675e-06
0.02,0.02,2,2,2,2,True,True,True,0.0016006054503744519,1.7880496035019983e-05,2.670721658891255e-06
0.05,0.05,2,1,1,2,False,True,True,0.011410886539828056,0.0002851767332621505,0.00022906686287201689
0.1,0.1,1,1,1,1,False,True,False,0.05369063731382422,0.00033795408486586576,0.22622793279668776
0.15,0.15,0,1,0,1,False,False,False,,,
0.2,0.2,0,1,0,1,False,False,False,,,
0.3,0.3,0,1,0,1,False,False,False,,,
