scale,delta,vol_move,priced_error,cubic_truncation,quartic_truncation,order_four_piece,residual_after_cubic,residual_after_quartic,residual_ratio_quartic_over_cubic
1,-0.15,0.06,-5320.792368,-4135.867903,-6182.269895,-2046.401992,-1184.924464,861.4775278,-0.7270315989
0.3,-0.045,0.018,-76.33299364,-62.02684532,-78.60270145,-16.57585614,-14.30614832,2.269707811,-0.1586526128
0.1,-0.015,0.006,2.760564089,2.955787535,2.751147336,-0.2046401992,-0.1952234467,0.009416752495,-0.04823576601
0.03,-0.0045,0.0018,0.5745874576,0.5762221442,0.5745645586,-0.001657585614,-0.001634686572,2.289904172e-05,-0.01400821547
0.01,-0.0015,0.0006,0.07385197198,0.07387234192,0.0738518779,-2.046401992e-05,-2.036994488e-05,9.40750379e-08,-0.004618325599
0.003,-0.00045,0.00018,0.00695854649,0.006958712039,0.00695854628,-1.657585613e-07,-1.655493713e-07,2.091900854e-10,-0.001263611476
0.001,-0.00015,6e-05,0.0007830358222,0.0007830378858,0.0007830358394,-2.046401992e-09,-2.063559897e-09,-1.715790465e-11,0.008314711234
1,0.15,-0.06,2847.256564,5711.791334,3665.389342,-2046.401992,-2864.53477,-818.1327784,0.2856075572
0.3,0.045,-0.018,185.0257438,203.8599541,187.284098,-16.57585614,-18.8342103,-2.25835417,0.1199070273
0.1,0.015,-0.006,12.58940133,12.80344677,12.59880657,-0.2046401992,-0.2140454395,-0.009405240274,0.04394039087
0.03,0.0045,-0.0018,0.840428467,0.8421089436,0.840451358,-0.001657585614,-0.001680476543,-2.289092975e-05,0.01362168954
0.01,0.0015,-0.0006,0.08369944297,0.08372000116,0.08369953714,-2.046401992e-05,-2.055818758e-05,-9.416766403e-08,0.004580543087
0.003,0.00045,-0.00018,0.007224432869,0.007224598838,0.00722443308,-1.657585613e-07,-1.65969105e-07,-2.105436017e-10,0.001268571049
0.001,0.00015,-6e-05,0.0007928835296,0.000792885545,0.0007928834986,-2.046401992e-09,-2.015465171e-09,3.093682125e-11,-0.01534971762
1,0.15,0.06,-9953.879488,-11227.25948,-11121.13485,106.124636,1273.379995,1167.255359,0.9166590991
0.3,0.045,0.018,-226.7704861,-231.6843954,-230.8247858,0.8596095513,4.91390933,4.054299778,0.8250660536
0.1,0.015,0.006,-0.9908745382,-1.019886532,-1.009274068,0.0106124636,0.0290119939,0.01839953031,0.6342042663
0.03,0.0045,0.0018,0.6871113424,0.6869791702,0.6870651312,8.596095513e-05,0.0001321721647,4.621120958e-05,0.3496289077
0.01,0.0015,0.0006,0.1010550963,0.101053843,0.1010549042,1.06124636e-06,1.253350729e-06,1.921043691e-07,0.1532726352
0.003,0.00045,0.00018,0.009873623852,0.009873614826,0.009873623423,8.596095512e-09,9.025306924e-09,4.292114112e-10,0.0475564338
0.001,0.00015,6e-05,0.001121791273,0.001121791138,0.001121791244,1.06124636e-10,1.349593872e-10,2.883475121e-11,0.2136550247
1,-0.05,0.03,-160.9869991,-155.8009516,-168.1513328,-12.35038112,-5.186047429,7.16433369,-1.381463203
0.3,-0.015,0.009,9.031418857,9.112522265,9.012484178,-0.1000380871,-0.08110340824,0.01893467882,-0.2334634171
0.1,-0.005,0.003,1.745779067,1.746934471,1.745699433,-0.001235038112,-0.001155404201,7.963391065e-05,-0.06892298865
0.03,-0.0015,0.0009,0.1803489014,0.1803587103,0.1803487065,-1.000380871e-05,-9.808898672e-06,1.949100344e-07,-0.01987073584
0.01,-0.0005,0.0003,0.02077416609,0.0207742887,0.02077416519,-1.235038112e-07,-1.226129188e-07,8.908924223e-10,-0.007265893605
0.003,-0.00015,9e-05,0.001892819582,0.001892820591,0.00189281959,-1.000380871e-09,-1.008782543e-09,-8.401672153e-12,0.008328526513
0.001,-5e-05,3e-05,0.0002110479019,0.000211047831,0.0002110478186,-1.235038111e-11,7.090867639e-11,8.32590575e-11,1.174173059
