delta,measured_zeros,cubic_zeros,quartic_zeros,measured_zero_count,cubic_zero_count,quartic_zero_count,cubic_nearest_zero_distance,quartic_nearest_zero_distance,cubic_nearest_predicted_zero,quartic_nearest_predicted_zero,priced_error_at_nearest_measured_zero
-0.3,-0.03778288495,0.05563463947,-0.005508200888,1,1,1,0.09341752442,0.03227468406,0.05563463947|-0.03778288495,-0.005508200888|-0.03778288495,1.018634066e-10
-0.2,0.002539875849,0.03739861229,0.008019225982,1,1,1,0.03485873644,0.005479350133,0.03739861229|0.002539875849,0.008019225982|0.002539875849,1.455191523e-11
-0.15,0.009418147087,0.02829115538,0.01103901549,1,1,1,0.0188730083,0.001620868408,0.02829115538|0.009418147087,0.01103901549|0.009418147087,4.365574569e-11
-0.1,0.01077826533,0.01920737867,0.01105664078,1,1,1,0.008429113339,0.0002783754541,0.01920737867|0.01077826533,0.01105664078|0.01077826533,4.365574569e-11
-0.05,0.007819063449|0.06768111585,0.01025172812,0.007819453716|0.06885633739,2,1,2,0.002432664674,3.902672306e-07,0.01025172812|0.007819063449,0.007819453716|0.007819063449,8.367351256e-11
-0.02,,,,0,0,0,,,,,
0.02,-0.003307272078|0.0110370805,-0.003111423171|0.01121875535,-0.003307679996|0.0110606705,2,2,2,0.0001816748503,4.079183926e-07,0.01121875535|0.0110370805,-0.003307679996|-0.003307272078,1.091393642e-11
0.05,-0.009945280185|0.06270788854,-0.008448664949|0.08742452589|0.1753918525,-0.009933783496|0.06177539819,2,3,2,0.001496615236,1.149668884e-05,-0.008448664949|-0.009945280185,-0.009933783496|-0.009945280185,1.455191523e-11
0.1,-0.02416634514,-0.0175079707,-0.0238803699|0.163604413,1,1,2,0.006658374439,0.0002859752398,-0.0175079707|-0.02416634514,-0.0238803699|-0.02416634514,5.820766091e-11
0.15,-0.04268199121,-0.02660887235,-0.04108629408,1,1,1,0.01607311885,0.001595697123,-0.02660887235|-0.04268199121,-0.04108629408|-0.04268199121,5.820766091e-11
0.2,-0.06659599539,-0.03572219079,-0.06117641777,1,1,1,0.0308738046,0.005419577615,-0.03572219079|-0.06659599539,-0.06117641777|-0.06659599539,8.731149137e-11
0.3,,-0.05396236413,,0,1,0,,,,,
